datetime,open,high,low,close,volume
2012-12-03,2.168,2.18,2.143,2.145,3061587
2012-12-04,2.14,2.166,2.138,2.162,3993001
2012-12-05,2.161,2.252,2.158,2.238,6195196
2012-12-06,2.239,2.246,2.226,2.235,4236821
2012-12-07,2.235,2.287,2.233,2.28,5774856
2012-12-10,2.293,2.307,2.285,2.301,4975709
2012-12-11,2.292,2.306,2.288,2.294,3256954
2012-12-12,2.296,2.306,2.286,2.299,4694800
2012-12-13,2.29,2.297,2.279,2.281,3332027
2012-12-14,2.279,2.4,2.279,2.396,5740476
2012-12-17,2.398,2.408,2.392,2.403,4750982
2012-12-18,2.403,2.44,2.383,2.399,4463114
2012-12-19,2.398,2.42,2.393,2.405,3245530
2012-12-20,2.397,2.431,2.385,2.421,4912790
2012-12-21,2.429,2.446,2.399,2.411,4193594
2012-12-24,2.41,2.431,2.405,2.413,5083168
2012-12-25,2.405,2.492,2.401,2.479,4771782
2012-12-26,2.475,2.488,2.474,2.486,3720030
2012-12-27,2.498,2.514,2.48,2.481,4017303
2012-12-28,2.488,2.519,2.481,2.517,5157085
2012-12-31,2.525,2.562,2.525,2.557,7702944
2013-01-04,2.587,2.593,2.532,2.563,5364708
2013-01-07,2.555,2.577,2.549,2.567,4148280
2013-01-08,2.566,2.572,2.536,2.556,4000972
2013-01-09,2.552,2.567,2.537,2.554,4399883
2013-01-10,2.555,2.586,2.543,2.56,4556251
2013-01-11,2.567,2.573,2.511,2.522,5847044
2013-01-14,2.522,2.621,2.515,2.61,7471833
2013-01-15,2.612,2.636,2.611,2.625,4902077
2013-01-16,2.624,2.629,2.569,2.606,4960657
2013-01-17,2.602,2.607,2.57,2.59,4390935
2013-01-18,2.606,2.643,2.585,2.628,4614400
2013-01-21,2.633,2.642,2.613,2.637,4112879
2013-01-22,2.632,2.649,2.61,2.633,7695142
2013-01-23,2.632,2.643,2.613,2.638,4179259
2013-01-24,2.638,2.699,2.601,2.621,7873514
2013-01-25,2.621,2.624,2.606,2.609,5722447
2013-01-28,2.616,2.68,2.616,2.679,5635544
2013-01-29,2.682,2.712,2.678,2.699,7826804
2013-01-30,2.706,2.716,2.694,2.714,5385049
2013-01-31,2.725,2.73,2.703,2.721,6927571
2013-02-01,2.712,2.778,2.704,2.773,5398153
2013-02-04,2.781,2.796,2.765,2.778,4247564
2013-02-05,2.765,2.813,2.763,2.798,7356517
2013-02-06,2.8,2.813,2.797,2.806,4626880
2013-02-07,2.803,2.806,2.758,2.793,6087426
2013-02-08,2.8,2.82,2.782,2.802,6296267
2013-02-18,2.808,2.811,2.755,2.761,6967875
2013-02-19,2.763,2.768,2.704,2.717,5411521
2013-02-20,2.718,2.73,2.701,2.729,4610177
2013-02-21,2.703,2.703,2.609,2.633,7321565
2013-02-22,2.636,2.644,2.62,2.625,4107547
2013-02-25,2.632,2.659,2.615,2.629,5475510
2013-02-26,2.613,2.658,2.586,2.591,7929724
2013-02-27,2.602,2.643,2.598,2.615,4683231
2013-02-28,2.639,2.706,2.623,2.702,6133326
2013-03-01,2.702,2.71,2.652,2.699,4276796
2013-03-04,2.665,2.667,2.56,2.573,7400084
2013-03-05,2.578,2.649,2.574,2.646,5414035
2013-03-06,2.664,2.691,2.647,2.674,5958096
2013-03-07,2.663,2.683,2.617,2.642,7909465
2013-03-08,2.658,2.662,2.631,2.638,5495201
2013-03-11,2.62,2.64,2.6,2.62,3553997
2013-03-12,2.62,2.648,2.558,2.583,5303136
2013-03-13,2.579,2.582,2.542,2.555,4421042
2013-03-14,2.542,2.575,2.538,2.56,4439763
2013-03-15,2.566,2.637,2.533,2.562,5027988
2013-03-18,2.555,2.577,2.533,2.535,4252109
2013-03-19,2.539,2.565,2.523,2.557,4337150
2013-03-20,2.558,2.636,2.558,2.634,5888569
2013-03-21,2.64,2.655,2.629,2.641,3606871
2013-03-22,2.642,2.657,2.631,2.648,3630828
2013-03-25,2.658,2.671,2.633,2.644,3428520
2013-03-26,2.631,2.636,2.578,2.601,5746422
2013-03-27,2.603,2.642,2.592,2.607,4445452
2013-03-28,2.57,2.57,2.523,2.527,4066694
2013-03-29,2.535,2.54,2.513,2.52,3232432
2013-04-01,2.511,2.538,2.51,2.516,3309091
2013-04-02,2.522,2.556,2.503,2.52,3725639
2013-04-03,2.528,2.542,2.505,2.515,3168156
2013-04-08,2.483,2.507,2.466,2.503,3319436
2013-04-09,2.51,2.542,2.51,2.518,4870229
2013-04-10,2.518,2.524,2.502,2.518,2322471
2013-04-11,2.541,2.545,2.506,2.507,2170251
2013-04-12,2.509,2.518,2.496,2.499,2090345
2013-04-15,2.493,2.498,2.466,2.474,2735599
2013-04-16,2.462,2.493,2.454,2.489,4082437
2013-04-17,2.488,2.497,2.472,2.495,4156771
2013-04-18,2.472,2.519,2.471,2.5,4113052
2013-04-19,2.504,2.581,2.503,2.57,5905395
2013-04-22,2.568,2.575,2.553,2.562,2310741
2013-04-23,2.562,2.562,2.48,2.485,3106698
2013-04-24,2.486,2.547,2.48,2.527,3133921
2013-04-25,2.516,2.542,2.488,2.501,2978325
2013-04-26,2.512,2.521,2.467,2.478,1865288
2013-05-02,2.46,2.483,2.451,2.48,2140703
2013-05-03,2.491,2.557,2.486,2.524,3344748
2013-05-06,2.533,2.566,2.532,2.553,2359821
2013-05-07,2.551,2.571,2.536,2.559,2855263
2013-05-08,2.576,2.6,2.564,2.575,2997252
2013-05-09,2.571,2.577,2.541,2.562,1895550
2013-05-10,2.551,2.58,2.55,2.572,2832553
2013-05-13,2.574,2.582,2.546,2.562,1987403
2013-05-14,2.557,2.561,2.506,2.525,2646563
2013-05-15,2.526,2.538,2.523,2.537,1927893
2013-05-16,2.532,2.589,2.52,2.588,4129315
2013-05-17,2.588,2.636,2.58,2.632,4774812
2013-05-20,2.639,2.665,2.629,2.647,2825608
2013-05-21,2.648,2.652,2.632,2.647,2034481
2013-05-22,2.65,2.663,2.64,2.65,1936316
2013-05-23,2.634,2.661,2.612,2.622,2900757
2013-05-24,2.633,2.651,2.604,2.636,4073633
2013-05-27,2.63,2.645,2.62,2.63,2916020
2013-05-28,2.631,2.685,2.619,2.684,3491583
2013-05-29,2.69,2.7,2.674,2.675,3895438
2013-05-30,2.675,2.68,2.656,2.668,5674700
2013-05-31,2.669,2.678,2.633,2.638,5440864
2013-06-03,2.642,2.665,2.635,2.643,3199072
2013-06-04,2.64,2.641,2.597,2.605,4436294
2013-06-05,2.604,2.61,2.589,2.598,2254500
2013-06-06,2.59,2.601,2.571,2.573,2638059
2013-06-07,2.574,2.581,2.515,2.527,3947621
2013-06-13,2.49,2.49,2.424,2.45,6174688
2013-06-14,2.457,2.474,2.444,2.467,3912454
2013-06-17,2.476,2.48,2.448,2.452,3077433
2013-06-18,2.458,2.475,2.441,2.468,3738954
2013-06-19,2.458,2.458,2.417,2.454,2864450
2013-06-20,2.438,2.44,2.373,2.378,3712645
2013-06-21,2.339,2.381,2.327,2.367,3579532
2013-06-24,2.354,2.356,2.216,2.224,7667555
2013-06-25,2.198,2.227,2.073,2.225,9678250
2013-06-26,2.225,2.232,2.185,2.22,5090009
2013-06-27,2.235,2.258,2.215,2.221,4750804
2013-06-28,2.239,2.295,2.203,2.261,4976380
2013-07-01,2.237,2.275,2.223,2.27,2225312
2013-07-02,2.269,2.283,2.247,2.277,4514809
2013-07-03,2.271,2.273,2.229,2.272,3017411
2013-07-04,2.255,2.313,2.241,2.288,2991885
2013-07-05,2.293,2.319,2.287,2.296,1874797
2013-07-08,2.265,2.275,2.229,2.235,1660163
2013-07-09,2.233,2.244,2.222,2.23,4259904
2013-07-10,2.23,2.292,2.224,2.291,2528365
2013-07-11,2.313,2.444,2.308,2.404,4163259
2013-07-12,2.401,2.41,2.344,2.345,5941638
2013-07-15,2.36,2.415,2.348,2.378,4048451
2013-07-16,2.369,2.393,2.352,2.392,4723110
2013-07-17,2.385,2.404,2.353,2.357,3068787
2013-07-18,2.349,2.356,2.311,2.321,3601864
2013-07-19,2.322,2.335,2.257,2.258,4124884
2013-07-22,2.233,2.278,2.215,2.272,3737520
2013-07-23,2.28,2.359,2.28,2.342,3892940
2013-07-24,2.338,2.34,2.29,2.325,3726980
2013-07-25,2.338,2.353,2.304,2.319,3240231
2013-07-26,2.303,2.317,2.284,2.298,2351805
2013-07-29,2.278,2.278,2.248,2.254,3077218
2013-07-30,2.271,2.304,2.245,2.267,2436356
2013-07-31,2.286,2.319,2.265,2.272,2474481
2013-08-01,2.293,2.332,2.282,2.331,3144440
2013-08-02,2.356,2.362,2.322,2.327,2824116
2013-08-05,2.333,2.362,2.32,2.36,2275330
2013-08-06,2.349,2.388,2.333,2.375,3002481
2013-08-07,2.373,2.398,2.354,2.359,2567650
2013-08-08,2.36,2.383,2.348,2.36,3007779
2013-08-09,2.371,2.386,2.335,2.37,2875775
2013-08-12,2.392,2.442,2.377,2.44,5206173
2013-08-13,2.439,2.443,2.423,2.44,3349544
2013-08-14,2.444,2.473,2.423,2.435,3988344
2013-08-15,2.433,2.444,2.402,2.407,2973782
2013-08-16,2.4,2.488,2.375,2.39,6019936
2013-08-19,2.381,2.426,2.367,2.41,3923918
2013-08-20,2.408,2.435,2.383,2.393,4416316
2013-08-21,2.403,2.409,2.37,2.393,2680074
2013-08-22,2.388,2.415,2.382,2.385,3156206
2013-08-23,2.398,2.406,2.334,2.37,4276943
2013-08-26,2.375,2.423,2.367,2.422,4385999
2013-08-27,2.417,2.428,2.402,2.422,4062535
2013-08-28,2.405,2.43,2.386,2.411,3317215
2013-08-29,2.423,2.427,2.389,2.404,2969749
2013-08-30,2.398,2.417,2.383,2.4,3279187
2013-09-02,2.405,2.413,2.383,2.402,3840558
2013-09-03,2.408,2.438,2.407,2.438,3079873
2013-09-04,2.434,2.44,2.43,2.437,3695618
2013-09-05,2.436,2.436,2.418,2.427,2763757
2013-09-06,2.422,2.445,2.422,2.441,3928210
2013-09-09,2.452,2.536,2.452,2.53,4642993
2013-09-10,2.53,2.568,2.525,2.563,3997592
2013-09-11,2.578,2.588,2.563,2.574,3801874
2013-09-12,2.571,2.618,2.562,2.599,4560583
2013-09-13,2.595,2.603,2.572,2.58,2681878
2013-09-16,2.593,2.596,2.557,2.567,3715188
2013-09-17,2.566,2.568,2.515,2.517,3053841
2013-09-18,2.517,2.524,2.493,2.52,2512068
2013-09-23,2.524,2.562,2.524,2.555,3926610
2013-09-24,2.555,2.555,2.503,2.531,3125181
2013-09-25,2.529,2.542,2.513,2.516,2211583
2013-09-26,2.507,2.509,2.47,2.475,2794751
2013-09-27,2.471,2.488,2.468,2.484,2248897
2013-09-30,2.491,2.52,2.485,2.5,2088411
2013-10-08,2.475,2.537,2.475,2.535,3137911
2013-10-09,2.523,2.538,2.517,2.538,2725498
2013-10-10,2.542,2.543,2.511,2.516,2755380
2013-10-11,2.527,2.562,2.525,2.556,3498972
2013-10-14,2.561,2.567,2.549,2.557,3536379
2013-10-15,2.561,2.563,2.535,2.554,2412414
2013-10-16,2.544,2.547,2.5,2.51,2719204
2013-10-17,2.522,2.526,2.496,2.497,1984921
2013-10-18,2.498,2.521,2.496,2.509,2550712
2013-10-21,2.514,2.565,2.506,2.562,3419880
2013-10-22,2.561,2.561,2.525,2.534,2876841
2013-10-23,2.537,2.563,2.499,2.507,3043315
2013-10-24,2.504,2.51,2.483,2.487,2305748
2013-10-25,2.488,2.497,2.434,2.448,2488843
2013-10-28,2.456,2.463,2.438,2.451,2092770
2013-10-29,2.455,2.492,2.415,2.454,4750693
2013-10-30,2.457,2.49,2.449,2.488,3245841
2013-10-31,2.482,2.482,2.455,2.464,1753139
2013-11-01,2.466,2.483,2.454,2.474,2826248
2013-11-04,2.484,2.494,2.461,2.467,2000608
2013-11-05,2.458,2.472,2.43,2.467,2825304
2013-11-06,2.459,2.468,2.435,2.439,2289483
2013-11-07,2.439,2.441,2.416,2.429,2052678
2013-11-08,2.422,2.429,2.388,2.393,2656414
2013-11-11,2.39,2.405,2.376,2.396,2122233
2013-11-12,2.404,2.426,2.398,2.42,2565125
2013-11-13,2.408,2.408,2.374,2.375,2478247
2013-11-14,2.375,2.385,2.365,2.382,2382376
2013-11-15,2.392,2.462,2.39,2.431,5462143
2013-11-18,2.45,2.511,2.441,2.51,3787733
2013-11-19,2.506,2.512,2.494,2.499,2654410
2013-11-20,2.517,2.523,2.491,2.51,3702883
2013-11-21,2.499,2.504,2.471,2.498,3391181
2013-11-22,2.501,2.508,2.478,2.484,3555561
2013-11-25,2.471,2.505,2.463,2.471,3914382
2013-11-26,2.472,2.483,2.462,2.47,2609522
2013-11-27,2.469,2.512,2.464,2.498,4380608
2013-11-28,2.505,2.55,2.503,2.524,4348594
2013-11-29,2.527,2.533,2.518,2.526,2455759
2013-12-02,2.517,2.549,2.482,2.503,5338790
2013-12-03,2.499,2.534,2.495,2.525,3994628
2013-12-04,2.529,2.572,2.523,2.557,5593421
2013-12-05,2.558,2.564,2.548,2.557,3567310
2013-12-06,2.552,2.554,2.532,2.54,4617587
2013-12-09,2.551,2.558,2.533,2.539,3990466
2013-12-10,2.541,2.552,2.532,2.538,3323144
2013-12-11,2.526,2.526,2.484,2.499,4144818
2013-12-12,2.498,2.506,2.491,2.494,2974763
2013-12-13,2.472,2.504,2.466,2.493,3112770
2013-12-16,2.495,2.499,2.45,2.453,3608669
2013-12-17,2.453,2.455,2.434,2.438,3966720
2013-12-18,2.44,2.45,2.436,2.44,3015111
2013-12-19,2.447,2.452,2.416,2.417,4290504
2013-12-20,2.419,2.42,2.36,2.366,4594766
2013-12-23,2.366,2.378,2.34,2.366,2598023
2013-12-24,2.374,2.397,2.346,2.369,2634764
2013-12-25,2.373,2.39,2.363,2.381,3246848
2013-12-26,2.378,2.38,2.342,2.349,1922186
2013-12-27,2.35,2.399,2.349,2.38,3564712
2013-12-30,2.393,2.393,2.372,2.382,1999413
2013-12-31,2.368,2.412,2.363,2.409,3527364
2014-01-02,2.402,2.408,2.389,2.401,1877798
2014-01-03,2.391,2.393,2.359,2.375,4404445
2014-01-06,2.368,2.368,2.313,2.319,4834089
2014-01-07,2.303,2.328,2.298,2.32,1525888
2014-01-08,2.32,2.342,2.305,2.318,2050543
2014-01-09,2.313,2.339,2.302,2.304,3371288
2014-01-10,2.302,2.306,2.282,2.288,3701782
2014-01-13,2.288,2.301,2.263,2.272,4884821
2014-01-14,2.272,2.294,2.258,2.287,2509260
2014-01-15,2.286,2.29,2.268,2.287,3339884
2014-01-16,2.283,2.304,2.277,2.288,2001024
2014-01-17,2.281,2.285,2.255,2.256,2523920
2014-01-20,2.255,2.259,2.234,2.245,2296622
2014-01-21,2.251,2.276,2.248,2.263,2902638
2014-01-22,2.266,2.324,2.265,2.323,3794402
2014-01-23,2.32,2.323,2.306,2.311,2536862
2014-01-24,2.303,2.336,2.301,2.323,2700643
2014-01-27,2.307,2.309,2.286,2.294,2731128
2014-01-28,2.301,2.313,2.283,2.296,2401396
2014-01-29,2.302,2.307,2.296,2.303,1701588
2014-01-30,2.299,2.303,2.271,2.272,2744495
2014-02-07,2.254,2.287,2.25,2.286,3417278
2014-02-10,2.296,2.352,2.296,2.35,6386221
2014-02-11,2.346,2.371,2.338,2.361,2883879
2014-02-12,2.362,2.371,2.354,2.365,2525285
2014-02-13,2.36,2.379,2.356,2.359,2815558
2014-02-14,2.361,2.368,2.354,2.367,1647132
2014-02-17,2.389,2.393,2.37,2.383,1971994
2014-02-18,2.384,2.384,2.35,2.356,2936986
2014-02-19,2.354,2.393,2.351,2.386,3371678
2014-02-20,2.391,2.408,2.364,2.366,2017749
2014-02-21,2.365,2.37,2.33,2.34,2603374
2014-02-24,2.311,2.317,2.269,2.289,2691036
2014-02-25,2.29,2.3,2.228,2.232,3435203
2014-02-26,2.222,2.237,2.214,2.235,4173650
2014-02-27,2.241,2.251,2.228,2.23,3264827
2014-02-28,2.229,2.259,2.205,2.252,3394212
2014-03-03,2.249,2.271,2.24,2.26,2663613
2014-03-04,2.255,2.26,2.239,2.255,1879749
2014-03-05,2.261,2.264,2.233,2.236,3938170
2014-03-06,2.234,2.254,2.21,2.247,4127699
2014-03-07,2.246,2.261,2.236,2.24,2439540
2014-03-10,2.22,2.22,2.17,2.173,2703462
2014-03-11,2.172,2.199,2.165,2.182,2862877
2014-03-12,2.174,2.203,2.17,2.184,2646605
2014-03-13,2.192,2.222,2.187,2.217,2247718
2014-03-14,2.202,2.212,2.189,2.199,1126163
2014-03-17,2.216,2.22,2.196,2.215,1372905
2014-03-18,2.217,2.226,2.211,2.213,946710
2014-03-19,2.206,2.206,2.179,2.2,1518428
2014-03-20,2.2,2.214,2.162,2.163,2852527
2014-03-21,2.161,2.243,2.154,2.24,4046808
2014-03-24,2.237,2.261,2.225,2.25,3081318
2014-03-25,2.243,2.269,2.239,2.247,2641547
2014-03-26,2.254,2.259,2.24,2.247,1587733
2014-03-27,2.241,2.263,2.221,2.232,3566803
2014-03-28,2.232,2.248,2.22,2.231,2004820
2014-03-31,2.236,2.244,2.207,2.222,2376536
2014-04-01,2.22,2.25,2.216,2.234,1706957
2014-04-02,2.237,2.257,2.235,2.251,1623972
2014-04-03,2.261,2.27,2.235,2.236,3269472
2014-04-04,2.233,2.262,2.229,2.262,1885588
2014-04-08,2.256,2.321,2.253,2.314,3717931
2014-04-09,2.318,2.322,2.304,2.31,2688657
2014-04-10,2.314,2.368,2.301,2.346,4754513
2014-04-11,2.349,2.356,2.334,2.345,3067077
2014-04-14,2.345,2.351,2.332,2.344,2134908
2014-04-15,2.334,2.334,2.299,2.304,2262151
2014-04-16,2.304,2.322,2.294,2.304,3070273
2014-04-17,2.31,2.316,2.295,2.3,1966074
2014-04-18,2.29,2.305,2.272,2.296,3439956
2014-04-21,2.281,2.306,2.255,2.256,3798473
2014-04-22,2.256,2.273,2.239,2.271,4551194
2014-04-23,2.262,2.275,2.258,2.265,3426668
2014-04-24,2.265,2.284,2.262,2.269,3374684
2014-04-25,2.274,2.276,2.241,2.242,4353856
2014-04-28,2.241,2.248,2.21,2.212,5070554
2014-04-29,2.212,2.236,2.209,2.231,4387669
2014-04-30,2.229,2.235,2.224,2.23,2976964
2014-05-05,2.223,2.24,2.202,2.231,4780497
2014-05-06,2.229,2.25,2.221,2.228,4025843
2014-05-07,2.223,2.228,2.212,2.214,2808435
2014-05-08,2.211,2.248,2.207,2.21,3038288
2014-05-09,2.217,2.22,2.198,2.209,3148898
2014-05-12,2.223,2.259,2.215,2.252,3896263
2014-05-13,2.252,2.257,2.24,2.246,2396768
2014-05-14,2.247,2.259,2.244,2.246,2676013
2014-05-15,2.245,2.247,2.222,2.222,3704600
2014-05-16,2.221,2.23,2.212,2.221,5072993
2014-05-19,2.217,2.217,2.182,2.192,5314496
2014-05-20,2.201,2.209,2.186,2.19,2911719
2014-05-21,2.185,2.215,2.173,2.21,5292158
2014-05-22,2.211,2.241,2.203,2.204,4562228
2014-05-23,2.208,2.23,2.206,2.228,3598523
2014-05-26,2.24,2.251,2.223,2.235,4659010
2014-05-27,2.233,2.241,2.225,2.228,3877246
2014-05-28,2.229,2.251,2.218,2.25,4454643
2014-05-29,2.253,2.258,2.237,2.237,3954069
2014-05-30,2.237,2.248,2.227,2.235,4536524
2014-06-03,2.238,2.247,2.228,2.228,3880031
2014-06-04,2.228,2.228,2.199,2.209,4080484
2014-06-05,2.209,2.235,2.207,2.234,4302067
2014-06-06,2.232,2.233,2.202,2.216,4490880
2014-06-09,2.21,2.238,2.206,2.214,4674115
2014-06-10,2.223,2.244,2.215,2.243,6639837
2014-06-11,2.239,2.243,2.231,2.239,3218440
2014-06-12,2.234,2.244,2.232,2.237,2515414
2014-06-13,2.236,2.269,2.234,2.261,6213266
2014-06-16,2.262,2.284,2.261,2.275,6881177
2014-06-17,2.27,2.27,2.257,2.257,6756315
2014-06-18,2.257,2.262,2.246,2.247,7097537
2014-06-19,2.248,2.253,2.208,2.216,6884162
2014-06-20,2.217,2.228,2.213,2.224,6533089
2014-06-23,2.226,2.238,2.22,2.221,5523417
2014-06-24,2.221,2.24,2.221,2.239,4436853
2014-06-25,2.237,2.237,2.221,2.232,3202632
2014-06-26,2.233,2.248,2.233,2.242,4077076
2014-06-27,2.238,2.26,2.234,2.246,4702265
2014-06-30,2.252,2.268,2.252,2.26,5286536
2014-07-01,2.269,2.271,2.253,2.261,2669586
2014-07-02,2.262,2.271,2.253,2.271,3432223
2014-07-03,2.271,2.287,2.266,2.279,3632747
2014-07-04,2.279,2.283,2.272,2.279,3259943
2014-07-07,2.277,2.286,2.271,2.277,3058048
2014-07-08,2.272,2.28,2.265,2.28,3291169
2014-07-09,2.279,2.281,2.25,2.252,3637034
2014-07-10,2.253,2.256,2.245,2.25,3337757
2014-07-11,2.25,2.266,2.248,2.256,3890224
2014-07-14,2.261,2.287,2.256,2.286,5707724
2014-07-15,2.282,2.286,2.277,2.283,3536153
2014-07-16,2.284,2.294,2.281,2.282,4748280
2014-07-17,2.282,2.283,2.264,2.273,3624174
2014-07-18,2.27,2.294,2.268,2.284,3685581
2014-07-21,2.284,2.288,2.276,2.283,3228193
2014-07-22,2.281,2.319,2.277,2.309,6256008
2014-07-23,2.31,2.329,2.307,2.313,5186599
2014-07-24,2.318,2.362,2.318,2.361,5738975
2014-07-25,2.366,2.389,2.361,2.387,4877040
2014-07-28,2.391,2.462,2.391,2.449,8375148
2014-07-29,2.45,2.469,2.44,2.455,4265831
2014-07-30,2.445,2.465,2.444,2.447,6079403
2014-07-31,2.447,2.48,2.442,2.479,4861900
2014-08-01,2.473,2.501,2.449,2.45,7790078
2014-08-04,2.461,2.503,2.459,2.501,6360272
2014-08-05,2.502,2.504,2.478,2.494,6128305
2014-08-06,2.477,2.492,2.456,2.479,6313655
2014-08-07,2.486,2.489,2.45,2.453,5575379
2014-08-08,2.454,2.466,2.446,2.454,4976759
2014-08-11,2.465,2.493,2.459,2.487,4944974
2014-08-12,2.481,2.481,2.466,2.477,5253016
2014-08-13,2.483,2.493,2.459,2.484,5660160
2014-08-14,2.482,2.487,2.455,2.455,5364937
2014-08-15,2.459,2.496,2.457,2.485,5759062
2014-08-18,2.487,2.503,2.482,2.493,6385632
2014-08-19,2.497,2.499,2.478,2.495,4951745
2014-08-20,2.494,2.498,2.483,2.486,5345229
2014-08-21,2.486,2.489,2.462,2.477,5065404
2014-08-22,2.476,2.493,2.474,2.489,4913120
2014-08-25,2.492,2.493,2.463,2.468,4375768
2014-08-26,2.461,2.474,2.443,2.453,4553470
2014-08-27,2.451,2.46,2.449,2.452,4512459
2014-08-28,2.453,2.457,2.438,2.441,5478510
2014-08-29,2.441,2.466,2.441,2.464,4426938
2014-09-01,2.464,2.477,2.461,2.475,5255470
2014-09-02,2.477,2.517,2.471,2.511,7328856
2014-09-03,2.518,2.542,2.517,2.534,5170651
2014-09-04,2.537,2.558,2.531,2.557,4312598
2014-09-05,2.565,2.585,2.558,2.581,6407412
2014-09-09,2.582,2.583,2.566,2.575,3962326
2014-09-10,2.558,2.562,2.547,2.559,5310511
2014-09-11,2.559,2.595,2.538,2.545,7222658
2014-09-12,2.545,2.565,2.536,2.565,5116386
2014-09-15,2.551,2.563,2.542,2.558,6564734
2014-09-16,2.567,2.571,2.512,2.515,6259853
2014-09-17,2.526,2.53,2.509,2.523,5165644
2014-09-18,2.521,2.538,2.513,2.533,8462794
2014-09-19,2.533,2.561,2.53,2.553,7218657
2014-09-22,2.545,2.545,2.497,2.501,6310352
2014-09-23,2.504,2.53,2.504,2.526,6642956
2014-09-24,2.516,2.578,2.509,2.573,10530459
2014-09-25,2.581,2.595,2.553,2.56,11766577
2014-09-26,2.56,2.567,2.543,2.561,7014042
2014-09-29,2.56,2.574,2.556,2.572,7302410
2014-09-30,2.571,2.58,2.563,2.572,5853169
2014-10-08,2.579,2.601,2.565,2.599,8155297
2014-10-09,2.603,2.61,2.586,2.6,6124161
2014-10-10,2.587,2.602,2.578,2.588,6974428
2014-10-13,2.577,2.58,2.548,2.574,6893526
2014-10-14,2.572,2.586,2.559,2.565,7137541
2014-10-15,2.564,2.586,2.552,2.581,5035691
2014-10-16,2.57,2.6,2.562,2.572,5907808
2014-10-17,2.572,2.578,2.537,2.561,7260138
2014-10-20,2.566,2.573,2.56,2.572,5267684
2014-10-21,2.572,2.579,2.554,2.556,5479022
2014-10-22,2.556,2.567,2.541,2.542,6098877
2014-10-23,2.541,2.546,2.515,2.516,7750312
2014-10-24,2.517,2.525,2.511,2.514,5816380
2014-10-27,2.504,2.504,2.481,2.491,6444636
2014-10-28,2.496,2.54,2.494,2.539,7081639
2014-10-29,2.544,2.585,2.536,2.57,9098717
2014-10-30,2.57,2.591,2.565,2.585,8426431
2014-10-31,2.592,2.638,2.59,2.635,7323907
2014-11-03,2.636,2.642,2.623,2.63,6135851
2014-11-04,2.624,2.633,2.619,2.628,5776701
2014-11-05,2.635,2.641,2.618,2.625,5502652
2014-11-06,2.628,2.633,2.602,2.626,7252257
2014-11-07,2.627,2.663,2.608,2.621,8261054
2014-11-10,2.632,2.693,2.631,2.692,6772235
2014-11-11,2.696,2.719,2.655,2.675,8693651
2014-11-12,2.672,2.714,2.664,2.713,5575938
2014-11-13,2.712,2.721,2.689,2.698,11701384
2014-11-14,2.691,2.701,2.678,2.701,5247876
2014-11-17,2.731,2.738,2.69,2.69,6877928
2014-11-18,2.689,2.689,2.656,2.662,5918561
2014-11-19,2.661,2.667,2.648,2.654,6915317
2014-11-20,2.647,2.663,2.636,2.658,5993678
2014-11-21,2.658,2.71,2.649,2.707,10309708
2014-11-24,2.731,2.801,2.727,2.782,13277667
2014-11-25,2.778,2.815,2.773,2.81,12741722
2014-11-26,2.814,2.841,2.814,2.84,11842240
2014-11-27,2.848,2.867,2.837,2.865,14180400
2014-11-28,2.856,2.951,2.854,2.931,13651346
2014-12-01,2.94,2.96,2.926,2.934,8192861
2014-12-02,2.931,3.081,2.919,3.047,14079459
2014-12-03,3.055,3.147,3.032,3.079,18562140
2014-12-04,3.11,3.264,3.089,3.261,17863904
2014-12-05,3.271,3.321,3.14,3.242,19759233
2014-12-08,3.216,3.404,3.19,3.394,16625138
2014-12-09,3.342,3.516,3.081,3.211,16196281
2014-12-10,3.277,3.355,3.174,3.324,23570021
2014-12-11,3.281,3.358,3.256,3.289,19211225
2014-12-12,3.306,3.358,3.276,3.299,13442354
2014-12-15,3.299,3.349,3.258,3.336,11291792
2014-12-16,3.334,3.419,3.321,3.412,16418865
2014-12-17,3.425,3.476,3.39,3.469,20043031
2014-12-18,3.471,3.515,3.445,3.465,22410690
2014-12-19,3.468,3.524,3.392,3.515,21429541
2014-12-22,3.515,3.563,3.48,3.491,18691136
2014-12-23,3.466,3.535,3.412,3.422,19073574
2014-12-24,3.422,3.449,3.283,3.329,20900444
2014-12-25,3.349,3.451,3.344,3.447,17610132
2014-12-26,3.449,3.586,3.441,3.578,17964518
2014-12-29,3.651,3.676,3.508,3.561,24745094
2014-12-30,3.564,3.608,3.531,3.561,13477504
2014-12-31,3.569,3.666,3.565,3.655,14748614
2015-01-05,3.685,3.816,3.67,3.769,30758984
2015-01-06,3.746,3.789,3.693,3.744,16023424
2015-01-07,3.726,3.771,3.706,3.743,17043222
2015-01-08,3.753,3.763,3.651,3.663,12361366
2015-01-09,3.653,3.806,3.623,3.637,20780563
2015-01-12,3.638,3.661,3.568,3.626,13826505
2015-01-13,3.623,3.657,3.593,3.619,9697401
2015-01-14,3.626,3.654,3.571,3.611,9631631
2015-01-15,3.611,3.717,3.585,3.711,13119280
2015-01-16,3.724,3.766,3.714,3.743,13133958
2015-01-19,3.55,3.58,3.377,3.377,12765273
2015-01-20,3.426,3.53,3.418,3.498,17005137
2015-01-21,3.51,3.672,3.507,3.653,13881856
2015-01-22,3.659,3.684,3.617,3.659,9941913
2015-01-23,3.684,3.729,3.646,3.676,9745623
2015-01-26,3.696,3.716,3.658,3.71,8802065
2015-01-27,3.718,3.723,3.602,3.674,12312450
2015-01-28,3.647,3.686,3.605,3.617,9584009
2015-01-29,3.571,3.604,3.548,3.58,9530566
2015-01-30,3.6,3.619,3.522,3.537,11179817
2015-02-02,3.476,3.515,3.449,3.46,8583404
2015-02-03,3.499,3.551,3.469,3.539,8725037
2015-02-04,3.555,3.586,3.496,3.5,10930569
2015-02-05,3.591,3.596,3.456,3.46,14647722
2015-02-06,3.46,3.477,3.385,3.41,13323766
2015-02-09,3.41,3.486,3.406,3.448,12518566
2015-02-10,3.452,3.517,3.449,3.515,13935346
2015-02-11,3.519,3.551,3.518,3.537,11911260
2015-02-12,3.537,3.562,3.509,3.551,7785122
2015-02-13,3.559,3.619,3.559,3.573,10813776
2015-02-16,3.572,3.611,3.567,3.602,8421548
2015-02-17,3.617,3.645,3.616,3.633,8973060
2015-02-25,3.63,3.63,3.56,3.579,13779806
2015-02-26,3.576,3.685,3.561,3.682,12517041
2015-02-27,3.68,3.701,3.658,3.675,10331788
2015-03-02,3.699,3.714,3.667,3.703,11512423
2015-03-03,3.679,3.679,3.601,3.605,11965033
2015-03-04,3.617,3.648,3.594,3.634,8696866
2015-03-05,3.613,3.622,3.567,3.604,10619008
2015-03-06,3.601,3.617,3.573,3.582,9184234
2015-03-09,3.548,3.66,3.517,3.65,14989497
2015-03-10,3.637,3.653,3.612,3.625,10614478
2015-03-11,3.626,3.681,3.611,3.63,14136149
2015-03-12,3.654,3.713,3.642,3.694,14385133
2015-03-13,3.702,3.741,3.689,3.714,9200029
2015-03-16,3.736,3.81,3.717,3.803,12419542
2015-03-17,3.831,3.858,3.817,3.85,13772577
2015-03-18,3.858,3.955,3.858,3.949,13322043
2015-03-19,3.932,3.948,3.909,3.929,13747984
2015-03-20,3.94,4.012,3.926,3.983,12711220
2015-03-23,4.023,4.096,4.018,4.061,9506120
2015-03-24,4.067,4.078,3.984,4.057,16266947
2015-03-25,4.042,4.067,3.997,4.033,12189714
2015-03-26,4.016,4.082,3.976,4.036,12752409
2015-03-27,4.043,4.088,4.026,4.066,8845228
2015-03-30,4.099,4.206,4.091,4.192,12802761
2015-03-31,4.25,4.266,4.091,4.147,27410138
2015-04-01,4.151,4.241,4.144,4.213,14824101
2015-04-02,4.243,4.255,4.151,4.207,20198227
2015-04-03,4.199,4.278,4.189,4.273,10549231
2015-04-07,4.299,4.346,4.272,4.346,12398464
2015-04-08,4.356,4.393,4.301,4.38,9368158
2015-04-09,4.398,4.414,4.309,4.349,11668331
2015-04-10,4.349,4.455,4.329,4.448,10284434
2015-04-13,4.473,4.539,4.457,4.52,8257742
2015-04-14,4.511,4.574,4.486,4.522,9848464
2015-04-15,4.522,4.566,4.48,4.485,11917794
2015-04-16,4.485,4.633,4.439,4.628,10711659
2015-04-17,4.646,4.747,4.645,4.706,12126834
2015-04-20,4.706,4.765,4.586,4.606,12638764
2015-04-21,4.609,4.704,4.602,4.701,13299154
2015-04-22,4.716,4.833,4.716,4.826,12169516
2015-04-23,4.853,4.865,4.782,4.821,9725637
2015-04-24,4.786,4.816,4.708,4.804,8708713
2015-04-27,4.853,4.911,4.818,4.901,11266967
2015-04-28,4.885,4.92,4.795,4.839,12519068
2015-04-29,4.839,4.891,4.797,4.865,8027906
2015-04-30,4.876,4.913,4.853,4.855,7658200
2015-05-04,4.855,4.886,4.804,4.881,7988416
2015-05-05,4.876,4.876,4.669,4.7,9813952
2015-05-06,4.706,4.794,4.613,4.652,18782493
2015-05-07,4.627,4.644,4.558,4.573,25005675
2015-05-08,4.606,4.646,4.536,4.642,13094728
2015-05-11,4.666,4.796,4.624,4.791,27020156
2015-05-12,4.79,4.847,4.758,4.845,7819126
2015-05-13,4.851,4.851,4.772,4.801,6823684
2015-05-14,4.802,4.823,4.769,4.79,6155978
2015-05-15,4.784,4.786,4.683,4.704,8241200
2015-05-18,4.689,4.713,4.649,4.67,7372686
2015-05-19,4.67,4.843,4.663,4.827,15114417
2015-05-20,4.853,4.949,4.813,4.849,20741771
2015-05-21,4.861,4.949,4.848,4.946,11635718
2015-05-22,4.981,5.054,4.965,5.05,12159246
2015-05-25,5.044,5.208,5.038,5.206,11365785
2015-05-26,5.216,5.296,5.155,5.281,11309206
2015-05-27,5.301,5.326,5.213,5.281,15048547
2015-05-28,5.275,5.296,4.871,4.931,15097913
2015-05-29,4.946,5.012,4.756,4.934,20550190
2015-06-01,4.934,5.196,4.917,5.186,17542104
2015-06-02,5.186,5.278,5.118,5.272,15123215
2015-06-03,5.272,5.282,5.141,5.229,14301796
2015-06-04,5.231,5.296,4.825,5.287,21827335
2015-06-05,5.316,5.366,5.167,5.295,14405085
2015-06-08,5.311,5.466,5.248,5.422,25233080
2015-06-09,5.431,5.439,5.312,5.379,17623199
2015-06-10,5.35,5.463,5.312,5.374,7031790
2015-06-11,5.374,5.416,5.322,5.375,7340937
2015-06-12,5.397,5.444,5.351,5.414,8205332
2015-06-15,5.429,5.447,5.274,5.287,8778393
2015-06-16,5.265,5.282,5.096,5.151,9127586
2015-06-17,5.153,5.254,5.051,5.226,10940242
2015-06-18,5.195,5.206,5.01,5.025,8722978
2015-06-19,4.96,5.005,4.707,4.719,10840079
2015-06-23,4.732,4.9,4.562,4.882,17606866
2015-06-24,4.906,4.993,4.796,4.987,13416413
2015-06-25,5.008,5.031,4.778,4.812,6760862
2015-06-26,4.706,4.774,4.345,4.462,9893036
2015-06-29,4.559,4.561,4.076,4.298,17347940
2015-06-30,4.306,4.601,4.112,4.6,27653176
2015-07-01,4.53,4.648,4.287,4.313,13863664
2015-07-02,4.396,4.438,4.076,4.224,22616373
2015-07-03,4.224,4.301,3.901,4.035,35819538
2015-07-06,4.424,4.424,3.946,4.141,49183037
2015-07-07,4.036,4.098,3.885,3.964,33833890
2015-07-08,3.666,3.816,3.579,3.579,16586074
2015-07-09,3.536,3.925,3.526,3.925,13925565
2015-07-10,4.046,4.306,3.978,4.305,12497601
2015-07-13,4.266,4.432,4.216,4.35,10322504
2015-07-14,4.281,4.413,4.208,4.27,9097319
2015-07-15,4.208,4.255,4.016,4.061,6006836
2015-07-16,4.046,4.219,4.006,4.152,6337549
2015-07-17,4.186,4.346,4.139,4.316,7336477
2015-07-20,4.299,4.37,4.25,4.304,6895961
2015-07-21,4.25,4.36,4.221,4.33,4712594
2015-07-22,4.316,4.341,4.252,4.31,3665738
2015-07-23,4.315,4.436,4.297,4.424,5204890
2015-07-24,4.418,4.452,4.308,4.334,4200409
2015-07-27,4.252,4.312,3.912,3.919,5086914
2015-07-28,3.838,4.036,3.782,3.963,7616119
2015-07-29,3.997,4.112,3.926,4.104,5245457
2015-07-30,4.066,4.127,3.955,3.967,3901715
2015-07-31,3.957,4.026,3.921,3.967,3505092
2015-08-03,3.91,3.976,3.881,3.968,2193441
2015-08-04,3.977,4.127,3.955,4.121,2827401
2015-08-05,4.103,4.111,3.993,4.032,3735917
2015-08-06,3.972,4.046,3.954,3.989,2958714
2015-08-07,4.017,4.096,4.016,4.069,6858933
2015-08-10,4.096,4.28,4.077,4.264,3991595
2015-08-11,4.251,4.264,4.197,4.215,3004252
2015-08-12,4.174,4.244,4.164,4.173,3885216
2015-08-13,4.174,4.233,4.117,4.228,4652588
2015-08-14,4.243,4.261,4.207,4.218,5458429
2015-08-17,4.196,4.232,4.161,4.225,3455986
2015-08-18,4.226,4.251,3.936,3.943,4606012
2015-08-19,3.911,4.051,3.816,4.031,5919635
2015-08-20,3.99,4.029,3.917,3.931,2333264
2015-08-21,3.916,3.929,3.732,3.741,6931380
2015-08-24,3.626,3.63,3.379,3.379,5422396
2015-08-25,3.221,3.346,3.09,3.099,7105358
2015-08-26,3.186,3.337,3.102,3.183,7356207
2015-08-27,3.239,3.386,3.182,3.373,7086962
2015-08-28,3.393,3.536,3.352,3.518,5682560
2015-08-31,3.436,3.518,3.361,3.511,3136291
2015-09-01,3.417,3.514,3.334,3.498,2274113
2015-09-02,3.395,3.536,3.347,3.488,2444089
2015-09-07,3.486,3.588,3.393,3.405,1785875
2015-09-08,3.366,3.51,3.306,3.494,2032500
2015-09-09,3.514,3.584,3.489,3.558,1883864
2015-09-10,3.513,3.564,3.492,3.497,1016280
2015-09-11,3.505,3.558,3.475,3.504,2550800
2015-09-14,3.514,3.523,3.316,3.385,1980072
2015-09-15,3.354,3.393,3.278,3.289,2166238
2015-09-16,3.299,3.511,3.276,3.461,5723574
2015-09-17,3.419,3.497,3.39,3.396,4197731
2015-09-18,3.416,3.429,3.376,3.395,2581484
2015-09-21,3.367,3.476,3.347,3.455,2525744
2015-09-22,3.454,3.529,3.445,3.481,2116113
2015-09-23,3.416,3.466,3.396,3.403,873020
2015-09-24,3.436,3.449,3.396,3.431,772058
2015-09-25,3.419,3.43,3.339,3.359,1123987
2015-09-28,3.365,3.39,3.341,3.378,1018360
2015-09-29,3.34,3.349,3.296,3.315,732167
2015-09-30,3.328,3.366,3.326,3.337,502083
2015-10-08,3.471,3.478,3.452,3.453,1102589
2015-10-09,3.446,3.515,3.446,3.495,972619
2015-10-12,3.496,3.661,3.496,3.636,1969044
2015-10-13,3.599,3.621,3.579,3.611,1443108
2015-10-14,3.594,3.624,3.571,3.573,1138426
2015-10-15,3.564,3.664,3.556,3.662,1263223
2015-10-16,3.676,3.714,3.661,3.711,2075700
2015-10-19,3.713,3.74,3.679,3.705,1203408
2015-10-20,3.703,3.756,3.68,3.752,795328
2015-10-21,3.756,3.763,3.588,3.643,1658596
2015-10-22,3.616,3.695,3.614,3.688,973251
2015-10-23,3.689,3.757,3.684,3.751,1197799
2015-10-26,3.782,3.788,3.735,3.757,1803183
2015-10-27,3.749,3.775,3.654,3.759,1322361
2015-10-28,3.739,3.762,3.684,3.695,1744483
2015-10-29,3.698,3.736,3.674,3.7,1213245
2015-10-30,3.693,3.742,3.661,3.701,995649
2015-11-02,3.67,3.71,3.63,3.641,2680803
2015-11-03,3.647,3.656,3.596,3.614,2212781
2015-11-04,3.623,3.831,3.623,3.824,2712068
2015-11-05,3.812,3.971,3.787,3.883,2727443
2015-11-06,3.882,3.983,3.871,3.973,2646076
2015-11-09,3.966,4.056,3.966,4.013,2517805
2015-11-10,3.976,4.039,3.975,4.002,1401064
2015-11-11,4.001,4.011,3.946,3.997,1765151
2015-11-12,4.001,4.006,3.929,3.957,1444703
2015-11-13,3.932,3.957,3.898,3.92,1474506
2015-11-16,3.874,3.946,3.856,3.942,1374761
2015-11-17,3.959,4.034,3.916,3.928,1486759
2015-11-18,3.93,3.944,3.815,3.895,1370455
2015-11-19,3.897,3.954,3.882,3.952,1001049
2015-11-20,3.951,3.965,3.927,3.941,1190019
2015-11-23,3.936,3.978,3.916,3.922,877203
2015-11-24,3.91,3.926,3.866,3.925,1253068
2015-11-25,3.918,3.952,3.903,3.948,1485889
2015-11-26,3.972,3.973,3.918,3.93,1267994
2015-11-27,3.916,3.916,3.702,3.724,1851806
2015-11-30,3.731,3.754,3.626,3.725,2035673
2015-12-01,3.72,3.779,3.696,3.753,2790144
2015-12-02,3.75,3.916,3.734,3.909,1869804
2015-12-03,3.899,3.932,3.865,3.917,1456644
2015-12-04,3.899,3.899,3.83,3.845,1394299
2015-12-07,3.848,3.876,3.823,3.851,785126
2015-12-08,3.827,3.833,3.779,3.797,949081
2015-12-09,3.795,3.824,3.776,3.802,942590
2015-12-10,3.812,3.85,3.772,3.795,2103556
2015-12-11,3.776,3.804,3.751,3.777,1507340
2015-12-14,3.755,3.891,3.745,3.889,1989951
2015-12-15,3.886,3.888,3.842,3.853,1409127
2015-12-16,3.867,3.884,3.847,3.854,971984
2015-12-17,3.875,3.935,3.875,3.924,1571514
2015-12-18,3.924,3.972,3.913,3.938,1489845
2015-12-21,3.926,4.065,3.916,4.038,1594826
2015-12-22,4.044,4.049,3.999,4.043,1541485
2015-12-23,4.044,4.096,4.028,4.038,2892636
2015-12-24,4.032,4.038,3.959,3.991,1982189
2015-12-25,4.001,4.015,3.977,4.011,1475445
2015-12-28,4.0,4.015,3.89,3.894,1661649
2015-12-29,3.887,3.93,3.882,3.929,1529129
2015-12-30,3.929,3.934,3.897,3.928,1391575
2015-12-31,3.917,3.945,3.892,3.894,1270700
2016-01-04,3.892,3.892,3.644,3.651,3108539
2016-01-05,3.583,3.694,3.545,3.643,4268878
2016-01-06,3.641,3.708,3.636,3.698,1752466
2016-01-07,3.655,3.655,3.519,3.6,750405
2016-01-08,3.601,3.601,3.406,3.524,4083360
2016-01-11,3.461,3.503,3.346,3.349,4612188
2016-01-12,3.376,3.411,3.337,3.372,2766902
2016-01-13,3.399,3.417,3.306,3.327,2500409
2016-01-14,3.251,3.388,3.244,3.381,3469088
2016-01-15,3.361,3.375,3.262,3.285,3014651
2016-01-18,3.245,3.323,3.236,3.287,3142912
2016-01-19,3.286,3.391,3.274,3.378,2523184
2016-01-20,3.367,3.383,3.312,3.336,2565344
2016-01-21,3.305,3.366,3.238,3.245,2733316
2016-01-22,3.279,3.297,3.217,3.275,2439673
2016-01-25,3.303,3.313,3.259,3.287,1795483
2016-01-26,3.242,3.27,3.097,3.111,2987121
2016-01-27,3.117,3.147,3.005,3.079,5350877
2016-01-28,3.066,3.1,3.002,3.016,2435149
2016-01-29,3.017,3.128,3.013,3.097,3053498
2016-02-01,3.095,3.105,3.027,3.065,1669837
2016-02-02,3.059,3.133,3.059,3.127,2210160
2016-02-03,3.097,3.119,3.069,3.113,2278307
2016-02-04,3.122,3.161,3.119,3.152,4273607
2016-02-05,3.15,3.15,3.115,3.117,4766112
2016-02-15,3.066,3.121,3.052,3.106,2216572
2016-02-16,3.118,3.199,3.117,3.189,2719885
2016-02-17,3.19,3.225,3.182,3.22,2351821
2016-02-18,3.242,3.257,3.209,3.216,2211639
2016-02-19,3.214,3.233,3.192,3.208,2113775
2016-02-22,3.255,3.283,3.229,3.271,7328682
2016-02-23,3.269,3.273,3.219,3.247,2300798
2016-02-24,3.239,3.274,3.21,3.27,2805922
2016-02-25,3.265,3.265,3.052,3.072,3757682
2016-02-26,3.093,3.122,3.066,3.1,4618957
2016-02-29,3.088,3.096,2.978,3.031,3940303
2016-03-01,3.038,3.107,2.977,3.085,2345626
2016-03-02,3.088,3.223,3.088,3.216,4514134
2016-03-03,3.215,3.253,3.2,3.209,2388758
2016-03-04,3.207,3.262,3.188,3.246,4606083
2016-03-07,3.259,3.345,3.237,3.27,3423066
2016-03-08,3.253,3.263,3.166,3.259,2890423
2016-03-09,3.21,3.22,3.173,3.213,2647695
2016-03-10,3.209,3.237,3.168,3.172,1373433
2016-03-11,3.147,3.185,3.126,3.166,1589932
2016-03-14,3.194,3.272,3.194,3.231,5780534
2016-03-15,3.225,3.232,3.185,3.221,2931010
2016-03-16,3.208,3.266,3.208,3.241,2877221
2016-03-17,3.245,3.317,3.23,3.291,4099650
2016-03-18,3.292,3.365,3.291,3.335,9687665
2016-03-21,3.358,3.429,3.358,3.405,3885501
2016-03-22,3.385,3.407,3.378,3.383,1688628
2016-03-23,3.38,3.405,3.357,3.389,2526468
2016-03-24,3.368,3.379,3.337,3.339,3537115
2016-03-25,3.341,3.367,3.332,3.352,2554328
2016-03-28,3.364,3.394,3.317,3.322,2537085
2016-03-29,3.325,3.335,3.278,3.296,5106345
2016-03-30,3.316,3.385,3.316,3.382,3213460
2016-03-31,3.392,3.399,3.361,3.376,2677770
2016-04-01,3.367,3.387,3.32,3.386,2554757
2016-04-05,3.371,3.436,3.363,3.417,3410879
2016-04-06,3.404,3.423,3.399,3.411,2822236
2016-04-07,3.42,3.431,3.363,3.371,2359795
2016-04-08,3.347,3.371,3.317,3.344,2876953
2016-04-11,3.37,3.415,3.37,3.379,2939344
2016-04-12,3.38,3.386,3.355,3.375,4237926
2016-04-13,3.393,3.457,3.393,3.416,6647237
2016-04-14,3.429,3.442,3.408,3.428,1963764
2016-04-15,3.435,3.441,3.417,3.431,1908465
2016-04-18,3.409,3.409,3.377,3.385,2255224
2016-04-19,3.396,3.412,3.376,3.389,2768543
2016-04-20,3.402,3.405,3.257,3.333,4679624
2016-04-21,3.314,3.362,3.303,3.318,2547429
2016-04-22,3.308,3.336,3.297,3.332,1534015
2016-04-25,3.33,3.33,3.278,3.322,1560970
2016-04-26,3.32,3.345,3.305,3.34,1301659
2016-04-27,3.34,3.346,3.317,3.325,1447534
2016-04-28,3.326,3.333,3.295,3.323,1445680
2016-04-29,3.315,3.333,3.309,3.319,1135891
2016-05-03,3.324,3.385,3.305,3.38,2341181
2016-05-04,3.365,3.385,3.353,3.368,1844623
2016-05-05,3.364,3.376,3.354,3.368,1320283
2016-05-06,3.37,3.374,3.293,3.295,2155428
2016-05-09,3.287,3.287,3.221,3.231,3272034
2016-05-10,3.227,3.243,3.22,3.228,1135479
2016-05-11,3.237,3.262,3.226,3.24,994515
2016-05-12,3.227,3.256,3.2,3.251,1195078
2016-05-13,3.24,3.268,3.226,3.24,908964
2016-05-16,3.234,3.255,3.208,3.252,1102907
2016-05-17,3.255,3.265,3.229,3.247,961064
2016-05-18,3.239,3.24,3.197,3.227,1192441
2016-05-19,3.225,3.252,3.217,3.221,1112605
2016-05-20,3.215,3.243,3.205,3.241,1390693
2016-05-23,3.245,3.267,3.235,3.246,1078091
2016-05-24,3.246,3.246,3.215,3.227,967809
2016-05-25,3.233,3.253,3.22,3.225,837864
2016-05-26,3.225,3.239,3.193,3.225,1424764
2016-05-27,3.223,3.235,3.213,3.227,856852
2016-05-30,3.223,3.239,3.194,3.229,792383
2016-05-31,3.23,3.339,3.229,3.336,4945933
2016-06-01,3.337,3.342,3.319,3.323,1713478
2016-06-02,3.325,3.328,3.311,3.326,923858
2016-06-03,3.329,3.373,3.324,3.363,1777932
2016-06-06,3.358,3.371,3.339,3.344,816479
2016-06-07,3.348,3.352,3.338,3.344,576210
2016-06-08,3.341,3.349,3.319,3.34,726250
2016-06-13,3.317,3.317,3.233,3.236,3299624
2016-06-14,3.232,3.25,3.229,3.249,1750902
2016-06-15,3.226,3.319,3.217,3.29,1945951
2016-06-16,3.289,3.289,3.262,3.271,877245
2016-06-17,3.273,3.307,3.272,3.284,2013081
2016-06-20,3.287,3.297,3.264,3.285,821085
2016-06-21,3.297,3.335,3.267,3.278,1445446
2016-06-22,3.276,3.301,3.264,3.297,1172914
2016-06-23,3.297,3.299,3.268,3.287,993873
2016-06-24,3.287,3.304,3.207,3.254,1543955
2016-06-27,3.247,3.295,3.244,3.293,1355578
2016-06-28,3.283,3.312,3.268,3.309,1814889
2016-06-29,3.312,3.333,3.311,3.323,1195420
2016-06-30,3.324,3.336,3.319,3.328,928513
2016-07-01,3.328,3.344,3.322,3.325,937667
2016-07-04,3.32,3.392,3.31,3.378,1378107
2016-07-05,3.378,3.397,3.374,3.386,1607144
2016-07-06,3.383,3.405,3.373,3.402,2780687
2016-07-07,3.398,3.417,3.384,3.406,1856772
2016-07-08,3.401,3.403,3.389,3.394,1680195
2016-07-11,3.399,3.442,3.398,3.402,1079601
2016-07-12,3.4,3.486,3.4,3.484,1723629
2016-07-13,3.487,3.516,3.482,3.491,2498416
2016-07-14,3.491,3.492,3.473,3.486,1304281
2016-07-15,3.493,3.497,3.48,3.49,916970
2016-07-18,3.485,3.492,3.466,3.478,1384782
2016-07-19,3.476,3.48,3.444,3.461,1169011
2016-07-20,3.457,3.47,3.45,3.454,648020
2016-07-21,3.454,3.491,3.454,3.472,1073903
2016-07-22,3.465,3.471,3.44,3.443,1152247
2016-07-25,3.44,3.463,3.437,3.442,950112
2016-07-26,3.442,3.485,3.442,3.484,1080209
2016-07-27,3.485,3.49,3.373,3.423,2287309
2016-07-28,3.412,3.451,3.411,3.432,2122107
2016-07-29,3.432,3.441,3.41,3.421,1267245
2016-08-01,3.412,3.419,3.378,3.394,1333762
2016-08-02,3.393,3.415,3.385,3.402,1164916
2016-08-03,3.397,3.413,3.392,3.406,2018837
2016-08-04,3.405,3.417,3.387,3.416,930975
2016-08-05,3.417,3.444,3.41,3.429,1014150
2016-08-08,3.429,3.457,3.407,3.456,849698
2016-08-09,3.45,3.477,3.447,3.471,2312883
2016-08-10,3.471,3.479,3.458,3.461,1765682
2016-08-11,3.459,3.495,3.453,3.457,1265070
2016-08-12,3.449,3.52,3.448,3.515,2173902
2016-08-15,3.522,3.651,3.52,3.614,3925781
2016-08-16,3.624,3.643,3.599,3.604,2741304
2016-08-17,3.598,3.616,3.583,3.596,1188311
2016-08-18,3.602,3.615,3.574,3.591,953906
2016-08-19,3.589,3.594,3.56,3.587,1322039
2016-08-22,3.587,3.599,3.56,3.563,1053783
2016-08-23,3.563,3.583,3.545,3.565,2416251
2016-08-24,3.565,3.569,3.545,3.551,1542671
2016-08-25,3.534,3.542,3.502,3.533,1262292
2016-08-26,3.535,3.56,3.525,3.529,791423
2016-08-29,3.524,3.537,3.518,3.528,778727
2016-08-30,3.53,3.553,3.525,3.542,1034445
2016-08-31,3.539,3.563,3.526,3.556,1120571
2016-09-01,3.555,3.556,3.517,3.52,923902
2016-09-02,3.517,3.544,3.517,3.535,988755
2016-09-05,3.542,3.569,3.537,3.542,1592257
2016-09-06,3.544,3.578,3.519,3.571,1428756
2016-09-07,3.574,3.59,3.568,3.573,1969669
2016-09-08,3.57,3.573,3.56,3.568,748925
2016-09-09,3.568,3.574,3.549,3.551,1204615
2016-09-12,3.507,3.51,3.465,3.484,2064725
2016-09-13,3.486,3.494,3.477,3.484,954382
2016-09-14,3.475,3.481,3.46,3.464,719669
2016-09-19,3.465,3.488,3.463,3.485,1007977
2016-09-20,3.487,3.491,3.476,3.481,706944
2016-09-21,3.481,3.499,3.478,3.494,680128
2016-09-22,3.508,3.532,3.502,3.516,989001
2016-09-23,3.517,3.522,3.505,3.508,673588
2016-09-26,3.504,3.504,3.45,3.452,1633492
2016-09-27,3.452,3.471,3.447,3.469,1068962
2016-09-28,3.469,3.472,3.459,3.464,471317
2016-09-29,3.468,3.487,3.468,3.479,1111320
2016-09-30,3.472,3.494,3.472,3.489,1096256
2016-10-10,3.497,3.533,3.487,3.527,1563661
2016-10-11,3.529,3.538,3.521,3.535,1019211
2016-10-12,3.526,3.531,3.518,3.527,689822
2016-10-13,3.532,3.537,3.52,3.527,950246
2016-10-14,3.526,3.539,3.51,3.537,1169802
2016-10-17,3.537,3.54,3.477,3.506,1169469
2016-10-18,3.506,3.549,3.502,3.548,1854193
2016-10-19,3.549,3.562,3.539,3.546,1334999
2016-10-20,3.544,3.55,3.538,3.541,1087665
2016-10-21,3.543,3.565,3.534,3.558,1529254
2016-10-24,3.558,3.616,3.555,3.599,2065992
2016-10-25,3.599,3.6,3.582,3.59,1881782
2016-10-26,3.589,3.592,3.575,3.58,1426710
2016-10-27,3.577,3.58,3.562,3.575,892225
2016-10-28,3.573,3.603,3.569,3.57,1492268
2016-10-31,3.569,3.569,3.54,3.563,891946
2016-11-01,3.561,3.589,3.559,3.584,866924
2016-11-02,3.579,3.579,3.557,3.561,852540
2016-11-03,3.549,3.604,3.549,3.587,2258266
2016-11-04,3.585,3.601,3.571,3.576,1114075
2016-11-07,3.576,3.587,3.569,3.579,1008060
2016-11-08,3.586,3.613,3.584,3.597,1422438
2016-11-09,3.597,3.597,3.541,3.584,1960762
2016-11-10,3.594,3.628,3.594,3.619,1448274
2016-11-11,3.616,3.653,3.606,3.649,1734272
2016-11-14,3.643,3.677,3.635,3.654,2619852
2016-11-15,3.653,3.658,3.638,3.65,1363920
2016-11-16,3.652,3.66,3.642,3.651,1439264
2016-11-17,3.646,3.66,3.635,3.659,1314600
2016-11-18,3.66,3.666,3.642,3.647,1097434
2016-11-21,3.642,3.692,3.64,3.663,1362853
2016-11-22,3.666,3.7,3.666,3.698,1721437
2016-11-23,3.703,3.72,3.695,3.704,911254
2016-11-24,3.702,3.735,3.697,3.714,1755187
2016-11-25,3.714,3.755,3.688,3.753,1347871
2016-11-28,3.761,3.787,3.76,3.769,1483483
2016-11-29,3.759,3.815,3.747,3.797,1591361
2016-11-30,3.788,3.799,3.758,3.764,1660677
2016-12-01,3.766,3.81,3.766,3.798,1128865
2016-12-02,3.795,3.795,3.749,3.758,938826
2016-12-05,3.711,3.726,3.681,3.686,2228656
2016-12-06,3.689,3.702,3.679,3.68,1268854
2016-12-07,3.682,3.7,3.668,3.696,1113534
2016-12-08,3.706,3.717,3.696,3.704,2079601
2016-12-09,3.696,3.735,3.692,3.724,1113083
2016-12-12,3.722,3.722,3.627,3.63,1479029
2016-12-13,3.619,3.641,3.597,3.625,1611876
2016-12-14,3.617,3.633,3.6,3.601,1013559
2016-12-15,3.583,3.6,3.548,3.562,2297928
2016-12-16,3.558,3.58,3.554,3.562,1422497
2016-12-19,3.562,3.565,3.544,3.552,870419
2016-12-20,3.547,3.551,3.508,3.527,1674660
2016-12-21,3.532,3.565,3.532,3.564,1291631
2016-12-22,3.56,3.562,3.543,3.558,1035924
2016-12-23,3.55,3.555,3.522,3.531,802605
2016-12-26,3.521,3.546,3.492,3.543,1452621
2016-12-27,3.537,3.551,3.532,3.538,1132961
2016-12-28,3.535,3.541,3.509,3.52,1049116
2016-12-29,3.516,3.535,3.506,3.522,848783
2016-12-30,3.521,3.535,3.517,3.525,960788
2017-01-03,3.529,3.571,3.529,3.563,1058679
2017-01-04,3.561,3.594,3.554,3.593,1134840
2017-01-05,3.592,3.597,3.578,3.586,656748
2017-01-06,3.583,3.59,3.57,3.575,778860
2017-01-09,3.57,3.591,3.567,3.587,775129
2017-01-10,3.586,3.593,3.574,3.578,697214
2017-01-11,3.572,3.589,3.552,3.553,947053
2017-01-12,3.553,3.562,3.533,3.536,840009
2017-01-13,3.535,3.56,3.529,3.542,974975
2017-01-16,3.535,3.54,3.483,3.538,1469151
2017-01-17,3.527,3.55,3.516,3.543,864950
2017-01-18,3.538,3.576,3.537,3.565,1138663
2017-01-19,3.556,3.571,3.547,3.553,1060346
2017-01-20,3.547,3.583,3.545,3.582,2063694
2017-01-23,3.582,3.608,3.579,3.583,1421798
2017-01-24,3.583,3.591,3.575,3.585,842963
2017-01-25,3.583,3.597,3.572,3.595,670240
2017-01-26,3.595,3.619,3.595,3.609,661763
2017-02-03,3.609,3.611,3.579,3.589,1120450
2017-02-06,3.59,3.598,3.578,3.588,1011689
2017-02-07,3.585,3.593,3.572,3.582,919571
2017-02-08,3.581,3.611,3.564,3.605,951701
2017-02-09,3.601,3.63,3.6,3.617,983411
2017-02-10,3.62,3.642,3.614,3.635,1061428
2017-02-13,3.634,3.658,3.634,3.653,1225064
2017-02-14,3.653,3.658,3.647,3.657,774970
2017-02-15,3.656,3.668,3.638,3.645,1245321
2017-02-16,3.645,3.66,3.638,3.66,905008
2017-02-17,3.66,3.677,3.639,3.64,1253715
2017-02-20,3.64,3.707,3.639,3.696,1382844
2017-02-21,3.696,3.709,3.692,3.696,1118516
2017-02-22,3.699,3.71,3.692,3.707,951853
2017-02-23,3.704,3.71,3.683,3.692,1028589
2017-02-24,3.693,3.693,3.676,3.689,897412
2017-02-27,3.69,3.69,3.654,3.662,735682
2017-02-28,3.658,3.679,3.657,3.667,950733
2017-03-01,3.669,3.694,3.663,3.671,1355898
2017-03-02,3.677,3.725,3.649,3.659,955485
2017-03-03,3.649,3.65,3.629,3.646,778375
2017-03-06,3.646,3.666,3.64,3.663,999939
2017-03-07,3.661,3.669,3.656,3.668,761854
2017-03-08,3.666,3.673,3.661,3.672,1101721
2017-03-09,3.666,3.666,3.635,3.641,809001
2017-03-10,3.638,3.653,3.638,3.644,825743
2017-03-13,3.638,3.683,3.629,3.681,1236681
2017-03-14,3.678,3.682,3.669,3.673,680534
2017-03-15,3.667,3.682,3.664,3.679,576086
2017-03-16,3.687,3.715,3.687,3.7,934776
2017-03-17,3.7,3.705,3.658,3.661,1037743
2017-03-20,3.662,3.67,3.649,3.663,889350
2017-03-21,3.663,3.687,3.659,3.687,1077075
2017-03-22,3.673,3.681,3.65,3.669,628259
2017-03-23,3.672,3.689,3.654,3.679,853840
2017-03-24,3.68,3.722,3.678,3.712,1283552
2017-03-27,3.711,3.721,3.692,3.696,867856
2017-03-28,3.696,3.703,3.682,3.691,669608
2017-03-29,3.691,3.7,3.672,3.684,790107
2017-03-30,3.677,3.684,3.64,3.651,1197411
2017-03-31,3.651,3.677,3.65,3.676,886200
2017-04-05,3.696,3.734,3.694,3.733,1351355
2017-04-06,3.731,3.734,3.712,3.729,960783
2017-04-07,3.731,3.748,3.723,3.736,755353
2017-04-10,3.739,3.74,3.725,3.727,821129
2017-04-11,3.726,3.74,3.689,3.736,1057268
2017-04-12,3.734,3.74,3.716,3.723,988677
2017-04-13,3.719,3.742,3.716,3.736,784439
2017-04-14,3.736,3.737,3.701,3.707,860763
2017-04-17,3.7,3.703,3.678,3.695,1357763
2017-04-18,3.69,3.706,3.686,3.687,832006
2017-04-19,3.68,3.68,3.645,3.66,2120401
2017-04-20,3.658,3.684,3.657,3.679,1158009
2017-04-21,3.682,3.692,3.666,3.682,814366
2017-04-24,3.673,3.677,3.628,3.645,1700779
2017-04-25,3.652,3.667,3.647,3.656,983836
2017-04-26,3.656,3.684,3.656,3.664,876265
2017-04-27,3.66,3.672,3.622,3.666,2097327
2017-04-28,3.663,3.663,3.638,3.653,715290
2017-05-02,3.648,3.652,3.636,3.648,920827
2017-05-03,3.644,3.652,3.627,3.631,821768
2017-05-04,3.628,3.641,3.615,3.618,1043228
2017-05-05,3.613,3.615,3.584,3.596,1465209
2017-05-08,3.592,3.596,3.559,3.567,1643939
2017-05-09,3.562,3.578,3.551,3.57,1400236
2017-05-10,3.571,3.586,3.556,3.558,1670224
2017-05-11,3.55,3.583,3.538,3.575,2181884
2017-05-12,3.573,3.607,3.569,3.602,1451197
2017-05-15,3.611,3.627,3.608,3.616,1024392
2017-05-16,3.613,3.657,3.6,3.656,1033132
2017-05-17,3.652,3.654,3.632,3.633,1097919
2017-05-18,3.621,3.635,3.612,3.618,974236
2017-05-19,3.617,3.629,3.617,3.624,715945
2017-05-22,3.625,3.644,3.612,3.627,863366
2017-05-23,3.626,3.656,3.623,3.642,1514699
2017-05-24,3.637,3.643,3.611,3.642,1404383
2017-05-25,3.639,3.719,3.632,3.715,2489525
2017-05-26,3.709,3.725,3.7,3.709,2032030
2017-05-31,3.72,3.741,3.695,3.711,1480334
2017-06-01,3.705,3.721,3.702,3.719,907182
2017-06-02,3.717,3.721,3.691,3.71,1315413
2017-06-05,3.7,3.712,3.684,3.687,1101787
2017-06-06,3.687,3.715,3.684,3.714,959069
2017-06-07,3.718,3.764,3.713,3.762,1667237
2017-06-08,3.76,3.792,3.755,3.787,1460939
2017-06-09,3.786,3.818,3.785,3.809,1512316
2017-06-12,3.802,3.829,3.793,3.802,1240740
2017-06-13,3.793,3.817,3.791,3.809,1316254
2017-06-14,3.807,3.807,3.767,3.773,1425762
2017-06-15,3.772,3.783,3.747,3.761,1208419
2017-06-16,3.761,3.777,3.75,3.755,1023957
2017-06-19,3.757,3.798,3.757,3.795,1413142
2017-06-20,3.798,3.805,3.776,3.784,1298320
2017-06-21,3.807,3.83,3.784,3.829,2026661
2017-06-22,3.822,3.874,3.82,3.833,1900074
2017-06-23,3.83,3.87,3.814,3.868,979934
2017-06-26,3.868,3.916,3.868,3.913,1073946
2017-06-27,3.911,3.921,3.892,3.915,806651
2017-06-28,3.912,3.912,3.885,3.89,792488
2017-06-29,3.891,3.917,3.89,3.912,868377
2017-06-30,3.9,3.917,3.888,3.906,824751
2017-07-03,3.907,3.91,3.875,3.89,965189
2017-07-04,3.889,3.89,3.852,3.86,1352155
2017-07-05,3.858,3.914,3.858,3.907,1333338
2017-07-06,3.907,3.912,3.878,3.904,1618321
2017-07-07,3.899,3.907,3.883,3.902,826427
2017-07-10,3.901,3.922,3.897,3.906,950921
2017-07-11,3.902,3.965,3.901,3.936,1314197
2017-07-12,3.93,3.95,3.898,3.914,1174761
2017-07-13,3.915,3.955,3.915,3.952,1112379
2017-07-14,3.953,3.981,3.942,3.977,855767
2017-07-17,3.974,3.983,3.898,3.926,1942106
2017-07-18,3.92,3.933,3.894,3.928,1608457
2017-07-19,3.927,4.01,3.923,4.005,1741180
2017-07-20,4.002,4.024,3.996,4.023,976976
2017-07-21,4.013,4.026,3.992,4.004,977615
2017-07-24,4.0,4.031,3.993,4.023,642643
2017-07-25,4.022,4.024,3.987,3.994,969984
2017-07-26,3.994,4.011,3.957,3.973,1542540
2017-07-27,3.974,3.993,3.948,3.984,1463574
2017-07-28,3.979,4.002,3.972,3.998,741487
2017-07-31,3.998,4.026,3.989,4.012,1194636
2017-08-01,4.012,4.046,4.01,4.042,1224510
2017-08-02,4.044,4.062,4.036,4.042,1180980
2017-08-03,4.036,4.045,3.996,4.004,1072929
2017-08-04,4.004,4.018,3.98,3.981,1040716
2017-08-07,3.974,4.011,3.971,4.004,1062491
2017-08-08,4.006,4.013,3.994,4.005,1211295
2017-08-09,4.002,4.014,3.989,4.002,961917
2017-08-10,3.995,4.023,3.966,3.994,1386799
2017-08-11,3.97,3.978,3.917,3.922,1816643
2017-08-14,3.923,3.975,3.923,3.968,1489559
2017-08-15,3.969,3.993,3.964,3.978,2386280
2017-08-16,3.974,3.979,3.951,3.972,881399
2017-08-17,3.978,4.002,3.976,4.001,703318
2017-08-18,3.989,4.012,3.977,4.003,724997
2017-08-21,4.013,4.028,4.004,4.019,490788
2017-08-22,4.018,4.033,4.008,4.025,723347
2017-08-23,4.025,4.051,4.019,4.035,563945
2017-08-24,4.035,4.044,4.01,4.015,764002
2017-08-25,4.014,4.082,4.013,4.081,2023896
2017-08-28,4.084,4.15,4.084,4.125,2297449
2017-08-29,4.126,4.129,4.11,4.117,1218355
2017-08-30,4.116,4.134,4.111,4.113,837835
2017-08-31,4.113,4.123,4.084,4.106,1166771
2017-09-01,4.106,4.124,4.097,4.111,900119
2017-09-04,4.111,4.128,4.092,4.125,1280227
2017-09-05,4.125,4.146,4.122,4.139,703199
2017-09-06,4.13,4.14,4.113,4.127,787843
2017-09-07,4.13,4.142,4.109,4.11,513055
2017-09-08,4.112,4.126,4.09,4.106,586516
2017-09-11,4.111,4.139,4.103,4.112,760060
2017-09-12,4.122,4.135,4.106,4.122,623237
2017-09-13,4.124,4.13,4.107,4.125,593112
2017-09-14,4.123,4.137,4.103,4.112,625455
2017-09-15,4.11,4.123,4.099,4.118,926836
2017-09-18,4.115,4.152,4.112,4.133,1107038
2017-09-19,4.134,4.137,4.094,4.108,887576
2017-09-20,4.106,4.131,4.104,4.126,697777
2017-09-21,4.126,4.138,4.113,4.127,1208403
2017-09-22,4.112,4.121,4.098,4.116,747235
2017-09-25,4.111,4.113,4.092,4.1,845460
2017-09-26,4.095,4.104,4.093,4.102,605663
2017-09-27,4.101,4.116,4.096,4.105,548812
2017-09-28,4.105,4.115,4.095,4.111,496639
2017-09-29,4.111,4.141,4.111,4.124,887626
2017-10-09,4.194,4.207,4.163,4.165,1653137
2017-10-10,4.162,4.179,4.142,4.17,1417638
2017-10-11,4.17,4.191,4.163,4.185,1082136
2017-10-12,4.184,4.203,4.178,4.202,1102176
2017-10-13,4.193,4.211,4.193,4.21,548574
2017-10-16,4.21,4.225,4.195,4.196,1052854
2017-10-17,4.196,4.204,4.185,4.194,734483
2017-10-18,4.193,4.223,4.193,4.218,955523
2017-10-19,4.22,4.22,4.202,4.207,956389
2017-10-20,4.204,4.209,4.195,4.205,516508
2017-10-23,4.209,4.22,4.198,4.217,884069
2017-10-24,4.208,4.244,4.206,4.243,939317
2017-10-25,4.237,4.261,4.233,4.256,640828
2017-10-26,4.257,4.299,4.249,4.285,1403180
2017-10-27,4.28,4.306,4.278,4.305,699862
2017-10-30,4.308,4.312,4.241,4.287,1557692
2017-10-31,4.274,4.289,4.264,4.284,676836
2017-11-01,4.283,4.31,4.266,4.27,1298294
2017-11-02,4.27,4.278,4.253,4.277,982107
2017-11-03,4.273,4.282,4.24,4.266,1125906
2017-11-06,4.26,4.304,4.253,4.302,608521
2017-11-07,4.301,4.352,4.299,4.342,1032092
2017-11-08,4.338,4.377,4.325,4.333,994468
2017-11-09,4.329,4.365,4.324,4.364,1217574
2017-11-10,4.356,4.407,4.348,4.401,1260335
2017-11-13,4.402,4.422,4.399,4.41,889665
2017-11-14,4.412,4.415,4.374,4.378,1327241
2017-11-15,4.371,4.381,4.341,4.348,2554123
2017-11-16,4.347,4.391,4.343,4.387,1933055
2017-11-17,4.38,4.397,4.364,4.392,1888910
2017-11-20,4.38,4.426,4.346,4.425,1403475
2017-11-21,4.419,4.51,4.412,4.508,1728882
2017-11-22,4.509,4.547,4.472,4.507,1549477
2017-11-23,4.501,4.501,4.361,4.371,2992734
2017-11-24,4.361,4.394,4.338,4.375,2160150
2017-11-27,4.362,4.369,4.305,4.308,2731052
2017-11-28,4.303,4.332,4.292,4.327,1048320
2017-11-29,4.331,4.342,4.273,4.323,1191682
2017-11-30,4.319,4.328,4.266,4.276,1176151
2017-12-01,4.275,4.307,4.262,4.279,847133
2017-12-04,4.275,4.313,4.258,4.296,778886
2017-12-05,4.286,4.328,4.285,4.321,818565
2017-12-06,4.312,4.312,4.248,4.29,908335
2017-12-07,4.285,4.298,4.23,4.244,897479
2017-12-08,4.244,4.294,4.239,4.283,941708
2017-12-11,4.282,4.352,4.282,4.35,921278
2017-12-12,4.346,4.346,4.283,4.285,1094855
2017-12-13,4.285,4.323,4.278,4.314,1159791
2017-12-14,4.315,4.326,4.285,4.301,1559102
2017-12-15,4.29,4.292,4.243,4.247,925487
2017-12-18,4.25,4.279,4.235,4.248,1028031
2017-12-19,4.252,4.303,4.252,4.301,1052969
2017-12-20,4.298,4.31,4.283,4.292,930047
2017-12-21,4.284,4.356,4.282,4.342,2415533
2017-12-22,4.34,4.345,4.319,4.323,1297649
2017-12-25,4.326,4.358,4.294,4.304,1702341
2017-12-26,4.307,4.326,4.287,4.316,2089952
2017-12-27,4.317,4.32,4.244,4.248,2084859
2017-12-28,4.253,4.3,4.243,4.285,1939510
2017-12-29,4.288,4.305,4.276,4.298,1083159
2018-01-02,4.308,4.36,4.306,4.358,1688766
2018-01-03,4.358,4.408,4.354,4.38,1267933
2018-01-04,4.38,4.402,4.372,4.393,922207
2018-01-05,4.401,4.419,4.387,4.409,1271317
2018-01-08,4.408,4.436,4.395,4.426,1056967
2018-01-09,4.426,4.463,4.419,4.46,1079461
2018-01-10,4.456,4.482,4.443,4.478,1449657
2018-01-11,4.471,4.478,4.454,4.472,984751
2018-01-12,4.472,4.499,4.467,4.495,1035749
2018-01-15,4.495,4.532,4.483,4.487,1573647
2018-01-16,4.487,4.533,4.482,4.53,1231840
2018-01-17,4.531,4.549,4.503,4.517,1589397
2018-01-18,4.523,4.558,4.52,4.545,1250863
2018-01-19,4.547,4.587,4.544,4.557,2185065
2018-01-22,4.544,4.615,4.544,4.612,1398734
2018-01-23,4.621,4.657,4.618,4.656,1584663
2018-01-24,4.656,4.668,4.624,4.659,1613457
2018-01-25,4.656,4.658,4.609,4.631,1548720
2018-01-26,4.618,4.682,4.613,4.653,984132
2018-01-29,4.663,4.668,4.559,4.57,2140532
2018-01-30,4.56,4.578,4.523,4.526,1616871
2018-01-31,4.514,4.554,4.508,4.539,1667369
2018-02-01,4.538,4.556,4.484,4.509,4390736
2018-02-02,4.478,4.541,4.456,4.535,2127961
2018-02-05,4.497,4.536,4.478,4.531,2308395
2018-02-06,4.468,4.481,4.404,4.411,3131731
2018-02-07,4.468,4.477,4.307,4.313,3395178
2018-02-08,4.308,4.34,4.249,4.28,3123486
2018-02-09,4.173,4.189,4.032,4.095,4168372
2018-02-12,4.104,4.173,4.092,4.15,1935589
2018-02-13,4.185,4.249,4.185,4.197,1624625
2018-02-14,4.209,4.239,4.195,4.232,930356
2018-02-22,4.284,4.321,4.27,4.314,1890641
2018-02-23,4.322,4.346,4.301,4.336,1576572
2018-02-26,4.366,4.401,4.318,4.388,2027723
2018-02-27,4.396,4.397,4.323,4.329,2118233
2018-02-28,4.296,4.323,4.263,4.288,2392246
2018-03-01,4.268,4.335,4.261,4.317,1186369
2018-03-02,4.288,4.311,4.276,4.29,906147
2018-03-05,4.293,4.317,4.258,4.281,960125
2018-03-06,4.31,4.342,4.265,4.341,1335938
2018-03-07,4.338,4.361,4.299,4.308,1397285
2018-03-08,4.31,4.351,4.299,4.349,932075
2018-03-09,4.356,4.385,4.342,4.379,1116871
2018-03-12,4.399,4.416,4.385,4.391,2949892
2018-03-13,4.388,4.395,4.345,4.347,1435128
2018-03-14,4.338,4.353,4.329,4.333,1209034
2018-03-15,4.328,4.366,4.32,4.363,1000794
2018-03-16,4.358,4.373,4.317,4.318,883233
2018-03-19,4.317,4.343,4.297,4.34,809020
2018-03-20,4.327,4.35,4.302,4.338,754936
2018-03-21,4.354,4.382,4.308,4.317,1291003
2018-03-22,4.324,4.337,4.271,4.281,984440
2018-03-23,4.168,4.191,4.093,4.162,2789761
2018-03-26,4.131,4.154,4.095,4.144,2339576
2018-03-27,4.189,4.198,4.153,4.179,1437934
2018-03-28,4.142,4.172,4.097,4.1,1350991
2018-03-29,4.115,4.187,4.061,4.17,1934540
2018-03-30,4.171,4.183,4.146,4.164,923031
2018-04-02,4.165,4.204,4.148,4.151,1775060
2018-04-03,4.127,4.146,4.105,4.126,1409853
2018-04-04,4.135,4.164,4.111,4.116,1028784
2018-04-09,4.12,4.143,4.096,4.121,1191991
2018-04-10,4.125,4.197,4.121,4.196,1590734
2018-04-11,4.206,4.225,4.194,4.201,1364955
2018-04-12,4.2,4.206,4.159,4.16,967303
2018-04-13,4.183,4.195,4.126,4.133,1212468
2018-04-16,4.126,4.138,4.059,4.072,1141596
2018-04-17,4.083,4.088,4.013,4.016,1382998
2018-04-18,4.049,4.063,3.978,4.024,2125677
2018-04-19,4.033,4.087,4.032,4.077,1714952
2018-04-20,4.065,4.078,4.011,4.018,1631786
2018-04-23,4.011,4.057,3.999,4.034,1064100
2018-04-24,4.042,4.123,4.042,4.113,1794867
2018-04-25,4.097,4.105,4.081,4.09,1072139
2018-04-26,4.095,4.102,4.008,4.014,1279569
2018-04-27,4.034,4.037,3.98,4.022,1178762
2018-05-02,4.038,4.057,4.009,4.034,1130980
2018-05-03,4.024,4.07,3.999,4.056,1500874
2018-05-04,4.054,4.067,4.032,4.038,1112294
2018-05-07,4.044,4.103,4.038,4.099,1519753
2018-05-08,4.103,4.159,4.098,4.149,1882644
2018-05-09,4.148,4.149,4.121,4.138,872673
2018-05-10,4.149,4.166,4.13,4.164,994891
2018-05-11,4.171,4.178,4.137,4.141,850968
2018-05-14,4.149,4.184,4.149,4.175,1809287
2018-05-15,4.183,4.19,4.152,4.19,1444888
2018-05-16,4.176,4.185,4.15,4.158,878035
2018-05-17,4.16,4.165,4.124,4.125,835910
2018-05-18,4.13,4.172,4.112,4.167,1916792
2018-05-21,4.193,4.21,4.174,4.186,1582574
2018-05-22,4.186,4.186,4.146,4.17,846888
2018-05-23,4.16,4.161,4.118,4.119,1100045
2018-05-24,4.118,4.128,4.084,4.088,1216400
2018-05-25,4.087,4.107,4.069,4.079,1031684
2018-05-28,4.087,4.118,4.069,4.103,916134
2018-05-29,4.098,4.108,4.065,4.067,1263856
2018-05-30,4.03,4.035,3.994,3.995,1440323
2018-05-31,4.016,4.074,4.01,4.071,1701936
2018-06-01,4.054,4.067,4.028,4.045,1210255
2018-06-04,4.065,4.086,4.052,4.082,1260797
2018-06-05,4.078,4.118,4.071,4.114,1048860
2018-06-06,4.109,4.117,4.099,4.107,835028
2018-06-07,4.121,4.137,4.099,4.106,1098143
2018-06-08,4.098,4.098,4.036,4.055,1353333
2018-06-11,4.039,4.073,4.038,4.065,768349
2018-06-12,4.066,4.116,4.047,4.103,1221684
2018-06-13,4.09,4.095,4.058,4.064,1148817
2018-06-14,4.053,4.089,4.044,4.054,1372526
2018-06-15,4.048,4.07,4.028,4.048,1303403
2018-06-19,4.023,4.023,3.879,3.918,3515761
2018-06-20,3.905,3.935,3.873,3.918,2490303
2018-06-21,3.92,3.964,3.882,3.888,3337200
2018-06-22,3.878,3.905,3.84,3.904,1542610
2018-06-25,3.916,3.922,3.852,3.853,1154245
2018-06-26,3.819,3.839,3.775,3.818,2023402
2018-06-27,3.821,3.828,3.725,3.734,2008945
2018-06-28,3.718,3.767,3.708,3.714,1625310
2018-06-29,3.717,3.811,3.717,3.805,1706050
2018-07-02,3.799,3.803,3.673,3.711,2121981
2018-07-03,3.71,3.721,3.617,3.698,3615524
2018-07-04,3.691,3.708,3.657,3.662,1268909
2018-07-05,3.663,3.695,3.628,3.634,1726212
2018-07-06,3.64,3.699,3.598,3.663,2354378
2018-07-09,3.678,3.765,3.678,3.762,2299572
2018-07-10,3.768,3.775,3.737,3.771,1457345
2018-07-11,3.708,3.728,3.667,3.713,1954318
2018-07-12,3.711,3.814,3.709,3.796,2089340
2018-07-13,3.797,3.811,3.785,3.802,1327476
2018-07-16,3.799,3.827,3.774,3.787,1265179
2018-07-17,3.783,3.787,3.738,3.765,1215374
2018-07-18,3.77,3.803,3.748,3.749,1276137
2018-07-19,3.767,3.79,3.736,3.751,1419531
2018-07-20,3.749,3.833,3.722,3.818,1934022
2018-07-23,3.798,3.85,3.788,3.841,1737761
2018-07-24,3.849,3.925,3.849,3.907,2602805
2018-07-25,3.908,3.913,3.889,3.906,2022573
2018-07-26,3.903,3.917,3.85,3.859,1554862
2018-07-27,3.854,3.872,3.838,3.85,876625
2018-07-30,3.849,3.875,3.812,3.83,1599820
2018-07-31,3.825,3.862,3.821,3.843,1057737
2018-08-01,3.863,3.877,3.762,3.763,2696108
2018-08-02,3.752,3.755,3.646,3.685,2706062
2018-08-03,3.684,3.698,3.636,3.637,1675736
2018-08-06,3.637,3.668,3.581,3.602,2222050
2018-08-07,3.608,3.697,3.591,3.695,2250981
2018-08-08,3.689,3.69,3.631,3.645,1975637
2018-08-09,3.643,3.737,3.631,3.726,2292220
2018-08-10,3.721,3.75,3.704,3.732,1376744
2018-08-13,3.698,3.726,3.66,3.717,1707540
2018-08-14,3.714,3.719,3.68,3.702,971811
2018-08-15,3.7,3.702,3.613,3.62,1514897
2018-08-16,3.598,3.645,3.56,3.606,2077490
2018-08-17,3.63,3.634,3.546,3.555,1801104
2018-08-20,3.563,3.593,3.538,3.59,2046795
2018-08-21,3.589,3.664,3.589,3.647,2322492
2018-08-22,3.653,3.653,3.624,3.641,1165533
2018-08-23,3.643,3.671,3.613,3.651,2450655
2018-08-24,3.645,3.684,3.617,3.656,2031331
2018-08-27,3.663,3.742,3.663,3.741,2241291
2018-08-28,3.742,3.752,3.721,3.731,1432063
2018-08-29,3.727,3.731,3.709,3.718,1323573
2018-08-30,3.718,3.736,3.678,3.684,1629237
2018-08-31,3.67,3.692,3.64,3.658,1491241
2018-09-03,3.654,3.663,3.619,3.651,1405628
2018-09-04,3.65,3.706,3.638,3.691,1749978
2018-09-05,3.678,3.684,3.62,3.621,1952640
2018-09-06,3.619,3.646,3.582,3.592,2133340
2018-09-07,3.602,3.652,3.581,3.614,1850578
2018-09-10,3.601,3.611,3.562,3.566,1603306
2018-09-11,3.567,3.582,3.542,3.554,2253782
2018-09-12,3.553,3.559,3.527,3.531,2061822
2018-09-13,3.564,3.583,3.525,3.566,2597714
2018-09-14,3.57,3.583,3.556,3.571,1756240
2018-09-17,3.553,3.559,3.532,3.54,1156508
2018-09-18,3.529,3.607,3.528,3.603,2367468
2018-09-19,3.598,3.675,3.591,3.648,4463292
2018-09-20,3.648,3.681,3.639,3.646,2440904
2018-09-21,3.656,3.754,3.645,3.752,4773660
2018-09-25,3.715,3.726,3.698,3.717,2089806
2018-09-26,3.718,3.784,3.716,3.755,3015784
2018-09-27,3.743,3.755,3.728,3.74,2312029
2018-09-28,3.745,3.78,3.741,3.776,3022668
2018-10-08,3.699,3.702,3.608,3.609,4299048
2018-10-09,3.616,3.639,3.604,3.616,1965700
2018-10-10,3.619,3.646,3.582,3.614,2636641
2018-10-11,3.518,3.54,3.418,3.442,6675568
2018-10-12,3.446,3.517,3.429,3.501,5007325
2018-10-15,3.507,3.51,3.451,3.454,2926292
2018-10-16,3.458,3.496,3.421,3.433,4938840
2018-10-17,3.473,3.483,3.393,3.444,6437365
2018-10-18,3.423,3.433,3.373,3.374,5932914
2018-10-19,3.358,3.468,3.341,3.453,6731053
2018-10-22,3.518,3.638,3.468,3.621,9341864
2018-10-23,3.618,3.62,3.49,3.508,8599760
2018-10-24,3.504,3.577,3.497,3.513,5306690
2018-10-25,3.438,3.534,3.429,3.529,5283846
2018-10-26,3.536,3.553,3.471,3.496,4499658
2018-10-29,3.487,3.494,3.378,3.399,4083249
2018-10-30,3.389,3.47,3.376,3.436,5465880
2018-10-31,3.443,3.501,3.432,3.473,3798124
2018-11-01,3.509,3.548,3.49,3.496,5178410
2018-11-02,3.618,3.646,3.551,3.631,8571833
2018-11-05,3.608,3.612,3.554,3.588,4511809
2018-11-06,3.576,3.583,3.535,3.567,3370718
2018-11-07,3.57,3.604,3.537,3.54,3920487
2018-11-08,3.572,3.58,3.533,3.537,3121866
2018-11-09,3.519,3.521,3.494,3.496,3006413
2018-11-12,3.488,3.537,3.483,3.532,3474719
2018-11-13,3.496,3.585,3.491,3.566,4499382
2018-11-14,3.556,3.565,3.518,3.526,3412692
2018-11-15,3.526,3.57,3.523,3.569,3344246
2018-11-16,3.574,3.612,3.546,3.579,4153067
2018-11-19,3.578,3.617,3.571,3.616,3650423
2018-11-20,3.594,3.602,3.532,3.543,3825191
2018-11-21,3.513,3.554,3.511,3.546,2891170
2018-11-22,3.553,3.555,3.514,3.537,3222327
2018-11-23,3.531,3.534,3.448,3.452,3672487
2018-11-26,3.461,3.488,3.442,3.457,4260561
2018-11-27,3.469,3.481,3.444,3.454,2798289
2018-11-28,3.455,3.506,3.448,3.502,2517277
2018-11-29,3.519,3.528,3.468,3.47,2037880
2018-11-30,3.468,3.504,3.459,3.503,2691271
2018-12-03,3.595,3.607,3.56,3.587,5925490
2018-12-04,3.582,3.597,3.57,3.592,2204018
2018-12-05,3.556,3.596,3.552,3.577,2694283
2018-12-06,3.549,3.549,3.505,3.51,4354710
2018-12-07,3.512,3.519,3.502,3.503,1924266
2018-12-10,3.481,3.498,3.46,3.473,2601286
2018-12-11,3.481,3.489,3.468,3.486,1518319
2018-12-12,3.503,3.514,3.485,3.497,2090476
2018-12-13,3.503,3.567,3.498,3.552,4177232
2018-12-14,3.541,3.542,3.492,3.495,3001484
2018-12-17,3.489,3.501,3.465,3.491,3507315
2018-12-18,3.475,3.498,3.438,3.451,3278632
2018-12-19,3.454,3.461,3.411,3.418,2910278
2018-12-20,3.411,3.424,3.371,3.395,3465181
2018-12-21,3.387,3.389,3.336,3.356,3864981
2018-12-24,3.345,3.366,3.334,3.363,2414407
2018-12-25,3.335,3.358,3.294,3.344,4031316
2018-12-26,3.335,3.353,3.319,3.327,2164598
2018-12-27,3.365,3.37,3.314,3.32,2353476
2018-12-28,3.326,3.355,3.314,3.327,3892667
2019-01-02,3.338,3.338,3.277,3.285,3509349
2019-01-03,3.284,3.329,3.278,3.285,2681762
2019-01-04,3.269,3.364,3.265,3.362,4798477
2019-01-07,3.377,3.386,3.359,3.375,4168316
2019-01-08,3.375,3.378,3.362,3.375,1970848
2019-01-09,3.387,3.447,3.386,3.398,4396882
2019-01-10,3.397,3.422,3.382,3.401,2476923
2019-01-11,3.399,3.433,3.397,3.424,2513682
2019-01-14,3.423,3.423,3.39,3.397,2039121
2019-01-15,3.401,3.458,3.394,3.456,3518301
2019-01-16,3.458,3.459,3.441,3.456,1877281
2019-01-17,3.456,3.472,3.437,3.439,2381767
2019-01-18,3.448,3.502,3.448,3.493,3889859
2019-01-21,3.493,3.527,3.49,3.51,2851849
2019-01-22,3.504,3.504,3.462,3.47,2543107
2019-01-23,3.462,3.489,3.454,3.462,2255126
2019-01-24,3.466,3.494,3.445,3.486,2543770
2019-01-25,3.489,3.53,3.489,3.51,2722859
2019-01-28,3.524,3.556,3.498,3.506,2966955
2019-01-29,3.499,3.53,3.477,3.52,3587900
2019-01-30,3.505,3.53,3.496,3.499,2129268
2019-01-31,3.511,3.543,3.505,3.529,3342948
2019-02-01,3.546,3.584,3.529,3.582,3512649
2019-02-11,3.572,3.632,3.559,3.627,3872537
2019-02-12,3.626,3.658,3.621,3.651,3728810
2019-02-13,3.656,3.737,3.65,3.72,4278016
2019-02-14,3.716,3.741,3.707,3.724,3797561
2019-02-15,3.708,3.722,3.663,3.668,4479468
2019-02-18,3.69,3.767,3.69,3.765,4711064
2019-02-19,3.772,3.798,3.738,3.756,6782305
2019-02-20,3.764,3.78,3.742,3.765,6116145
2019-02-21,3.766,3.815,3.745,3.761,6352929
2019-02-22,3.756,3.855,3.737,3.853,5921217
2019-02-25,3.907,4.107,3.887,4.102,11513198
2019-02-26,4.071,4.085,4.0,4.017,7820036
2019-02-27,4.016,4.05,3.957,3.997,5994359
2019-02-28,3.996,4.014,3.97,3.99,4628979
2019-03-01,4.017,4.076,3.984,4.065,6527375
2019-03-04,4.097,4.205,4.077,4.104,6603305
2019-03-05,4.101,4.141,4.088,4.136,4431035
2019-03-06,4.136,4.177,4.101,4.162,5804959
2019-03-07,4.157,4.162,4.09,4.12,6184210
2019-03-08,4.041,4.087,3.978,3.988,5360776
2019-03-11,3.988,4.049,3.974,4.037,4523060
2019-03-12,4.065,4.12,4.035,4.062,5307450
2019-03-13,4.065,4.075,4.02,4.04,4832336
2019-03-14,4.032,4.058,3.995,4.013,3621079
2019-03-15,4.023,4.106,4.023,4.062,3870056
2019-03-18,4.063,4.179,4.052,4.177,5714156
2019-03-19,4.179,4.189,4.132,4.149,3970865
2019-03-20,4.145,4.173,4.107,4.149,3278933
2019-03-21,4.153,4.181,4.137,4.151,3800127
2019-03-22,4.15,4.164,4.099,4.156,3023844
2019-03-25,4.095,4.123,4.054,4.061,4359509
2019-03-26,4.075,4.085,4.005,4.022,3201400
2019-03-27,4.036,4.065,4.028,4.054,3507393
2019-03-28,4.041,4.071,4.025,4.044,2568844
2019-03-29,4.052,4.205,4.052,4.196,6344016
2019-04-01,4.221,4.3,4.221,4.296,6910357
2019-04-02,4.298,4.315,4.273,4.289,3839400
2019-04-03,4.267,4.356,4.262,4.342,5420180
2019-04-04,4.354,4.399,4.334,4.389,5213701
2019-04-08,4.425,4.455,4.328,4.363,7639483
2019-04-09,4.369,4.403,4.348,4.387,3712238
2019-04-10,4.369,4.433,4.343,4.393,3859946
2019-04-11,4.393,4.411,4.3,4.323,5021041
2019-04-12,4.31,4.325,4.28,4.309,2823989
2019-04-15,4.371,4.401,4.283,4.284,7225803
2019-04-16,4.265,4.406,4.261,4.404,6690852
2019-04-17,4.403,4.424,4.369,4.394,4181515
2019-04-18,4.394,4.408,4.373,4.387,3569518
2019-04-19,4.39,4.447,4.356,4.447,4578386
2019-04-22,4.447,4.447,4.327,4.344,5775087
2019-04-23,4.332,4.378,4.321,4.337,3532001
2019-04-24,4.346,4.359,4.28,4.343,4631227
2019-04-25,4.327,4.337,4.258,4.26,3785556
2019-04-26,4.246,4.265,4.198,4.206,6288098
2019-04-29,4.215,4.272,4.198,4.221,5593756
2019-04-30,4.215,4.238,4.205,4.223,3992608
2019-05-06,4.105,4.117,3.967,4.0,12145228
2019-05-07,4.015,4.058,3.994,4.034,4835997
2019-05-08,3.984,4.044,3.97,3.986,4753728
2019-05-09,3.962,3.979,3.896,3.934,5540530
2019-05-10,3.962,4.055,3.9,4.047,6719965
2019-05-13,4.012,4.015,3.969,3.979,4257770
2019-05-14,3.957,4.004,3.95,3.961,2900686
2019-05-15,3.989,4.067,3.989,4.039,3575138
2019-05-16,4.034,4.062,4.018,4.057,2474374
2019-05-17,4.057,4.061,3.957,3.973,3153908
2019-05-20,3.961,3.971,3.903,3.933,3882248
2019-05-21,3.932,4.012,3.931,3.978,3503829
2019-05-22,3.981,3.99,3.947,3.969,2835080
2019-05-23,3.952,3.959,3.905,3.911,3106083
2019-05-24,3.913,3.95,3.9,3.917,2994092
2019-05-27,3.918,3.976,3.881,3.96,4351011
2019-05-28,3.955,4.005,3.952,3.977,3850673
2019-05-29,3.967,4.017,3.959,3.979,2928526
2019-05-30,3.973,3.981,3.934,3.977,3054264
2019-05-31,3.969,4.002,3.956,3.959,2760301
2019-06-03,3.972,4.009,3.94,3.967,3308131
2019-06-04,3.964,3.972,3.919,3.934,3263229
2019-06-05,3.959,3.967,3.923,3.926,3285644
2019-06-06,3.926,3.935,3.894,3.895,3660674
2019-06-10,3.907,3.962,3.904,3.941,3354976
2019-06-11,3.947,4.063,3.947,4.054,4667963
2019-06-12,4.049,4.049,4.018,4.026,2597249
2019-06-13,4.022,4.038,3.987,4.019,3012292
2019-06-14,4.021,4.044,3.985,3.997,3445140
2019-06-17,3.991,4.026,3.987,4.0,2352061
2019-06-18,4.005,4.019,3.974,4.008,2653706
2019-06-19,4.099,4.134,4.059,4.062,6289015
2019-06-20,4.061,4.202,4.059,4.17,6609284
2019-06-21,4.182,4.207,4.16,4.177,4219552
2019-06-24,4.182,4.196,4.159,4.183,3074540
2019-06-25,4.182,4.182,4.097,4.144,5057034
2019-06-26,4.122,4.157,4.117,4.145,2402084
2019-06-27,4.147,4.207,4.147,4.187,4730768
2019-06-28,4.187,4.187,4.156,4.186,3862690
2019-07-01,4.249,4.292,4.237,4.281,5102660
2019-07-02,4.281,4.293,4.264,4.287,3338436
2019-07-03,4.278,4.278,4.239,4.254,2518385
2019-07-04,4.247,4.266,4.204,4.228,3860217
2019-07-05,4.227,4.256,4.215,4.248,2362039
2019-07-08,4.23,4.23,4.127,4.158,4225313
2019-07-09,4.163,4.171,4.133,4.149,2183461
2019-07-10,4.162,4.175,4.137,4.15,1744793
2019-07-11,4.165,4.199,4.137,4.151,2345244
2019-07-12,4.148,4.197,4.146,4.182,2460108
2019-07-15,4.168,4.228,4.117,4.196,4484611
2019-07-16,4.19,4.203,4.172,4.18,1828874
2019-07-17,4.169,4.193,4.155,4.174,2199668
2019-07-18,4.161,4.166,4.147,4.149,2305494
2019-07-19,4.159,4.21,4.159,4.189,3199381
2019-07-22,4.189,4.199,4.137,4.159,3088632
2019-07-23,4.163,4.172,4.149,4.168,1670290
2019-07-24,4.181,4.227,4.179,4.199,2974454
2019-07-25,4.198,4.235,4.193,4.234,2336296
2019-07-26,4.217,4.248,4.214,4.239,2857909
2019-07-29,4.237,4.241,4.219,4.233,2471022
2019-07-30,4.237,4.276,4.236,4.251,2396549
2019-07-31,4.238,4.241,4.214,4.223,2164229
2019-08-01,4.206,4.215,4.172,4.187,3124657
2019-08-02,4.117,4.137,4.1,4.128,4906139
2019-08-05,4.112,4.118,4.057,4.062,3542147
2019-08-06,4.003,4.031,3.964,4.023,5837027
2019-08-07,4.032,4.038,3.995,3.999,2785812
2019-08-08,4.023,4.057,4.023,4.053,2809849
2019-08-09,4.066,4.072,4.016,4.024,2109639
2019-08-12,4.035,4.085,4.028,4.083,1801156
2019-08-13,4.054,4.067,4.039,4.051,1553490
2019-08-14,4.096,4.101,4.064,4.065,1937006
2019-08-15,4.007,4.086,4.003,4.08,2443062
2019-08-16,4.078,4.122,4.068,4.096,2574125
2019-08-19,4.125,4.187,4.107,4.186,3279432
2019-08-20,4.178,4.192,4.168,4.17,2069121
2019-08-21,4.168,4.179,4.163,4.169,2422452
2019-08-22,4.179,4.182,4.157,4.177,2647785
2019-08-23,4.18,4.219,4.17,4.204,2856821
2019-08-26,4.15,4.173,4.143,4.161,2674902
2019-08-27,4.176,4.241,4.174,4.201,3661760
2019-08-28,4.2,4.21,4.18,4.189,1739580
2019-08-29,4.194,4.196,4.155,4.178,2339283
2019-08-30,4.203,4.224,4.163,4.188,2762818
2019-09-02,4.186,4.25,4.185,4.231,3019442
2019-09-03,4.237,4.241,4.22,4.235,2313453
2019-09-04,4.236,4.286,4.235,4.284,2937605
2019-09-05,4.298,4.375,4.298,4.321,5274017
2019-09-06,4.334,4.35,4.319,4.348,2640294
2019-09-09,4.375,4.384,4.344,4.364,2828454
2019-09-10,4.361,4.367,4.332,4.353,1686929
2019-09-11,4.365,4.367,4.321,4.324,3041955
2019-09-12,4.337,4.375,4.331,4.365,2172055
2019-09-16,4.373,4.374,4.331,4.351,1818498
2019-09-17,4.345,4.346,4.266,4.278,3810790
2019-09-18,4.293,4.312,4.286,4.295,2010311
2019-09-19,4.311,4.315,4.283,4.314,2421778
2019-09-20,4.321,4.331,4.312,4.32,2325043
2019-09-23,4.309,4.31,4.263,4.285,2898921
2019-09-24,4.287,4.324,4.281,4.288,2114820
2019-09-25,4.281,4.285,4.259,4.261,2349764
2019-09-26,4.276,4.285,4.231,4.234,3170949
2019-09-27,4.24,4.25,4.227,4.243,2677341
2019-09-30,4.237,4.246,4.191,4.196,2632884
2019-10-08,4.201,4.248,4.201,4.221,3234239
2019-10-09,4.212,4.234,4.19,4.232,2507897
2019-10-10,4.23,4.267,4.216,4.26,2363352
2019-10-11,4.268,4.32,4.254,4.308,3060201
2019-10-14,4.329,4.377,4.325,4.337,3956546
2019-10-15,4.336,4.341,4.322,4.324,2950005
2019-10-16,4.329,4.358,4.307,4.31,3143663
2019-10-17,4.314,4.329,4.304,4.316,1936428
2019-10-18,4.318,4.333,4.248,4.258,3081431
2019-10-21,4.249,4.27,4.244,4.267,1849393
2019-10-22,4.275,4.291,4.257,4.282,1641342
2019-10-23,4.283,4.288,4.249,4.261,1478262
2019-10-24,4.262,4.281,4.24,4.266,2021671
2019-10-25,4.26,4.295,4.236,4.29,2502908
2019-10-28,4.297,4.319,4.289,4.313,2674343
2019-10-29,4.316,4.316,4.296,4.3,2095536
2019-10-30,4.293,4.297,4.266,4.274,2628461
2019-10-31,4.283,4.292,4.263,4.272,1927828
2019-11-01,4.267,4.354,4.261,4.353,3206514
2019-11-04,4.352,4.374,4.35,4.366,2359683
2019-11-05,4.366,4.428,4.359,4.389,3529357
2019-11-06,4.387,4.393,4.36,4.372,2059389
2019-11-07,4.372,4.401,4.36,4.377,2377225
2019-11-08,4.407,4.411,4.357,4.361,2972163
2019-11-11,4.34,4.34,4.287,4.294,3470689
2019-11-12,4.289,4.306,4.265,4.289,3300547
2019-11-13,4.284,4.292,4.269,4.286,2020165
2019-11-14,4.286,4.303,4.279,4.289,2385877
2019-11-15,4.29,4.306,4.267,4.27,1877915
2019-11-18,4.268,4.305,4.259,4.298,2408753
2019-11-19,4.296,4.34,4.29,4.338,2378890
2019-11-20,4.337,4.337,4.286,4.297,2166103
2019-11-21,4.287,4.294,4.264,4.277,2448407
2019-11-22,4.286,4.313,4.221,4.235,3547072
2019-11-25,4.242,4.264,4.23,4.263,2524576
2019-11-26,4.274,4.283,4.251,4.269,2858215
2019-11-27,4.267,4.281,4.248,4.263,2112392
2019-11-28,4.263,4.279,4.244,4.257,1694810
2019-11-29,4.249,4.255,4.195,4.214,3029171
2019-12-02,4.218,4.238,4.214,4.222,1743557
2019-12-03,4.213,4.24,4.197,4.238,1985519
2019-12-04,4.227,4.241,4.215,4.24,1589396
2019-12-05,4.248,4.276,4.247,4.269,2192064
2019-12-06,4.271,4.294,4.266,4.293,2130770
2019-12-09,4.293,4.302,4.269,4.28,2322208
2019-12-10,4.273,4.288,4.268,4.283,1869955
2019-12-11,4.291,4.293,4.272,4.289,1704989
2019-12-12,4.29,4.293,4.274,4.278,1371519
2019-12-13,4.313,4.364,4.312,4.357,4360829
2019-12-16,4.356,4.377,4.34,4.369,3028483
2019-12-17,4.367,4.457,4.363,4.431,5256305
2019-12-18,4.432,4.446,4.411,4.416,3631177
2019-12-19,4.419,4.422,4.401,4.409,2641920
2019-12-20,4.408,4.435,4.403,4.405,3287798
2019-12-23,4.404,4.421,4.351,4.353,4471448
2019-12-24,4.354,4.382,4.353,4.374,3127921
2019-12-25,4.374,4.386,4.362,4.381,3105784
2019-12-26,4.378,4.415,4.376,4.41,3322559
2019-12-27,4.414,4.457,4.405,4.406,4368130
2019-12-30,4.395,4.477,4.389,4.464,5423815
2019-12-31,4.458,4.488,4.451,4.485,3521859
2020-01-02,4.509,4.563,4.507,4.538,6276236
2020-01-03,4.545,4.551,4.522,4.528,4696738
2020-01-06,4.515,4.56,4.483,4.512,6665048
2020-01-07,4.523,4.549,4.517,4.544,4649595
2020-01-08,4.524,4.538,4.486,4.503,5628521
2020-01-09,4.527,4.554,4.523,4.547,3944317
2020-01-10,4.554,4.565,4.533,4.546,3795550
2020-01-13,4.545,4.594,4.53,4.591,3736392
2020-01-14,4.591,4.611,4.569,4.573,4099628
2020-01-15,4.573,4.579,4.534,4.541,3196074
2020-01-16,4.548,4.552,4.524,4.535,4162978
2020-01-17,4.541,4.564,4.526,4.54,3216274
2020-01-20,4.545,4.572,4.531,4.57,3534883
2020-01-21,4.552,4.552,4.489,4.494,6182946
2020-01-22,4.478,4.522,4.423,4.508,9073933
2020-01-23,4.47,4.479,4.345,4.385,7535834
2020-02-03,4.119,4.125,4.025,4.048,14710758
2020-02-04,4.039,4.165,4.038,4.159,7358437
2020-02-05,4.173,4.244,4.157,4.196,5532875
2020-02-06,4.212,4.302,4.186,4.286,5279652
2020-02-07,4.259,4.281,4.233,4.277,3469891
2020-02-10,4.257,4.299,4.24,4.29,3985192
2020-02-11,4.298,4.349,4.296,4.332,4222588
2020-02-12,4.328,4.366,4.319,4.36,2907835
2020-02-13,4.359,4.374,4.327,4.339,3259610
2020-02-14,4.334,4.384,4.332,4.366,3139793
2020-02-17,4.375,4.459,4.375,4.453,5811401
2020-02-18,4.446,4.451,4.401,4.428,7099510
2020-02-19,4.425,4.458,4.418,4.429,4403772
2020-02-20,4.444,4.533,4.428,4.52,6052411
2020-02-21,4.512,4.567,4.506,4.534,4444702
2020-02-24,4.512,4.525,4.471,4.501,3727273
2020-02-25,4.44,4.505,4.401,4.493,6038308
2020-02-26,4.453,4.507,4.437,4.459,6417934
2020-02-27,4.472,4.486,4.45,4.46,4753305
2020-02-28,4.399,4.408,4.313,4.322,5600710
2020-03-02,4.337,4.479,4.337,4.465,4266837
2020-03-03,4.506,4.528,4.444,4.462,4087761
2020-03-04,4.454,4.493,4.437,4.491,2954533
2020-03-05,4.54,4.597,4.5,4.589,5478313
2020-03-06,4.556,4.558,4.506,4.51,2499877
2020-03-09,4.457,4.457,4.37,4.379,4236424
2020-03-10,4.381,4.477,4.332,4.467,8596482
2020-03-11,4.467,4.467,4.398,4.4,7032694
2020-03-12,4.362,4.364,4.308,4.337,3881192
2020-03-13,4.222,4.319,4.139,4.278,7178929
2020-03-16,4.274,4.274,4.105,4.115,5710801
2020-03-17,4.148,4.177,4.004,4.082,9852559
2020-03-18,4.095,4.152,4.015,4.02,7833048
2020-03-19,4.023,4.036,3.881,3.985,12481638
2020-03-20,4.001,4.046,3.971,4.033,6786895
2020-03-23,3.929,3.971,3.902,3.915,8072781
2020-03-24,3.978,4.012,3.925,4.0,8328985
2020-03-25,4.082,4.11,4.059,4.095,10100836
2020-03-26,4.072,4.111,4.059,4.072,3556542
2020-03-27,4.118,4.143,4.087,4.089,4915443
2020-03-30,4.048,4.074,4.019,4.055,4971344
2020-03-31,4.092,4.095,4.049,4.058,3740030
2020-04-01,4.053,4.112,4.043,4.062,3554389
2020-04-02,4.047,4.117,4.03,4.112,4630489
2020-04-03,4.099,4.113,4.072,4.086,3247170
2020-04-07,4.149,4.182,4.147,4.169,5467405
2020-04-08,4.155,4.168,4.141,4.154,2219175
2020-04-09,4.17,4.177,4.159,4.165,3285436
2020-04-10,4.165,4.201,4.135,4.153,4642472
2020-04-13,4.139,4.147,4.121,4.132,2466969
2020-04-14,4.149,4.197,4.144,4.194,3761248
2020-04-15,4.194,4.203,4.17,4.172,2392008
2020-04-16,4.159,4.186,4.155,4.174,2273172
2020-04-17,4.203,4.234,4.199,4.208,5704809
2020-04-20,4.215,4.225,4.202,4.224,3822960
2020-04-21,4.209,4.214,4.159,4.184,2927572
2020-04-22,4.168,4.219,4.161,4.218,3456710
2020-04-23,4.221,4.231,4.201,4.211,2015207
2020-04-24,4.196,4.201,4.167,4.179,3058295
2020-04-27,4.181,4.222,4.176,4.196,3094609
2020-04-28,4.209,4.233,4.145,4.22,4228656
2020-04-29,4.215,4.254,4.212,4.24,2778349
2020-04-30,4.254,4.305,4.252,4.297,5279980
2020-05-06,4.254,4.315,4.249,4.307,3834535
2020-05-07,4.307,4.314,4.288,4.3,2746388
2020-05-08,4.318,4.361,4.316,4.342,3706743
2020-05-11,4.348,4.381,4.324,4.335,4123096
2020-05-12,4.336,4.349,4.306,4.334,5866052
2020-05-13,4.322,4.349,4.309,4.343,2783969
2020-05-14,4.329,4.329,4.306,4.31,3001796
2020-05-15,4.317,4.329,4.29,4.291,5435704
2020-05-18,4.29,4.327,4.281,4.303,3020530
2020-05-19,4.339,4.346,4.321,4.332,2781211
2020-05-20,4.329,4.333,4.309,4.316,1975618
2020-05-21,4.322,4.329,4.288,4.29,2365234
2020-05-22,4.287,4.287,4.202,4.204,5328616
2020-05-25,4.201,4.218,4.186,4.206,2505597
2020-05-26,4.223,4.255,4.223,4.252,4751108
2020-05-27,4.252,4.253,4.222,4.234,2311996
2020-05-28,4.236,4.273,4.204,4.239,2840731
2020-05-29,4.219,4.258,4.212,4.255,2509198
2020-06-01,4.287,4.365,4.284,4.357,3509289
2020-06-02,4.357,4.378,4.349,4.368,1628382
2020-06-03,4.387,4.409,4.365,4.367,3657525
2020-06-04,4.38,4.384,4.354,4.369,2813844
2020-06-05,4.368,4.393,4.354,4.392,2013596
2020-06-08,4.409,4.436,4.401,4.411,2856037
2020-06-09,4.413,4.439,4.402,4.438,2944925
2020-06-10,4.434,4.435,4.416,4.429,3183572
2020-06-11,4.422,4.439,4.373,4.392,3051933
2020-06-12,4.351,4.412,4.331,4.402,3090733
2020-06-15,4.371,4.398,4.344,4.345,2805261
2020-06-16,4.384,4.408,4.38,4.407,2476953
2020-06-17,4.409,4.412,4.385,4.411,2790256
2020-06-18,4.402,4.444,4.394,4.442,3430027
2020-06-19,4.439,4.514,4.439,4.494,3695636
2020-06-22,4.494,4.529,4.486,4.498,5212442
2020-06-23,4.489,4.522,4.475,4.517,3981678
2020-06-24,4.527,4.556,4.525,4.553,4579422
2020-06-29,4.539,4.549,4.495,4.517,2126550
2020-06-30,4.537,4.581,4.535,4.567,5424685
2020-07-01,4.576,4.665,4.572,4.661,5740641
2020-07-02,4.659,4.764,4.652,4.759,5504378
2020-07-03,4.775,4.853,4.758,4.846,5867687
2020-07-06,4.916,5.188,4.897,5.173,9293175
2020-07-07,5.21,5.239,5.113,5.125,10745019
2020-07-08,5.123,5.227,5.097,5.187,9034869
2020-07-09,5.185,5.273,5.149,5.261,6424342
2020-07-10,5.227,5.246,5.152,5.174,5644168
2020-07-13,5.171,5.316,5.166,5.274,8243783
2020-07-14,5.266,5.288,5.154,5.231,7376414
2020-07-15,5.249,5.284,5.154,5.173,6624029
2020-07-16,5.179,5.217,4.939,4.945,12899181
2020-07-17,4.959,5.043,4.93,4.994,9042924
2020-07-20,5.036,5.129,4.974,5.116,7249762
2020-07-21,5.138,5.153,5.1,5.128,4653507
2020-07-22,5.121,5.245,5.117,5.181,7054372
2020-07-23,5.131,5.178,5.051,5.155,4305771
2020-07-24,5.115,5.131,4.916,4.943,6482820
2020-07-27,4.972,5.005,4.926,4.971,3111014
2020-07-28,5.004,5.03,4.976,5.006,3742573
2020-07-29,4.994,5.142,4.988,5.138,4883854
2020-07-30,5.139,5.146,5.098,5.103,2974744
2020-07-31,5.099,5.198,5.061,5.139,5185247
2020-08-03,5.179,5.218,5.161,5.214,4343933
2020-08-04,5.238,5.252,5.193,5.218,3114025
2020-08-05,5.211,5.234,5.15,5.22,3006974
2020-08-06,5.22,5.241,5.136,5.202,2246670
2020-08-07,5.192,5.194,5.089,5.154,3430551
2020-08-10,5.122,5.207,5.084,5.17,2404258
2020-08-11,5.174,5.24,5.115,5.123,2480529
2020-08-12,5.114,5.129,5.011,5.091,4240605
2020-08-13,5.104,5.113,5.067,5.076,1978058
2020-08-14,5.077,5.169,5.059,5.167,4221856
2020-08-17,5.187,5.299,5.172,5.266,5634750
2020-08-18,5.271,5.281,5.233,5.259,3493118
2020-08-19,5.256,5.26,5.18,5.183,4058191
2020-08-20,5.159,5.17,5.112,5.132,3442808
2020-08-21,5.157,5.197,5.134,5.173,2893291
2020-08-24,5.195,5.221,5.168,5.203,4159345
2020-08-25,5.216,5.26,5.193,5.212,2161333
2020-08-26,5.209,5.239,5.137,5.153,3349817
2020-08-27,5.159,5.191,5.13,5.189,2074315
2020-08-28,5.182,5.314,5.167,5.306,5549965
2020-08-31,5.334,5.357,5.259,5.263,4886972
2020-09-01,5.255,5.299,5.249,5.297,2405330
2020-09-02,5.308,5.314,5.243,5.293,3859047
2020-09-03,5.287,5.329,5.25,5.273,2298303
2020-09-04,5.199,5.236,5.18,5.218,3751025
2020-09-07,5.209,5.244,5.099,5.121,4457466
2020-09-08,5.129,5.159,5.093,5.145,4858203
2020-09-09,5.089,5.099,5.004,5.034,5154947
2020-09-10,5.073,5.095,5.023,5.038,4235369
2020-09-11,5.019,5.082,5.016,5.074,2799463
2020-09-14,5.096,5.113,5.074,5.101,2635947
2020-09-15,5.094,5.144,5.083,5.136,2928606
2020-09-16,5.134,5.138,5.091,5.108,1889127
2020-09-17,5.092,5.124,5.056,5.079,4081454
2020-09-18,5.084,5.202,5.082,5.2,8735178
2020-09-21,5.204,5.239,5.139,5.145,3816204
2020-09-22,5.114,5.165,5.068,5.088,5785134
2020-09-23,5.092,5.118,5.073,5.102,4660062
2020-09-24,5.074,5.085,5.014,5.025,3445023
2020-09-25,5.032,5.055,5.01,5.028,3253692
2020-09-28,5.031,5.07,5.024,5.038,3046796
2020-09-29,5.059,5.076,5.041,5.049,3158810
2020-09-30,5.062,5.084,5.009,5.035,4549102
2020-10-09,5.11,5.154,5.109,5.128,3596667
2020-10-12,5.154,5.282,5.152,5.276,3609528
2020-10-13,5.277,5.303,5.249,5.292,3200439
2020-10-14,5.279,5.286,5.252,5.268,2789483
2020-10-15,5.263,5.29,5.247,5.256,3305283
2020-10-16,5.253,5.281,5.213,5.242,2835707
2020-10-19,5.269,5.309,5.193,5.211,6019252
2020-10-20,5.2,5.243,5.196,5.241,2739130
2020-10-21,5.244,5.253,5.207,5.247,3488947
2020-10-22,5.233,5.248,5.181,5.231,2571483
2020-10-23,5.221,5.256,5.17,5.175,7768057
2020-10-26,5.146,5.165,5.095,5.139,5071474
2020-10-27,5.126,5.159,5.122,5.153,2993488
2020-10-28,5.151,5.207,5.136,5.193,4828291
2020-10-29,5.148,5.26,5.141,5.237,3710248
2020-10-30,5.227,5.236,5.137,5.146,3845878
2020-11-02,5.148,5.193,5.148,5.174,2001660
2020-11-03,5.189,5.252,5.189,5.225,3561129
2020-11-04,5.234,5.284,5.219,5.262,3447388
2020-11-05,5.309,5.342,5.289,5.338,3758944
2020-11-06,5.347,5.351,5.297,5.34,3541237
2020-11-09,5.369,5.463,5.369,5.437,5979880
2020-11-10,5.449,5.452,5.381,5.41,3847847
2020-11-11,5.397,5.417,5.358,5.363,3940726
2020-11-12,5.369,5.383,5.345,5.36,2580329
2020-11-13,5.34,5.342,5.276,5.309,4329279
2020-11-16,5.334,5.364,5.3,5.362,2851087
2020-11-17,5.356,5.359,5.323,5.353,2987696
2020-11-18,5.349,5.371,5.323,5.346,3606987
2020-11-19,5.335,5.401,5.327,5.388,2700795
2020-11-20,5.389,5.409,5.375,5.403,2845033
2020-11-23,5.419,5.494,5.398,5.461,5211471
2020-11-24,5.458,5.464,5.42,5.429,3461421
2020-11-25,5.444,5.466,5.365,5.367,4251960
2020-11-26,5.365,5.379,5.326,5.374,3958386
2020-11-27,5.374,5.449,5.366,5.445,3787808
2020-11-30,5.458,5.519,5.417,5.42,5351157
2020-12-01,5.416,5.539,5.415,5.531,4752836
2020-12-02,5.534,5.554,5.497,5.52,2929469
2020-12-03,5.515,5.536,5.492,5.518,2489868
2020-12-04,5.509,5.536,5.469,5.529,3301548
2020-12-07,5.529,5.531,5.466,5.485,3593753
2020-12-08,5.485,5.509,5.461,5.469,3612519
2020-12-09,5.484,5.496,5.4,5.409,5685506
2020-12-10,5.399,5.421,5.381,5.399,3189474
2020-12-11,5.409,5.424,5.307,5.343,4030120
2020-12-14,5.348,5.391,5.337,5.387,2518877
2020-12-15,5.387,5.409,5.355,5.402,2844127
2020-12-16,5.409,5.419,5.393,5.412,2840815
2020-12-17,5.411,5.487,5.403,5.483,4662309
2020-12-18,5.479,5.484,5.432,5.454,4607113
2020-12-21,5.451,5.51,5.424,5.499,4458961
2020-12-22,5.488,5.506,5.415,5.422,5153970
2020-12-23,5.429,5.487,5.426,5.463,3386872
2020-12-24,5.463,5.486,5.439,5.463,3833768
2020-12-25,5.443,5.508,5.432,5.505,4033561
2020-12-28,5.501,5.549,5.492,5.519,4471300
2020-12-29,5.527,5.541,5.495,5.503,3427179
2020-12-30,5.499,5.569,5.496,5.567,3406715
2020-12-31,5.577,5.682,5.575,5.676,8617992
2021-01-04,5.669,5.755,5.649,5.723,5067056
2021-01-05,5.71,5.834,5.694,5.822,6228308
2021-01-06,5.836,5.903,5.806,5.871,3749451
2021-01-07,5.879,5.989,5.872,5.988,4706592
2021-01-08,5.997,6.02,5.908,5.96,6975648
2021-01-11,5.961,6.009,5.866,5.897,6359652
2021-01-12,5.885,6.061,5.881,6.057,5962808
2021-01-13,6.073,6.104,5.999,6.035,5524344
2021-01-14,6.035,6.035,5.927,5.932,6960480
2021-01-15,5.932,5.965,5.849,5.915,7090492
2021-01-18,5.912,6.008,5.876,5.974,3967686
2021-01-19,5.979,5.991,5.877,5.899,4170097
2021-01-20,5.897,5.956,5.891,5.929,4223857
2021-01-21,5.944,6.049,5.944,6.023,5116203
2021-01-22,6.018,6.031,5.967,6.026,5543093
2021-01-25,6.025,6.11,5.992,6.092,4501772
2021-01-26,6.068,6.071,5.964,5.972,3927450
2021-01-27,5.966,5.993,5.911,5.982,5915416
2021-01-28,5.921,5.921,5.825,5.846,4699518
2021-01-29,5.868,5.884,5.743,5.809,6221139
2021-02-01,5.809,5.875,5.807,5.872,4362881
2021-02-02,5.881,5.955,5.872,5.952,5731569
2021-02-03,5.952,5.986,5.925,5.946,2819695
2021-02-04,5.921,5.971,5.877,5.935,3000841
2021-02-05,5.947,6.008,5.937,5.943,5600005
2021-02-08,5.981,6.034,5.943,6.015,4750134
2021-02-09,6.036,6.155,6.011,6.153,4182998
2021-02-10,6.167,6.294,6.158,6.268,3419099
2021-02-18,6.384,6.394,6.209,6.225,4707657
2021-02-19,6.203,6.262,6.132,6.257,7090647
2021-02-22,6.246,6.247,6.045,6.05,7760760
2021-02-23,6.011,6.098,6.008,6.035,5912504
2021-02-24,6.049,6.061,5.832,5.888,10112690
2021-02-25,5.942,5.984,5.903,5.939,6693054
2021-02-26,5.85,5.881,5.782,5.79,8370703
2021-03-01,5.842,5.881,5.809,5.879,5582085
2021-03-02,5.907,5.912,5.768,5.81,4338598
2021-03-03,5.794,5.919,5.777,5.915,3611546
2021-03-04,5.861,5.861,5.719,5.748,6449816
2021-03-05,5.663,5.772,5.64,5.727,5936328
2021-03-08,5.761,5.786,5.531,5.541,5637220
2021-03-09,5.538,5.556,5.387,5.44,9317191
2021-03-10,5.498,5.522,5.444,5.461,6365358
2021-03-11,5.485,5.593,5.476,5.59,6206769
2021-03-12,5.606,5.613,5.541,5.603,4482015
2021-03-15,5.579,5.58,5.454,5.501,3865724
2021-03-16,5.503,5.547,5.473,5.534,3232361
2021-03-17,5.52,5.582,5.474,5.557,3062946
2021-03-18,5.569,5.62,5.567,5.597,3196101
2021-03-19,5.533,5.549,5.444,5.458,4921956
2021-03-22,5.456,5.533,5.451,5.515,4234868
2021-03-23,5.51,5.519,5.428,5.47,4916388
2021-03-24,5.449,5.491,5.373,5.394,7550529
2021-03-25,5.367,5.412,5.349,5.39,2849087
2021-03-26,5.411,5.517,5.407,5.494,5565349
2021-03-29,5.506,5.541,5.466,5.504,6392568
2021-03-30,5.501,5.565,5.491,5.548,2682839
2021-03-31,5.544,5.545,5.474,5.511,2308127
2021-04-01,5.517,5.581,5.513,5.573,3229964
2021-04-02,5.591,5.627,5.57,5.622,2803346
2021-04-06,5.634,5.638,5.581,5.594,2346355
2021-04-07,5.599,5.601,5.528,5.559,1752173
2021-04-08,5.542,5.591,5.518,5.57,1407559
2021-04-09,5.556,5.556,5.486,5.499,2223298
2021-04-12,5.487,5.51,5.398,5.415,6639382
2021-04-13,5.407,5.455,5.39,5.408,4535452
2021-04-14,5.413,5.45,5.404,5.436,5271842
2021-04-15,5.421,5.426,5.355,5.408,4935407
2021-04-16,5.42,5.436,5.379,5.424,4998940
2021-04-19,5.42,5.558,5.397,5.55,5673692
2021-04-20,5.532,5.577,5.523,5.542,3698516
2021-04-21,5.51,5.569,5.508,5.554,4143214
2021-04-22,5.562,5.579,5.526,5.55,4483992
2021-04-23,5.542,5.611,5.542,5.601,3229926
2021-04-26,5.612,5.652,5.532,5.537,5380616
2021-04-27,5.541,5.559,5.514,5.55,3177926
2021-04-28,5.532,5.591,5.517,5.588,3012460
2021-04-29,5.589,5.641,5.581,5.634,3809845
2021-04-30,5.622,5.633,5.555,5.589,4042413
2021-05-06,5.57,5.603,5.496,5.522,4075746
2021-05-07,5.534,5.558,5.457,5.461,3382892
2021-05-10,5.465,5.486,5.416,5.46,3691992
2021-05-11,5.428,5.505,5.393,5.486,3979265
2021-05-12,5.475,5.524,5.457,5.517,2539712
2021-05-13,5.477,5.488,5.437,5.462,4725439
2021-05-14,5.481,5.59,5.453,5.588,8489630
2021-05-17,5.584,5.676,5.578,5.649,6672555
2021-05-18,5.66,5.673,5.628,5.651,2834588
2021-05-19,5.641,5.657,5.614,5.637,3933595
2021-05-20,5.633,5.667,5.613,5.651,2701391
2021-05-21,5.658,5.688,5.584,5.596,5410635
2021-05-24,5.596,5.625,5.557,5.624,3496128
2021-05-25,5.624,5.799,5.624,5.788,15361601
2021-05-26,5.792,5.814,5.777,5.789,4868611
2021-05-27,5.781,5.855,5.757,5.808,5307535
2021-05-28,5.807,5.834,5.761,5.793,3456219
2021-05-31,5.79,5.8,5.751,5.799,3286030
2021-06-01,5.794,5.811,5.732,5.807,4544228
2021-06-02,5.812,5.818,5.737,5.764,5776071
2021-06-03,5.761,5.784,5.721,5.723,4432764
2021-06-04,5.711,5.813,5.694,5.756,5581178
2021-06-07,5.756,5.759,5.712,5.75,2652774
2021-06-08,5.75,5.801,5.674,5.708,4542037
2021-06-09,5.694,5.727,5.692,5.716,2595132
2021-06-10,5.71,5.785,5.709,5.75,4041126
2021-06-11,5.754,5.768,5.697,5.701,3375558
2021-06-15,5.701,5.711,5.615,5.642,4312366
2021-06-16,5.636,5.644,5.555,5.571,5573017
2021-06-17,5.561,5.605,5.558,5.582,3422104
2021-06-18,5.581,5.616,5.55,5.587,5237657
2021-06-21,5.569,5.616,5.548,5.58,4492631
2021-06-22,5.601,5.612,5.572,5.606,6783142
2021-06-23,5.613,5.664,5.597,5.637,5864652
2021-06-24,5.641,5.651,5.616,5.65,2175097
2021-06-25,5.654,5.75,5.652,5.731,6192587
2021-06-28,5.739,5.751,5.718,5.74,4454965
2021-06-29,5.74,5.74,5.676,5.686,2901856
2021-06-30,5.687,5.728,5.686,5.717,3711710
2021-07-01,5.734,5.745,5.683,5.715,5643739
2021-07-02,5.681,5.683,5.572,5.574,4422360
2021-07-05,5.574,5.593,5.551,5.581,2575703
2021-07-06,5.581,5.591,5.532,5.588,3816887
2021-07-07,5.566,5.663,5.558,5.641,3494651
2021-07-08,5.65,5.657,5.582,5.597,3280350
2021-07-09,5.581,5.589,5.517,5.573,4262319
2021-07-12,5.611,5.67,5.583,5.641,5966929
2021-07-13,5.64,5.675,5.629,5.657,3464404
2021-07-14,5.652,5.652,5.589,5.6,3824693
2021-07-15,5.592,5.675,5.585,5.668,3552867
2021-07-16,5.661,5.666,5.613,5.617,3702352
2021-07-19,5.608,5.649,5.567,5.639,3320462
2021-07-20,5.601,5.64,5.592,5.626,3066793
2021-07-21,5.641,5.686,5.633,5.665,5784303
2021-07-22,5.666,5.694,5.659,5.67,2696841
2021-07-23,5.671,5.672,5.606,5.618,2681441
2021-07-26,5.598,5.599,5.384,5.443,9152734
2021-07-27,5.44,5.461,5.264,5.27,8072052
2021-07-28,5.264,5.304,5.196,5.28,9133473
2021-07-29,5.36,5.378,5.319,5.367,6402064
2021-07-30,5.344,5.345,5.282,5.333,2258702
2021-08-02,5.317,5.465,5.285,5.454,3752039
2021-08-03,5.432,5.48,5.416,5.456,2330098
2021-08-04,5.445,5.501,5.443,5.5,2486453
2021-08-05,5.465,5.519,5.442,5.47,2098716
2021-08-06,5.461,5.466,5.423,5.454,1126992
2021-08-09,5.431,5.528,5.413,5.509,2290906
2021-08-10,5.497,5.569,5.463,5.566,3241224
2021-08-11,5.559,5.585,5.536,5.539,2391296
2021-08-12,5.521,5.542,5.497,5.507,1339717
2021-08-13,5.494,5.527,5.451,5.48,2025664
2021-08-16,5.474,5.505,5.462,5.477,1862036
2021-08-17,5.471,5.503,5.356,5.365,3523009
2021-08-18,5.365,5.447,5.353,5.418,3847710
2021-08-19,5.401,5.418,5.362,5.384,2403110
2021-08-20,5.373,5.374,5.249,5.294,4184413
2021-08-23,5.304,5.372,5.301,5.366,3529613
2021-08-24,5.371,5.439,5.371,5.418,3177054
2021-08-25,5.426,5.434,5.399,5.432,2076564
2021-08-26,5.429,5.43,5.331,5.347,1948403
2021-08-27,5.34,5.405,5.337,5.36,2322364
2021-08-30,5.372,5.383,5.32,5.342,2155322
2021-08-31,5.343,5.358,5.271,5.34,2450326
2021-09-01,5.341,5.449,5.301,5.41,3865183
2021-09-02,5.421,5.429,5.381,5.406,2240048
2021-09-03,5.406,5.43,5.37,5.379,3483673
2021-09-06,5.379,5.477,5.375,5.463,4945359
2021-09-07,5.461,5.55,5.447,5.526,4574956
2021-09-08,5.53,5.554,5.489,5.505,2369431
2021-09-09,5.492,5.504,5.463,5.503,1825452
2021-09-10,5.498,5.588,5.495,5.552,3893350
2021-09-13,5.546,5.57,5.496,5.525,3200157
2021-09-14,5.526,5.543,5.438,5.459,3277120
2021-09-15,5.451,5.452,5.378,5.406,2707359
2021-09-16,5.406,5.416,5.342,5.35,4293484
2021-09-17,5.349,5.395,5.329,5.389,5139927
2021-09-22,5.321,5.373,5.313,5.356,4916296
2021-09-23,5.378,5.416,5.367,5.385,2869732
2021-09-24,5.389,5.436,5.379,5.392,4647712
2021-09-27,5.406,5.459,5.382,5.424,3598936
2021-09-28,5.416,5.441,5.387,5.415,2636353
2021-09-29,5.383,5.41,5.339,5.382,5922611
2021-09-30,5.384,5.414,5.382,5.396,3129597
2021-10-08,5.439,5.476,5.432,5.467,2446241
2021-10-11,5.475,5.521,5.462,5.466,2603224
2021-10-12,5.448,5.459,5.374,5.414,3306068
2021-10-13,5.406,5.486,5.404,5.47,2535737
2021-10-14,5.464,5.489,5.432,5.443,1998087
2021-10-15,5.44,5.478,5.421,5.467,2179701
2021-10-18,5.464,5.465,5.377,5.409,2512605
2021-10-19,5.401,5.461,5.398,5.456,2884698
2021-10-20,5.461,5.483,5.432,5.442,1566963
2021-10-21,5.441,5.488,5.423,5.464,2240855
2021-10-22,5.471,5.533,5.471,5.497,3345973
2021-10-25,5.483,5.522,5.472,5.514,2653745
2021-10-26,5.516,5.549,5.484,5.497,2479095
2021-10-27,5.485,5.485,5.419,5.431,2781043
2021-10-28,5.421,5.438,5.387,5.41,4413412
2021-10-29,5.407,5.443,5.395,5.442,4264847
2021-11-01,5.418,5.449,5.4,5.426,1950023
2021-11-02,5.423,5.456,5.335,5.374,4294135
2021-11-03,5.371,5.397,5.34,5.354,3406351
2021-11-04,5.374,5.412,5.373,5.401,2844233
2021-11-05,5.391,5.428,5.383,5.384,2656008
2021-11-08,5.381,5.409,5.363,5.38,3124852
2021-11-09,5.396,5.413,5.353,5.378,2628400
2021-11-10,5.374,5.374,5.287,5.353,4894264
2021-11-11,5.343,5.436,5.341,5.433,3523650
2021-11-12,5.437,5.452,5.415,5.431,2729067
2021-11-15,5.435,5.452,5.404,5.425,3359154
2021-11-16,5.427,5.457,5.411,5.421,3518703
2021-11-17,5.414,5.435,5.402,5.42,2269818
2021-11-18,5.408,5.413,5.363,5.376,3606012
2021-11-19,5.371,5.437,5.366,5.431,2759206
2021-11-22,5.435,5.456,5.428,5.444,3536475
2021-11-23,5.437,5.461,5.427,5.447,3172672
2021-11-24,5.447,5.477,5.435,5.458,1785947
2021-11-25,5.459,5.46,5.431,5.439,1372600
2021-11-26,5.426,5.427,5.388,5.397,2046378
2021-11-29,5.361,5.399,5.361,5.39,2338560
2021-11-30,5.393,5.41,5.349,5.372,1836800
2021-12-01,5.372,5.39,5.368,5.385,2116262
2021-12-02,5.381,5.406,5.364,5.395,1610351
2021-12-03,5.395,5.441,5.387,5.44,2196321
2021-12-06,5.443,5.477,5.43,5.435,3328991
2021-12-07,5.456,5.47,5.439,5.463,2124268
2021-12-08,5.468,5.54,5.45,5.535,3411917
2021-12-09,5.539,5.665,5.537,5.619,6332212
2021-12-10,5.604,5.611,5.584,5.604,3961260
2021-12-13,5.628,5.688,5.61,5.617,4290338
2021-12-14,5.598,5.616,5.576,5.586,3626878
2021-12-15,5.581,5.597,5.536,5.54,2035832
2021-12-16,5.543,5.568,5.526,5.567,3773043
2021-12-17,5.559,5.562,5.492,5.494,6226189
2021-12-20,5.48,5.511,5.408,5.419,8518253
2021-12-21,5.414,5.453,5.41,5.44,5171335
2021-12-22,5.453,5.465,5.431,5.443,6660462
2021-12-23,5.454,5.487,5.439,5.481,3023053
2021-12-24,5.487,5.493,5.439,5.458,2603961
2021-12-27,5.458,5.479,5.431,5.462,5044913
2021-12-28,5.462,5.498,5.453,5.488,6399142
2021-12-29,5.486,5.492,5.42,5.421,4038656
2021-12-30,5.421,5.478,5.416,5.457,4744980
2021-12-31,5.471,5.49,5.455,5.469,3514166
2022-01-04,5.486,5.488,5.403,5.451,4863553
2022-01-05,5.44,5.453,5.386,5.404,4640731
2022-01-06,5.384,5.394,5.318,5.348,5172728
2022-01-07,5.361,5.391,5.354,5.36,4785197
2022-01-10,5.349,5.384,5.32,5.373,4911223
2022-01-11,5.373,5.385,5.325,5.328,4122189
2022-01-12,5.345,5.394,5.345,5.38,5113326
2022-01-13,5.391,5.393,5.297,5.299,4882723
2022-01-14,5.286,5.301,5.252,5.255,4100290
2022-01-17,5.259,5.312,5.258,5.296,4983491
2022-01-18,5.293,5.358,5.276,5.342,6241671
2022-01-19,5.351,5.375,5.292,5.316,5224393
2022-01-20,5.311,5.383,5.31,5.354,5412785
2022-01-21,5.346,5.351,5.3,5.32,7814370
2022-01-24,5.296,5.335,5.284,5.322,4605740
2022-01-25,5.298,5.313,5.212,5.216,5952709
2022-01-26,5.231,5.247,5.186,5.242,5218421
2022-01-27,5.229,5.235,5.152,5.161,6076217
2022-01-28,5.173,5.195,5.086,5.09,8583917
2022-02-07,5.161,5.199,5.142,5.162,4845868
2022-02-08,5.162,5.162,5.051,5.14,4481413
2022-02-09,5.142,5.189,5.126,5.179,4589381
2022-02-10,5.186,5.189,5.142,5.168,4953831
2022-02-11,5.15,5.194,5.129,5.132,4617436
2022-02-14,5.116,5.13,5.062,5.083,3299679
2022-02-15,5.084,5.129,5.082,5.125,6043144
2022-02-16,5.146,5.17,5.134,5.146,4498005
2022-02-17,5.141,5.18,5.135,5.156,6290407
2022-02-18,5.136,5.181,5.131,5.18,3041052
2022-02-21,5.172,5.173,5.141,5.163,3241951
2022-02-22,5.126,5.133,5.085,5.103,3153168
2022-02-23,5.116,5.154,5.107,5.151,4469039
2022-02-24,5.126,5.138,5.025,5.066,5912365
2022-02-25,5.089,5.147,5.089,5.101,3844661
2022-02-28,5.098,5.109,5.058,5.107,2693171
2022-03-01,5.124,5.153,5.109,5.145,3261629
2022-03-02,5.125,5.126,5.088,5.11,1946013
2022-03-03,5.126,5.136,5.071,5.081,2006899
2022-03-04,5.041,5.07,5.016,5.03,4053766
2022-03-07,4.995,4.995,4.864,4.882,5831130
2022-03-08,4.883,4.907,4.784,4.8,6917081
2022-03-09,4.808,4.83,4.606,4.76,7867488
2022-03-10,4.836,4.862,4.818,4.82,5528465
2022-03-11,4.764,4.854,4.711,4.848,3973422
2022-03-14,4.786,4.81,4.707,4.708,4331004
2022-03-15,4.671,4.7,4.504,4.509,10444778
2022-03-16,4.571,4.706,4.478,4.682,13251385
2022-03-17,4.759,4.83,4.741,4.766,11475616
2022-03-18,4.746,4.812,4.725,4.794,4030217
2022-03-21,4.799,4.816,4.748,4.788,3720164
2022-03-22,4.768,4.818,4.767,4.784,2504225
2022-03-23,4.794,4.822,4.776,4.809,3082447
2022-03-24,4.786,4.806,4.749,4.782,2206418
2022-03-25,4.781,4.79,4.703,4.705,3568083
2022-03-28,4.67,4.71,4.619,4.68,4155938
2022-03-29,4.691,4.709,4.655,4.662,2310331
2022-03-30,4.69,4.788,4.69,4.785,5002575
2022-03-31,4.775,4.78,4.746,4.754,4242790
2022-04-01,4.723,4.825,4.721,4.805,3752472
2022-04-06,4.779,4.805,4.764,4.793,3398938
2022-04-07,4.773,4.804,4.738,4.741,2783984
2022-04-08,4.744,4.772,4.711,4.769,3202713
2022-04-11,4.741,4.742,4.624,4.637,5800585
2022-04-12,4.639,4.712,4.612,4.707,8064759
2022-04-13,4.687,4.723,4.671,4.675,3872602
2022-04-14,4.712,4.748,4.689,4.719,5736892
2022-04-15,4.696,4.742,4.686,4.717,5322380
2022-04-18,4.681,4.7,4.653,4.697,2797093
2022-04-19,4.696,4.722,4.646,4.67,3139962
2022-04-20,4.668,4.674,4.594,4.6,3903434
2022-04-21,4.588,4.617,4.511,4.532,7925085
2022-04-22,4.501,4.573,4.488,4.542,6173784
2022-04-25,4.481,4.495,4.343,4.349,16542844
2022-04-26,4.352,4.409,4.31,4.319,15437597
2022-04-27,4.307,4.427,4.296,4.425,13725839
2022-04-28,4.408,4.471,4.405,4.451,10729261
2022-04-29,4.465,4.555,4.429,4.551,7631212
2022-05-05,4.516,4.567,4.506,4.536,7360954
2022-05-06,4.461,4.479,4.436,4.439,5206697
2022-05-09,4.414,4.442,4.386,4.407,3187006
2022-05-10,4.369,4.469,4.344,4.452,5474672
2022-05-11,4.445,4.562,4.445,4.507,6290116
2022-05-12,4.491,4.515,4.469,4.487,3071058
2022-05-13,4.524,4.535,4.488,4.518,2799732
2022-05-16,4.536,4.55,4.476,4.487,4425843
2022-05-17,4.496,4.537,4.485,4.536,3008496
2022-05-18,4.543,4.553,4.496,4.522,2640173
2022-05-19,4.483,4.533,4.472,4.531,3249620
2022-05-20,4.556,4.616,4.546,4.615,6004614
2022-05-23,4.615,4.615,4.557,4.583,5120913
2022-05-24,4.582,4.585,4.496,4.501,4156645
2022-05-25,4.496,4.52,4.484,4.518,4576841
2022-05-26,4.519,4.556,4.468,4.528,4816141
2022-05-27,4.558,4.593,4.521,4.538,5532972
2022-05-30,4.556,4.579,4.543,4.561,4505319
2022-05-31,4.561,4.639,4.552,4.625,4522581
2022-06-01,4.625,4.632,4.596,4.619,3774345
2022-06-02,4.602,4.634,4.594,4.63,2901326
2022-06-06,4.628,4.713,4.601,4.712,4238359
2022-06-07,4.697,4.738,4.691,4.718,3808642
2022-06-08,4.721,4.766,4.701,4.76,4272911
2022-06-09,4.751,4.77,4.709,4.726,2916148
2022-06-10,4.695,4.796,4.694,4.784,6480691
2022-06-13,4.746,4.759,4.706,4.732,5799003
2022-06-14,4.701,4.776,4.651,4.772,6249025
2022-06-15,4.769,4.9,4.769,4.821,11218852
2022-06-16,4.834,4.853,4.785,4.794,5075120
2022-06-17,4.777,4.873,4.771,4.857,7156474
2022-06-20,4.867,4.924,4.844,4.878,7324345
2022-06-21,4.878,4.914,4.841,4.876,4224016
2022-06-22,4.876,4.883,4.818,4.826,3619643
2022-06-23,4.827,4.903,4.82,4.901,4056939
2022-06-24,4.911,4.962,4.899,4.949,4148339
2022-06-27,4.965,5.035,4.965,4.997,4559811
2022-06-28,4.996,5.062,4.969,5.049,3748824
2022-06-29,5.034,5.063,4.979,4.994,5448356
2022-06-30,4.99,5.081,4.989,5.044,5680516
2022-07-01,5.056,5.061,5.01,5.029,4455712
2022-07-04,5.014,5.059,4.985,5.057,3874217
2022-07-05,5.062,5.101,4.998,5.047,3921158
2022-07-06,5.036,5.046,4.959,4.988,3189627
2022-07-07,4.981,5.024,4.958,5.004,4030460
2022-07-08,5.027,5.049,4.993,5.0,2082490
2022-07-11,4.982,4.982,4.906,4.924,4522075
2022-07-12,4.918,4.943,4.874,4.888,3435392
2022-07-13,4.891,4.915,4.864,4.895,2956003
2022-07-14,4.891,4.925,4.872,4.896,3264143
2022-07-15,4.886,4.936,4.829,4.831,7373071
2022-07-18,4.848,4.895,4.81,4.877,3891151
2022-07-19,4.873,4.873,4.821,4.855,3535270
2022-07-20,4.876,4.896,4.854,4.867,2998384
2022-07-21,4.851,4.874,4.821,4.822,3104926
2022-07-22,4.837,4.871,4.795,4.825,3147688
2022-07-25,4.821,4.824,4.789,4.807,2516761
2022-07-26,4.813,4.856,4.81,4.836,3762545
2022-07-27,4.826,4.833,4.804,4.812,2571786
2022-07-28,4.828,4.866,4.811,4.815,3695810
2022-07-29,4.819,4.841,4.747,4.756,4712654
2022-08-01,4.742,4.784,4.717,4.774,2983915
2022-08-02,4.746,4.746,4.668,4.703,5439733
2022-08-03,4.716,4.745,4.647,4.658,3766628
2022-08-04,4.675,4.698,4.658,4.689,2617509
2022-08-05,4.692,4.76,4.689,4.754,3933852
2022-08-08,4.737,4.755,4.729,4.74,1572824
2022-08-09,4.738,4.755,4.726,4.747,2418244
2022-08-10,4.738,4.752,4.684,4.702,2037632
2022-08-11,4.719,4.796,4.712,4.79,3480503
2022-08-12,4.788,4.802,4.774,4.791,2055898
2022-08-15,4.778,4.822,4.774,4.781,2328228
2022-08-16,4.786,4.808,4.763,4.771,1684834
2022-08-17,4.772,4.823,4.747,4.812,2810228
2022-08-18,4.806,4.81,4.77,4.775,1999681
2022-08-19,4.771,4.787,4.743,4.745,2894411
2022-08-22,4.736,4.784,4.732,4.772,3109324
2022-08-23,4.769,4.786,4.739,4.758,2758776
2022-08-24,4.77,4.774,4.672,4.681,4031611
2022-08-25,4.689,4.722,4.66,4.717,3325107
2022-08-26,4.715,4.737,4.704,4.711,2268554
2022-08-29,4.677,4.697,4.661,4.686,2345945
2022-08-30,4.69,4.692,4.642,4.677,2320948
2022-08-31,4.66,4.718,4.649,4.677,5552796
2022-09-01,4.666,4.689,4.634,4.643,3202516
2022-09-02,4.646,4.655,4.6,4.62,2637374
2022-09-05,4.611,4.619,4.576,4.618,2158650
2022-09-06,4.631,4.652,4.61,4.647,2641015
2022-09-07,4.633,4.667,4.63,4.655,1835728
2022-09-08,4.659,4.667,4.636,4.637,1716322
2022-09-09,4.643,4.703,4.642,4.695,3929759
2022-09-13,4.702,4.731,4.698,4.709,3274312
2022-09-14,4.67,4.691,4.65,4.663,4299139
2022-09-15,4.67,4.683,4.601,4.626,5888444
2022-09-16,4.613,4.623,4.532,4.536,7257809
2022-09-19,4.53,4.551,4.511,4.525,3977904
2022-09-20,4.542,4.559,4.516,4.527,3015150
2022-09-21,4.516,4.526,4.479,4.497,3634886
2022-09-22,4.481,4.5,4.456,4.468,2798468
2022-09-23,4.468,4.487,4.428,4.46,5202490
2022-09-26,4.436,4.494,4.43,4.435,7560336
2022-09-27,4.446,4.493,4.428,4.485,5191603
2022-09-28,4.471,4.474,4.426,4.429,5300816
2022-09-29,4.452,4.473,4.409,4.43,5060836
2022-09-30,4.431,4.451,4.401,4.404,6383788
2022-10-10,4.403,4.406,4.313,4.325,6841092
2022-10-11,4.327,4.34,4.306,4.322,4913807
2022-10-12,4.323,4.387,4.255,4.384,7315130
2022-10-13,4.352,4.383,4.342,4.351,3451403
2022-10-14,4.388,4.459,4.379,4.439,7496291
2022-10-17,4.431,4.442,4.405,4.438,3887601
2022-10-18,4.46,4.466,4.423,4.431,4311344
2022-10-19,4.426,4.438,4.37,4.372,2881623
2022-10-20,4.356,4.412,4.327,4.36,3723050
2022-10-21,4.373,4.375,4.32,4.338,3275721
2022-10-24,4.335,4.369,4.222,4.24,6297940
2022-10-25,4.228,4.275,4.197,4.224,8235170
2022-10-26,4.226,4.304,4.225,4.252,6862870
2022-10-27,4.275,4.286,4.225,4.226,5123971
2022-10-28,4.213,4.219,4.131,4.14,7381372
2022-10-31,4.116,4.152,4.088,4.101,5976564
2022-11-01,4.121,4.241,4.116,4.239,10691572
2022-11-02,4.221,4.303,4.214,4.273,7516463
2022-11-03,4.253,4.268,4.225,4.243,4881107
2022-11-04,4.241,4.387,4.24,4.37,11292457
2022-11-07,4.346,4.391,4.345,4.37,5340734
2022-11-08,4.37,4.379,4.323,4.347,8012579
2022-11-09,4.347,4.36,4.303,4.307,5209240
2022-11-10,4.286,4.302,4.263,4.286,5064964
2022-11-11,4.378,4.434,4.346,4.384,13767023
2022-11-14,4.434,4.455,4.376,4.386,8509669
2022-11-15,4.378,4.47,4.371,4.461,7671835
2022-11-16,4.454,4.474,4.427,4.432,5377972
2022-11-17,4.422,4.422,4.371,4.415,7916228
2022-11-18,4.418,4.438,4.395,4.402,6491949
2022-11-21,4.373,4.373,4.326,4.369,5182489
2022-11-22,4.363,4.407,4.341,4.367,6490256
2022-11-23,4.356,4.392,4.35,4.37,5487916
2022-11-24,4.386,4.404,4.346,4.352,4821489
2022-11-25,4.355,4.39,4.341,4.373,5492158
2022-11-28,4.308,4.335,4.266,4.328,6260914
2022-11-29,4.35,4.453,4.35,4.444,7207068
2022-11-30,4.434,4.463,4.431,4.447,4594858
2022-12-01,4.516,4.546,4.491,4.492,6354126
2022-12-02,4.491,4.5,4.467,4.469,10304210
2022-12-05,4.51,4.543,4.493,4.54,8761771
2022-12-06,4.528,4.586,4.524,4.563,7658073
2022-12-07,4.556,4.602,4.536,4.551,6820751
2022-12-08,4.551,4.569,4.539,4.56,5094095
2022-12-09,4.559,4.605,4.544,4.594,6474552
2022-12-12,4.581,4.581,4.548,4.552,4668575
2022-12-13,4.554,4.564,4.536,4.541,3636743
2022-12-14,4.546,4.569,4.531,4.551,6219074
2022-12-15,4.552,4.561,4.524,4.549,5307513
2022-12-16,4.547,4.562,4.528,4.553,9083687
2022-12-19,4.558,4.569,4.478,4.495,7451965
2022-12-20,4.481,4.484,4.409,4.432,8155655
2022-12-21,4.437,4.447,4.418,4.429,5230558
2022-12-22,4.452,4.48,4.417,4.437,6878210
2022-12-23,4.42,4.448,4.408,4.427,10847910
2022-12-26,4.426,4.456,4.424,4.436,6511937
2022-12-27,4.476,4.489,4.455,4.483,5820488
2022-12-28,4.475,4.481,4.453,4.47,6492690
2022-12-29,4.455,4.469,4.432,4.458,7212710
2022-12-30,4.473,4.487,4.47,4.474,6302286
2023-01-03,4.473,4.497,4.426,4.485,6563108
2023-01-04,4.484,4.501,4.467,4.49,9807997
2023-01-05,4.511,4.571,4.508,4.565,7745023
2023-01-06,4.566,4.598,4.562,4.581,5410808
2023-01-09,4.601,4.622,4.588,4.606,7809599
2023-01-10,4.604,4.628,4.598,4.612,7442622
2023-01-11,4.613,4.641,4.605,4.612,5715114
2023-01-12,4.619,4.631,4.604,4.618,3255872
2023-01-13,4.625,4.684,4.625,4.68,6559090
2023-01-16,4.685,4.784,4.683,4.743,17163759
2023-01-17,4.743,4.752,4.722,4.739,6015131
2023-01-18,4.746,4.752,4.726,4.73,4456901
2023-01-19,4.721,4.76,4.703,4.758,6074324
2023-01-20,4.773,4.794,4.765,4.781,5700822
2023-01-30,4.86,4.867,4.798,4.805,8013471
2023-01-31,4.808,4.817,4.752,4.759,11392222
2023-02-01,4.764,4.792,4.733,4.79,7156520
2023-02-02,4.802,4.805,4.763,4.78,10018528
2023-02-03,4.754,4.757,4.701,4.737,9600521
2023-02-06,4.703,4.704,4.658,4.68,7314597
2023-02-07,4.686,4.701,4.67,4.69,5539881
2023-02-08,4.692,4.709,4.665,4.673,4628713
2023-02-09,4.667,4.731,4.663,4.727,5958886
2023-02-10,4.728,4.728,4.686,4.703,5205224
2023-02-13,4.69,4.741,4.683,4.735,8280101
2023-02-14,4.741,4.747,4.719,4.744,3326324
2023-02-15,4.741,4.754,4.708,4.716,6455068
2023-02-16,4.72,4.768,4.662,4.687,7925101
2023-02-17,4.685,4.701,4.625,4.629,7433949
2023-02-20,4.634,4.737,4.628,4.734,10495255
2023-02-21,4.734,4.75,4.714,4.739,5609025
2023-02-22,4.723,4.734,4.692,4.699,4529454
2023-02-23,4.703,4.725,4.681,4.699,4655595
2023-02-24,4.698,4.698,4.64,4.66,8087762
2023-02-27,4.64,4.663,4.628,4.645,4569575
2023-02-28,4.657,4.676,4.62,4.671,4845454
2023-03-01,4.667,4.736,4.66,4.72,11804810
2023-03-02,4.71,4.734,4.707,4.715,4391329
2023-03-03,4.726,4.736,4.694,4.724,4201757
2023-03-06,4.725,4.727,4.68,4.699,9293025
2023-03-07,4.695,4.718,4.639,4.642,6746494
2023-03-08,4.63,4.635,4.61,4.626,4313154
2023-03-09,4.632,4.636,4.592,4.616,4079365
2023-03-10,4.59,4.604,4.559,4.561,4981129
2023-03-13,4.561,4.608,4.561,4.605,4674529
2023-03-14,4.6,4.6,4.545,4.58,4635416
2023-03-15,4.606,4.616,4.578,4.579,3933011
2023-03-16,4.56,4.579,4.53,4.533,4331438
2023-03-17,4.56,4.604,4.535,4.554,11235012
2023-03-20,4.554,4.576,4.526,4.532,5709548
2023-03-21,4.543,4.579,4.541,4.575,5567437
2023-03-22,4.585,4.609,4.579,4.593,5817562
2023-03-23,4.58,4.632,4.578,4.631,5344729
2023-03-24,4.623,4.634,4.614,4.626,2548953
2023-03-27,4.625,4.625,4.584,4.605,4912547
2023-03-28,4.606,4.618,4.59,4.597,5072061
2023-03-29,4.618,4.619,4.591,4.597,6163363
2023-03-30,4.598,4.641,4.581,4.64,5572070
2023-03-31,4.645,4.663,4.639,4.65,6711625
2023-04-03,4.65,4.691,4.645,4.68,5513397
2023-04-04,4.68,4.702,4.672,4.7,4803087
2023-04-06,4.685,4.693,4.673,4.688,3782868
2023-04-07,4.688,4.729,4.686,4.717,3295857
2023-04-10,4.728,4.729,4.698,4.702,4743616
2023-04-11,4.705,4.712,4.678,4.692,5359550
2023-04-12,4.693,4.698,4.68,4.688,3358337
2023-04-13,4.679,4.685,4.657,4.663,4021907
2023-04-14,4.675,4.694,4.671,4.684,4560326
2023-04-17,4.681,4.747,4.68,4.745,6325480
2023-04-18,4.744,4.763,4.736,4.752,4160543
2023-04-19,4.754,4.754,4.715,4.719,4085730
2023-04-20,4.718,4.722,4.69,4.703,6073086
2023-04-21,4.703,4.706,4.624,4.63,6836486
2023-04-24,4.629,4.632,4.563,4.579,5940937
2023-04-25,4.58,4.588,4.524,4.56,9664268
2023-04-26,4.558,4.57,4.534,4.551,9034653
2023-04-27,4.548,4.6,4.54,4.586,4677697
2023-04-28,4.597,4.63,4.591,4.625,4518062
2023-05-04,4.613,4.627,4.596,4.625,3378611
2023-05-05,4.626,4.638,4.589,4.609,3379499
2023-05-08,4.616,4.664,4.611,4.654,6848152
2023-05-09,4.659,4.685,4.619,4.619,5668907
2023-05-10,4.617,4.619,4.58,4.588,9165933
2023-05-11,4.598,4.608,4.58,4.583,3216150
2023-05-12,4.582,4.596,4.53,4.532,5187745
2023-05-15,4.534,4.596,4.523,4.595,8107574
2023-05-16,4.594,4.6,4.562,4.578,4068203
2023-05-17,4.571,4.582,4.541,4.551,6405805
2023-05-18,4.558,4.578,4.531,4.55,7006002
2023-05-19,4.54,4.566,4.522,4.544,3417126
2023-05-22,4.543,4.585,4.53,4.564,5003757
2023-05-23,4.567,4.571,4.506,4.507,6117573
2023-05-24,4.502,4.503,4.452,4.454,7672776
2023-05-25,4.448,4.458,4.412,4.445,4918567
2023-05-26,4.443,4.461,4.413,4.45,4462037
2023-05-29,4.458,4.47,4.419,4.434,4030135
2023-05-30,4.426,4.447,4.39,4.438,5720979
2023-05-31,4.428,4.428,4.385,4.402,7338757
2023-06-01,4.399,4.44,4.394,4.41,6749757
2023-06-02,4.43,4.473,4.43,4.463,6929781
2023-06-05,4.457,4.461,4.435,4.445,3611549
2023-06-06,4.446,4.474,4.404,4.408,4115697
2023-06-07,4.42,4.427,4.383,4.396,3721767
2023-06-08,4.396,4.443,4.383,4.428,3834889
2023-06-09,4.429,4.447,4.422,4.444,5270689
2023-06-12,4.44,4.47,4.425,4.448,4596593
2023-06-13,4.44,4.48,4.437,4.477,3503880
2023-06-14,4.479,4.504,4.475,4.477,4441136
2023-06-15,4.486,4.543,4.48,4.542,5084305
2023-06-16,4.549,4.588,4.549,4.579,6021488
2023-06-19,4.579,4.579,4.544,4.549,4003074
2023-06-20,4.541,4.559,4.536,4.542,3538923
2023-06-21,4.535,4.539,4.485,4.487,4893537
2023-06-26,4.466,4.47,4.431,4.443,6404956
2023-06-27,4.442,4.479,4.435,4.469,3971021
2023-06-28,4.463,4.478,4.437,4.477,4627456
2023-06-29,4.477,4.479,4.447,4.459,3002626
2023-06-30,4.458,4.5,4.453,4.482,5299183
2023-07-03,4.49,4.539,4.488,4.527,4739097
2023-07-04,4.525,4.536,4.519,4.534,2521213
2023-07-05,4.528,4.534,4.501,4.507,2712152
2023-07-06,4.5,4.52,4.474,4.479,3467439
2023-07-07,4.475,4.484,4.459,4.468,3022777
2023-07-10,4.486,4.51,4.472,4.484,4284868
2023-07-11,4.497,4.515,4.487,4.51,5874389
2023-07-12,4.514,4.52,4.481,4.491,3894108
2023-07-13,4.51,4.557,4.51,4.554,5722866
2023-07-14,4.56,4.564,4.55,4.552,3632621
2023-07-17,4.546,4.546,4.508,4.524,4486126
2023-07-18,4.525,4.532,4.505,4.518,2666707
2023-07-19,4.51,4.524,4.495,4.516,5012407
2023-07-20,4.523,4.542,4.481,4.488,8715071
2023-07-21,4.488,4.517,4.475,4.49,7272501
2023-07-24,4.47,4.497,4.464,4.473,4549820
2023-07-25,4.52,4.586,4.52,4.585,11409824
2023-07-26,4.58,4.582,4.561,4.576,5880386
2023-07-27,4.585,4.598,4.56,4.572,6024658
2023-07-28,4.553,4.675,4.553,4.668,14964884
2023-07-31,4.7,4.741,4.674,4.684,17906350
2023-08-01,4.68,4.705,4.655,4.666,11359816
2023-08-02,4.659,4.68,4.626,4.637,7894398
2023-08-03,4.631,4.675,4.631,4.673,7379311
2023-08-04,4.715,4.732,4.68,4.694,14223575
2023-08-07,4.676,4.676,4.649,4.663,12814224
2023-08-08,4.648,4.675,4.635,4.648,11165791
2023-08-09,4.638,4.655,4.634,4.64,13325079
2023-08-10,4.638,4.65,4.614,4.645,9382509
2023-08-11,4.645,4.648,4.548,4.55,12885598
2023-08-14,4.519,4.532,4.484,4.523,10386003
2023-08-15,4.527,4.535,4.481,4.519,8165194
2023-08-16,4.502,4.522,4.487,4.489,8558495
2023-08-17,4.471,4.509,4.455,4.502,11561183
2023-08-18,4.504,4.514,4.451,4.452,12755465
2023-08-21,4.443,4.454,4.397,4.4,11009244
2023-08-22,4.418,4.441,4.372,4.423,13315289
2023-08-23,4.41,4.421,4.359,4.368,10824197
2023-08-24,4.375,4.42,4.372,4.391,9526548
2023-08-25,4.376,4.409,4.368,4.384,11745355
2023-08-28,4.611,4.611,4.41,4.437,28220118
2023-08-29,4.42,4.488,4.418,4.459,21940525
2023-08-30,4.464,4.484,4.45,4.458,10361323
2023-08-31,4.458,4.465,4.43,4.439,8384688
2023-09-01,4.457,4.48,4.45,4.462,7926925
2023-09-04,4.49,4.53,4.474,4.52,11855233
2023-09-05,4.51,4.512,4.485,4.493,6297701
2023-09-06,4.48,4.493,4.466,4.483,7151761
2023-09-07,4.475,4.476,4.426,4.43,9410350
2023-09-08,4.415,4.428,4.396,4.409,8186358
2023-09-11,4.41,4.461,4.403,4.437,8166508
2023-09-12,4.434,4.446,4.425,4.432,5949369
2023-09-13,4.431,4.442,4.387,4.407,10321331
2023-09-14,4.406,4.418,4.385,4.404,9282830
2023-09-15,4.411,4.418,4.369,4.387,11906221
2023-09-18,4.378,4.411,4.364,4.4,9859264
2023-09-19,4.396,4.398,4.372,4.395,7270063
2023-09-20,4.385,4.393,4.377,4.377,6341355
2023-09-21,4.369,4.383,4.341,4.342,8991970
2023-09-22,4.336,4.418,4.335,4.417,12471166
2023-09-25,4.406,4.409,4.382,4.389,7009057
2023-09-26,4.386,4.397,4.366,4.368,8629085
2023-09-27,4.367,4.405,4.366,4.378,10780540
2023-09-28,4.385,4.391,4.356,4.364,11206124
2023-10-09,4.357,4.368,4.313,4.354,8752131
2023-10-10,4.366,4.378,4.324,4.327,9279324
2023-10-11,4.345,4.362,4.327,4.335,8934987
2023-10-12,4.37,4.385,4.352,4.371,9335216
2023-10-13,4.35,4.351,4.324,4.336,11350953
2023-10-16,4.336,4.338,4.282,4.293,11389806
2023-10-17,4.3,4.313,4.287,4.305,8880603
2023-10-18,4.299,4.303,4.275,4.277,8102706
2023-10-19,4.26,4.26,4.195,4.2,16903688
2023-10-20,4.183,4.2,4.165,4.182,17404462
2023-10-23,4.168,4.17,4.112,4.144,27102417
2023-10-24,4.153,4.163,4.12,4.149,15350130
2023-10-25,4.188,4.203,4.167,4.169,13833516
2023-10-26,4.155,4.186,4.148,4.182,11436095
2023-10-27,4.174,4.249,4.165,4.236,16476624
2023-10-30,4.222,4.263,4.22,4.252,9614014
2023-10-31,4.245,4.25,4.222,4.244,8396600
2023-11-01,4.28,4.28,4.232,4.242,8119834
2023-11-02,4.248,4.269,4.224,4.225,10753816
2023-11-03,4.231,4.268,4.23,4.253,10578227
2023-11-06,4.275,4.305,4.274,4.301,11766496
2023-11-07,4.292,4.301,4.276,4.29,6575291
2023-11-08,4.283,4.296,4.258,4.279,11353212
2023-11-09,4.271,4.295,4.269,4.282,8185694
2023-11-10,4.268,4.268,4.243,4.255,7841768
2023-11-13,4.259,4.266,4.23,4.25,6744633
2023-11-14,4.254,4.27,4.235,4.25,7533172
2023-11-15,4.28,4.291,4.263,4.275,9940631
2023-11-16,4.27,4.273,4.237,4.239,8815567
2023-11-17,4.23,4.238,4.212,4.234,11984509
2023-11-20,4.237,4.257,4.21,4.245,8584304
2023-11-21,4.255,4.286,4.24,4.25,9316055
2023-11-22,4.241,4.246,4.21,4.211,7622027
2023-11-23,4.209,4.232,4.195,4.23,7749718
2023-11-24,4.226,4.227,4.198,4.205,7434533
2023-11-27,4.204,4.204,4.157,4.181,7762956
2023-11-28,4.175,4.19,4.166,4.185,7274837
2023-11-29,4.186,4.189,4.145,4.158,7590570
2023-11-30,4.154,4.172,4.147,4.162,6678101
2023-12-01,4.161,4.167,4.119,4.148,8604681
2023-12-04,4.151,4.154,4.123,4.124,6925230
2023-12-05,4.119,4.119,4.057,4.058,10087896
2023-12-06,4.054,4.083,4.044,4.063,10019449
2023-12-07,4.061,4.068,4.031,4.054,9345058
2023-12-08,4.055,4.073,4.05,4.061,7091986
2023-12-11,4.04,4.097,4.015,4.085,9982478
2023-12-12,4.076,4.095,4.073,4.093,6407242
2023-12-13,4.082,4.086,4.032,4.035,7088152
2023-12-14,4.051,4.065,4.014,4.019,7415331
2023-12-15,4.03,4.054,4.005,4.012,8999768
2023-12-18,3.998,4.019,3.98,3.998,8473038
2023-12-19,3.997,4.014,3.98,4.0,10985366
2023-12-20,4.004,4.009,3.965,3.969,10347176
2023-12-21,3.955,4.011,3.952,4.0,15924481
2023-12-22,3.997,4.03,3.982,4.006,20765265
2023-12-25,4.005,4.02,4.001,4.015,10041465
2023-12-26,4.013,4.013,3.985,3.995,7771693
2023-12-27,3.996,4.011,3.978,4.005,8361725
2023-12-28,4.001,4.098,4.0,4.089,23832992
2023-12-29,4.088,4.105,4.082,4.099,25188735
2024-01-02,4.102,4.102,4.051,4.053,9429306
2024-01-03,4.046,4.06,4.028,4.043,10617503
2024-01-04,4.042,4.042,3.987,4.013,16661525
2024-01-05,4.004,4.039,3.977,3.996,16996697
2024-01-08,3.989,4.003,3.946,3.949,17304244
2024-01-09,3.951,3.971,3.939,3.957,11312178
2024-01-10,3.95,3.981,3.932,3.941,9582541
2024-01-11,3.941,3.98,3.934,3.96,12662372
2024-01-12,3.951,3.977,3.946,3.949,8413273
2024-01-15,3.93,3.975,3.924,3.945,9055706
2024-01-16,3.94,3.968,3.926,3.967,17689524
2024-01-17,3.957,3.957,3.89,3.892,12862152
2024-01-18,3.887,3.944,3.835,3.937,47543511
2024-01-19,3.918,3.954,3.911,3.944,36944521
2024-01-22,3.934,3.944,3.862,3.875,46470565
2024-01-23,3.868,3.916,3.855,3.897,13924804
2024-01-24,3.908,3.949,3.857,3.948,22789369
2024-01-25,3.939,4.009,3.93,4.004,16487014
2024-01-26,3.997,4.019,3.981,3.998,21833051
2024-01-29,4.0,4.014,3.967,3.968,10113930
2024-01-30,3.95,3.967,3.91,3.912,18892623
2024-01-31,3.902,3.918,3.866,3.891,19090997
2024-02-01,3.869,3.917,3.859,3.887,18909976
2024-02-02,3.887,3.901,3.771,3.857,25386942
2024-02-05,3.827,3.903,3.78,3.877,26601787
2024-02-06,3.854,3.983,3.851,3.98,20089182
2024-02-07,3.979,4.011,3.956,4.009,34658147
2024-02-08,4.021,4.035,4.002,4.031,23942620
2024-02-19,4.043,4.061,4.024,4.058,14861876
2024-02-20,4.052,4.074,4.041,4.07,9801668
2024-02-21,4.057,4.165,4.051,4.118,16009581
2024-02-22,4.116,4.146,4.11,4.144,9446351
2024-02-23,4.144,4.166,4.133,4.147,10908774
2024-02-26,4.145,4.151,4.106,4.112,11172368
2024-02-27,4.104,4.155,4.102,4.153,10468849
2024-02-28,4.156,4.183,4.115,4.117,28549979
2024-02-29,4.109,4.176,4.106,4.172,14835850
2024-03-01,4.17,4.209,4.164,4.199,12256393
2024-03-04,4.195,4.206,4.177,4.196,10146550
2024-03-05,4.184,4.235,4.177,4.225,27991019
2024-03-06,4.22,4.241,4.207,4.211,12995274
2024-03-07,4.21,4.229,4.184,4.192,10589480
2024-03-08,4.194,4.209,4.173,4.202,8621877
2024-03-11,4.2,4.253,4.199,4.25,11207615
2024-03-12,4.252,4.268,4.237,4.255,11058396
2024-03-13,4.254,4.254,4.224,4.234,6858706
2024-03-14,4.229,4.256,4.204,4.221,7018811
2024-03-15,4.211,4.235,4.191,4.23,8490238
2024-03-18,4.23,4.262,4.23,4.261,7873329
2024-03-19,4.255,4.269,4.234,4.238,6548752
2024-03-20,4.23,4.251,4.227,4.241,5379620
2024-03-21,4.249,4.263,4.234,4.239,6197332
2024-03-22,4.236,4.237,4.181,4.208,14506378
2024-03-25,4.199,4.224,4.186,4.189,6305427
2024-03-26,4.189,4.207,4.181,4.2,8791033
2024-03-27,4.195,4.201,4.161,4.162,8746475
2024-03-28,4.16,4.213,4.15,4.179,10319251
2024-03-29,4.176,4.199,4.174,4.195,6511959
2024-04-01,4.209,4.263,4.208,4.253,10932625
2024-04-02,4.252,4.256,4.23,4.241,5831914
2024-04-03,4.239,4.241,4.217,4.227,5983464
2024-04-08,4.219,4.225,4.193,4.198,7099487
2024-04-09,4.196,4.203,4.181,4.192,5345371
2024-04-10,4.193,4.193,4.149,4.166,6816711
2024-04-11,4.15,4.182,4.144,4.163,5391159
2024-04-12,4.163,4.174,4.126,4.135,7405129
2024-04-15,4.135,4.214,4.133,4.208,10999537
2024-04-16,4.193,4.204,4.16,4.176,9132298
2024-04-17,4.176,4.226,4.16,4.222,9964664
2024-04-18,4.213,4.263,4.21,4.228,9302193
2024-04-19,4.214,4.223,4.187,4.2,6442757
2024-04-22,4.199,4.221,4.187,4.193,7251824
2024-04-23,4.193,4.199,4.162,4.168,9428474
2024-04-24,4.174,4.186,4.158,4.182,5942319
2024-04-25,4.172,4.206,4.164,4.192,6647552
2024-04-26,4.193,4.25,4.193,4.242,13743140
2024-04-29,4.246,4.307,4.241,4.285,15303224
2024-04-30,4.284,4.293,4.265,4.267,8231090
2024-05-06,4.309,4.333,4.304,4.317,13090611
2024-05-07,4.314,4.325,4.306,4.319,6860184
2024-05-08,4.312,4.313,4.287,4.29,6387759
2024-05-09,4.289,4.331,4.288,4.325,6502023
2024-05-10,4.332,4.339,4.3,4.327,8650954
2024-05-13,4.306,4.335,4.288,4.324,7411594
2024-05-14,4.324,4.339,4.307,4.318,5876668
2024-05-15,4.316,4.32,4.286,4.292,8559463
2024-05-16,4.299,4.32,4.29,4.304,10511975
2024-05-17,4.304,4.348,4.292,4.345,9320469
2024-05-20,4.351,4.369,4.339,4.353,9365359
2024-05-21,4.348,4.352,4.329,4.341,4969839
2024-05-22,4.339,4.358,4.332,4.349,6766846
2024-05-23,4.34,4.343,4.3,4.312,6988061
2024-05-24,4.301,4.319,4.267,4.271,8412742
2024-05-27,4.274,4.303,4.27,4.301,6696225
2024-05-28,4.3,4.302,4.271,4.278,5317532
2024-05-29,4.277,4.302,4.27,4.279,6152451
2024-05-30,4.272,4.294,4.257,4.265,7779253
2024-05-31,4.271,4.285,4.249,4.251,7232183
2024-06-03,4.249,4.268,4.234,4.256,7075116
2024-06-04,4.254,4.293,4.248,4.281,6817379
2024-06-05,4.282,4.291,4.266,4.268,5839394
2024-06-06,4.275,4.299,4.254,4.268,10266993
2024-06-07,4.271,4.279,4.224,4.245,10281271
2024-06-11,4.236,4.238,4.202,4.22,8799170
2024-06-12,4.213,4.225,4.205,4.216,5698353
2024-06-13,4.224,4.227,4.194,4.203,5488037
2024-06-14,4.196,4.227,4.186,4.223,6741040
2024-06-17,4.206,4.222,4.201,4.213,3930172
2024-06-18,4.218,4.234,4.212,4.224,5490352
2024-06-19,4.226,4.23,4.209,4.214,5308595
2024-06-20,4.212,4.22,4.185,4.191,5546558
2024-06-21,4.186,4.194,4.162,4.185,19658677
2024-06-24,4.171,4.195,4.162,4.168,20875455
2024-06-25,4.164,4.173,4.128,4.147,17384585
2024-06-26,4.139,4.176,4.133,4.168,10454895
2024-06-27,4.159,4.165,4.143,4.149,14337049
2024-06-28,4.143,4.18,4.142,4.156,12755434
2024-07-01,4.156,4.176,4.136,4.17,8536040
2024-07-02,4.163,4.18,4.158,4.165,5992049
2024-07-03,4.163,4.172,4.149,4.159,7914240
2024-07-04,4.162,4.178,4.142,4.144,15599237
2024-07-05,4.139,4.147,4.097,4.127,16363845
2024-07-08,4.12,4.127,4.095,4.103,9426255
2024-07-09,4.098,4.153,4.087,4.14,10688956
2024-07-10,4.133,4.151,4.129,4.132,5792821
2024-07-11,4.159,4.188,4.146,4.178,10524378
2024-07-12,4.18,4.193,4.174,4.188,8723694
2024-07-15,4.18,4.2,4.177,4.195,12550082
2024-07-16,4.189,4.224,4.186,4.22,16125087
2024-07-17,4.218,4.239,4.209,4.225,22565644
2024-07-18,4.21,4.248,4.201,4.246,19611815
2024-07-19,4.234,4.275,4.221,4.269,31696626
2024-07-22,4.264,4.267,4.22,4.24,17163073
2024-07-23,4.235,4.24,4.167,4.17,9195337
2024-07-24,4.164,4.178,4.135,4.148,14910835
2024-07-25,4.133,4.145,4.11,4.128,20455525
2024-07-26,4.129,4.152,4.121,4.143,13579703
2024-07-29,4.139,4.141,4.122,4.123,5949376
2024-07-30,4.115,4.115,4.086,4.1,15250861
2024-07-31,4.1,4.179,4.096,4.177,15389083
2024-08-01,4.171,4.184,4.15,4.152,7965404
2024-08-02,4.129,4.152,4.11,4.116,12997733
2024-08-05,4.1,4.143,4.076,4.077,20183109
2024-08-06,4.097,4.107,4.05,4.077,12936275
2024-08-07,4.07,4.094,4.06,4.07,6125438
2024-08-08,4.065,4.098,4.052,4.074,8541072
2024-08-09,4.085,4.099,4.061,4.062,6040536
2024-08-12,4.06,4.071,4.052,4.058,5102200
2024-08-13,4.06,4.067,4.041,4.063,6958063
2024-08-14,4.064,4.064,4.038,4.039,5610998
2024-08-15,4.034,4.092,4.03,4.077,19046381
2024-08-16,4.073,4.091,4.067,4.079,16407617
2024-08-19,4.078,4.113,4.076,4.088,7478253
2024-08-20,4.093,4.095,4.057,4.072,15944748
2024-08-21,4.06,4.075,4.043,4.057,10553698
2024-08-22,4.059,4.064,4.04,4.048,12504794
2024-08-23,4.04,4.074,4.04,4.062,8203428
2024-08-26,4.064,4.076,4.047,4.063,14006799
2024-08-27,4.056,4.059,4.036,4.046,12142201
2024-08-28,4.039,4.046,4.014,4.026,19955803
2024-08-29,4.018,4.031,4.009,4.016,15082477
2024-08-30,4.011,4.092,4.011,4.061,17858998
2024-09-02,4.05,4.052,3.999,4.001,11333065
2024-09-03,3.999,4.021,3.997,4.013,12935523
2024-09-04,4.0,4.012,3.99,3.992,6803058
2024-09-05,3.995,4.009,3.989,3.999,16005558
2024-09-06,4.004,4.014,3.969,3.971,7933157
2024-09-09,3.961,3.965,3.919,3.93,10188971
2024-09-10,3.932,3.944,3.908,3.93,8666554
2024-09-11,3.922,3.936,3.91,3.923,7808902
2024-09-12,3.928,3.941,3.91,3.912,6423793
2024-09-13,3.914,3.926,3.896,3.897,8504681
2024-09-18,3.896,3.92,3.884,3.907,12254391
2024-09-19,3.912,3.955,3.885,3.934,16348870
2024-09-20,3.927,3.948,3.908,3.943,23065620
2024-09-23,3.938,3.969,3.932,3.952,8973165
2024-09-24,3.983,4.098,3.962,4.096,39185162
2024-09-25,4.158,4.213,4.136,4.143,32373469
2024-09-26,4.137,4.312,4.136,4.309,44429621
2024-09-27,4.369,4.602,4.339,4.538,25594612
2024-09-30,4.676,4.909,4.545,4.902,63702341
2024-10-08,5.325,5.325,4.877,5.081,86298224
2024-10-09,4.954,4.954,4.674,4.691,54091966
2024-10-10,4.739,4.854,4.668,4.755,37790001
2024-10-11,4.726,4.729,4.592,4.646,40900777
2024-10-14,4.656,4.729,4.615,4.709,31049317
2024-10-15,4.683,4.715,4.596,4.6,26138707
2024-10-16,4.56,4.629,4.551,4.575,21611196
2024-10-17,4.599,4.629,4.531,4.532,29354356
2024-10-18,4.527,4.787,4.515,4.685,36209179
2024-10-21,4.686,4.729,4.649,4.685,25293364
2024-10-22,4.671,4.715,4.67,4.709,16669245
2024-10-23,4.709,4.766,4.69,4.724,22666292
2024-10-24,4.707,4.711,4.662,4.68,15982487
2024-10-25,4.681,4.747,4.672,4.709,16852658
2024-10-28,4.704,4.716,4.669,4.715,13963081
2024-10-29,4.719,4.748,4.672,4.682,17946282
2024-10-30,4.67,4.68,4.614,4.64,18128591
2024-10-31,4.638,4.676,4.607,4.64,17636493
2024-11-01,4.633,4.687,4.63,4.648,18177560
2024-11-04,4.651,4.703,4.64,4.701,12493144
2024-11-05,4.693,4.808,4.679,4.806,27630144
2024-11-06,4.806,4.849,4.754,4.78,21734248
2024-11-07,4.749,4.919,4.745,4.917,27887189
2024-11-08,4.951,4.959,4.847,4.863,28080232
2024-11-11,4.821,4.888,4.799,4.884,23043651
2024-11-12,4.879,4.937,4.814,4.838,23041668
2024-11-13,4.819,4.875,4.815,4.864,15727943
2024-11-14,4.857,4.872,4.786,4.793,14438853
2024-11-15,4.783,4.803,4.719,4.724,16769935
2024-11-18,4.74,4.787,4.682,4.707,16100926
2024-11-19,4.709,4.73,4.65,4.727,16705449
2024-11-20,4.715,4.754,4.707,4.737,15485304
2024-11-21,4.729,4.751,4.717,4.742,10454707
2024-11-22,4.74,4.743,4.615,4.622,17571913
2024-11-25,4.624,4.641,4.563,4.6,13590858
2024-11-26,4.583,4.625,4.582,4.592,7847079
2024-11-27,4.585,4.661,4.57,4.656,14519874
2024-11-28,4.653,4.658,4.617,4.627,10724073
2024-11-29,4.629,4.716,4.626,4.67,15297716
2024-12-02,4.666,4.712,4.656,4.7,9816348
2024-12-03,4.699,4.721,4.674,4.704,15244237
2024-12-04,4.699,4.71,4.672,4.683,10069479
2024-12-05,4.675,4.691,4.663,4.676,7595229
2024-12-06,4.676,4.754,4.675,4.726,17762294
2024-12-09,4.723,4.749,4.699,4.723,12464187
2024-12-10,4.848,4.867,4.742,4.754,24827953
2024-12-11,4.747,4.763,4.734,4.744,12587160
2024-12-12,4.746,4.791,4.735,4.786,13601804
2024-12-13,4.761,4.761,4.681,4.689,23465697
2024-12-16,4.687,4.69,4.655,4.665,9893231
2024-12-17,4.662,4.712,4.66,4.676,13646692
2024-12-18,4.689,4.708,4.684,4.693,10236096
2024-12-19,4.669,4.707,4.65,4.699,9903622
2024-12-20,4.693,4.714,4.681,4.687,12230620
2024-12-23,4.686,4.722,4.684,4.691,14247022
2024-12-24,4.693,4.745,4.691,4.738,14563434
2024-12-25,4.741,4.763,4.723,4.741,14181375
2024-12-26,4.741,4.748,4.725,4.742,9470234
2024-12-27,4.745,4.768,4.73,4.736,10869639
2024-12-30,4.735,4.762,4.734,4.755,13119335
2024-12-31,4.756,4.763,4.689,4.691,18436188
2025-01-02,4.689,4.69,4.55,4.578,21729803
2025-01-03,4.578,4.59,4.522,4.538,15930226
2025-01-06,4.534,4.542,4.497,4.522,12986739
2025-01-07,4.514,4.551,4.505,4.549,9689740
2025-01-08,4.539,4.568,4.484,4.543,14097968
2025-01-09,4.532,4.549,4.526,4.535,8060658
2025-01-10,4.534,4.544,4.491,4.492,8265725
2025-01-13,4.47,4.495,4.462,4.477,9493947
2025-01-14,4.484,4.587,4.478,4.575,16445462
2025-01-15,4.565,4.573,4.546,4.552,7420496
2025-01-16,4.565,4.602,4.53,4.554,11090052
2025-01-17,4.544,4.591,4.537,4.567,8476993
2025-01-20,4.59,4.618,4.577,4.586,9202943
2025-01-21,4.606,4.61,4.574,4.591,7439264
2025-01-22,4.585,4.585,4.537,4.555,10996807
2025-01-23,4.584,4.627,4.563,4.566,10385928
2025-01-24,4.558,4.612,4.552,4.598,11436475
2025-01-27,4.605,4.614,4.573,4.576,13053850
2025-02-05,4.599,4.603,4.548,4.556,7515497
2025-02-06,4.553,4.606,4.55,4.601,13886365
2025-02-07,4.602,4.683,4.595,4.657,19306314
2025-02-10,4.658,4.669,4.643,4.661,12672646
2025-02-11,4.666,4.667,4.632,4.645,9990359
2025-02-12,4.643,4.688,4.629,4.683,9789537
2025-02-13,4.678,4.703,4.667,4.673,11758227
2025-02-14,4.669,4.709,4.666,4.703,12924287
2025-02-17,4.713,4.722,4.681,4.71,13341020
2025-02-18,4.704,4.727,4.665,4.681,12465911
2025-02-19,4.674,4.71,4.669,4.702,10190769
2025-02-20,4.698,4.702,4.677,4.69,10186035
2025-02-21,4.701,4.749,4.689,4.744,14372665
2025-02-24,4.739,4.758,4.71,4.731,15385782
2025-02-25,4.704,4.72,4.677,4.69,8924900
2025-02-26,4.697,4.724,4.688,4.723,13456581
2025-02-27,4.725,4.738,4.697,4.736,11285856
2025-02-28,4.718,4.734,4.651,4.663,13293340
2025-03-03,4.664,4.696,4.635,4.65,11457686
2025-03-04,4.629,4.653,4.621,4.646,10121848
2025-03-05,4.649,4.668,4.637,4.663,11919016
2025-03-06,4.684,4.731,4.68,4.718,13710079
2025-03-07,4.709,4.73,4.699,4.708,11559971
2025-03-10,4.706,4.711,4.668,4.692,14427837
2025-03-11,4.663,4.705,4.659,4.704,10029170
2025-03-12,4.707,4.719,4.687,4.694,6092317
2025-03-13,4.693,4.702,4.662,4.674,6410438
2025-03-14,4.681,4.782,4.679,4.775,19037183
2025-03-17,4.787,4.792,4.757,4.763,11330420
2025-03-18,4.777,4.784,4.76,4.772,8114043
2025-03-19,4.767,4.79,4.753,4.778,8798313
2025-03-20,4.778,4.778,4.737,4.745,8751426
2025-03-21,4.732,4.748,4.669,4.679,10149157
2025-03-24,4.678,4.7,4.673,4.696,7912221
2025-03-25,4.697,4.708,4.686,4.698,6115316
2025-03-26,4.694,4.709,4.679,4.682,7742554
2025-03-27,4.68,4.719,4.664,4.696,8015252
2025-03-28,4.696,4.698,4.669,4.677,7043048
2025-03-31,4.673,4.693,4.638,4.653,9021729
2025-04-01,4.657,4.672,4.648,4.651,6150155
2025-04-02,4.652,4.665,4.64,4.648,6291176
2025-04-03,4.617,4.649,4.612,4.628,11143308
2025-04-07,4.469,4.509,4.273,4.364,65609880
2025-04-08,4.367,4.408,4.34,4.399,58535333
2025-04-09,4.364,4.443,4.347,4.435,16982014
2025-04-10,4.486,4.516,4.467,4.498,14296317
2025-04-11,4.479,4.52,4.469,4.509,8619842
2025-04-14,4.528,4.534,4.511,4.517,9415710
2025-04-15,4.513,4.526,4.494,4.52,9817935
2025-04-16,4.51,4.538,4.48,4.529,21771337
2025-04-17,4.511,4.54,4.51,4.532,13873406
2025-04-18,4.526,4.548,4.516,4.542,13780507
2025-04-21,4.534,4.555,4.526,4.544,7126315
2025-04-22,4.544,4.562,4.542,4.547,7520436
2025-04-23,4.561,4.576,4.542,4.551,6155041
2025-04-24,4.551,4.572,4.54,4.551,4873615
2025-04-25,4.556,4.568,4.544,4.551,5771935
2025-04-28,4.552,4.555,4.533,4.545,6247090
2025-04-29,4.543,4.549,4.531,4.538,4947350
2025-04-30,4.539,4.555,4.533,4.535,5004537
2025-05-06,4.555,4.575,4.549,4.572,7178253
2025-05-07,4.619,4.631,4.579,4.596,10470812
2025-05-08,4.587,4.635,4.587,4.619,7820057
2025-05-09,4.615,4.619,4.601,4.614,6933748
2025-05-12,4.632,4.661,4.626,4.659,8365002
2025-05-13,4.68,4.681,4.657,4.663,7934009
2025-05-14,4.664,4.735,4.661,4.714,12147902
2025-05-15,4.707,4.71,4.673,4.68,8177224
2025-05-16,4.671,4.678,4.646,4.658,7302837
2025-05-19,4.653,4.657,4.634,4.652,5562981
2025-05-20,4.653,4.685,4.649,4.672,5499875
2025-05-21,4.673,4.7,4.672,4.688,5606031
2025-05-22,4.687,4.696,4.672,4.686,4919320
2025-05-23,4.681,4.708,4.656,4.657,8450891
2025-05-26,4.651,4.662,4.625,4.636,7404857
2025-05-27,4.634,4.638,4.608,4.615,5782884
2025-05-28,4.616,4.625,4.607,4.611,5399202
2025-05-29,4.614,4.648,4.608,4.635,8910394
2025-05-30,4.628,4.633,4.601,4.628,7370307
2025-06-03,4.615,4.641,4.611,4.626,5967868
2025-06-04,4.628,4.654,4.627,4.643,4645434
2025-06-05,4.647,4.663,4.636,4.653,5319657
2025-06-06,4.656,4.668,4.647,4.655,4888808
2025-06-09,4.658,4.679,4.653,4.664,5810982
2025-06-10,4.666,4.674,4.627,4.641,7710518
2025-06-11,4.643,4.693,4.643,4.673,11035095
2025-06-12,4.667,4.682,4.649,4.675,6900872
2025-06-13,4.667,4.671,4.636,4.649,6980168
2025-06-16,4.643,4.663,4.64,4.659,6493267
2025-06-17,4.66,4.666,4.643,4.658,4828913
2025-06-18,4.66,4.667,4.639,4.661,4808034
2025-06-19,4.655,4.656,4.62,4.63,6007886
2025-06-20,4.629,4.645,4.628,4.635,4230441
2025-06-23,4.626,4.659,4.619,4.648,7492447
2025-06-24,4.653,4.707,4.653,4.693,12245549
2025-06-25,4.696,4.76,4.692,4.758,17241161
2025-06-26,4.752,4.761,4.742,4.743,9379679
2025-06-27,4.747,4.77,4.715,4.72,10696914
2025-06-30,4.718,4.742,4.713,4.739,10819590
2025-07-01,4.737,4.749,4.726,4.745,6406861
2025-07-02,4.742,4.756,4.732,4.749,5188835
2025-07-03,4.751,4.777,4.748,4.772,6863819
2025-07-04,4.768,4.822,4.761,4.789,10525621
2025-07-07,4.783,4.789,4.762,4.771,4022514
2025-07-08,4.773,4.813,4.77,4.805,6122487
2025-07-09,4.805,4.826,4.797,4.802,6476608
2025-07-10,4.802,4.847,4.801,4.822,6323877
2025-07-11,4.823,4.887,4.822,4.836,12648551
2025-07-14,4.835,4.851,4.833,4.835,8205479
2025-07-15,4.839,4.861,4.81,4.835,8074813
2025-07-16,4.836,4.85,4.813,4.826,4791819
2025-07-17,4.826,4.86,4.825,4.859,5978225
2025-07-18,4.865,4.893,4.862,4.889,7131296
2025-07-21,4.894,4.917,4.891,4.914,7674613
2025-07-22,4.916,4.96,4.899,4.958,10821091
2025-07-23,4.961,4.991,4.945,4.956,9947315
2025-07-24,4.952,4.985,4.947,4.982,8852360
2025-07-25,4.982,4.982,4.95,4.96,8200860
2025-07-28,4.96,4.98,4.943,4.971,6027713
2025-07-29,4.965,4.993,4.949,4.992,8059786
2025-07-30,4.984,5.022,4.964,4.989,9502522
2025-07-31,4.978,4.978,4.899,4.912,11229126
2025-08-01,4.905,4.919,4.875,4.89,6115671
2025-08-04,4.879,4.911,4.874,4.909,4355672
2025-08-05,4.911,4.942,4.908,4.94,5480681
2025-08-06,4.938,4.956,4.933,4.951,4089449
2025-08-07,4.953,4.967,4.928,4.95,5339656
2025-08-08,4.945,4.958,4.932,4.94,4230624
2025-08-11,4.94,4.975,4.94,4.959,6881519
2025-08-12,4.957,4.994,4.957,4.985,4824872
2025-08-13,4.991,5.029,4.986,5.02,7588408
2025-08-14,5.022,5.06,5.005,5.013,8879344
2025-08-15,4.999,5.059,4.997,5.052,10718339
2025-08-18,5.055,5.117,5.042,5.084,10092475
2025-08-19,5.083,5.104,5.054,5.062,7743324
2025-08-20,5.052,5.122,5.024,5.121,13784166
2025-08-21,5.125,5.151,5.115,5.135,9130025
2025-08-22,5.132,5.241,5.131,5.236,13602634
2025-08-25,5.258,5.329,5.254,5.322,14560918
2025-08-26,5.311,5.329,5.284,5.298,11142941
2025-08-27,5.298,5.342,5.23,5.232,14126904
2025-08-28,5.226,5.318,5.209,5.316,12764157
2025-08-29,5.307,5.37,5.297,5.358,13550574
2025-09-01,5.364,5.381,5.337,5.373,11939867
2025-09-02,5.37,5.4,5.307,5.347,10344122
2025-09-03,5.349,5.366,5.277,5.306,9188625
2025-09-04,5.303,5.312,5.173,5.213,14208228
2025-09-05,5.207,5.32,5.199,5.311,10603325
2025-09-08,5.311,5.33,5.281,5.312,10340220
2025-09-09,5.302,5.321,5.259,5.285,6803545
2025-09-10,5.283,5.319,5.264,5.295,6086583
2025-09-11,5.284,5.419,5.274,5.417,9783418
2025-09-12,5.419,5.421,5.372,5.378,9158580
2025-09-15,5.379,5.419,5.371,5.386,7211915
2025-09-16,5.389,5.409,5.348,5.377,7889034
2025-09-17,5.372,5.416,5.356,5.41,7154079
2025-09-18,5.412,5.433,5.311,5.351,11873727
2025-09-19,5.347,5.39,5.344,5.361,7316138
2025-09-22,5.361,5.378,5.339,5.376,6292766
2025-09-23,5.384,5.413,5.315,5.379,10550001
2025-09-24,5.354,5.421,5.353,5.42,10044859
2025-09-25,5.42,5.475,5.414,5.452,7713362
2025-09-26,5.434,5.456,5.407,5.408,7153059
2025-09-29,5.405,5.512,5.397,5.485,11954365
2025-09-30,5.491,5.507,5.477,5.498,7403809
2025-10-09,5.511,5.593,5.507,5.573,8970906
2025-10-10,5.544,5.551,5.461,5.476,11746426
2025-10-13,5.355,5.461,5.353,5.449,9658362
2025-10-14,5.482,5.497,5.377,5.402,11619095
2025-10-15,5.405,5.472,5.384,5.463,9974013
2025-10-16,5.446,5.504,5.446,5.478,8124633
2025-10-17,5.472,5.481,5.369,5.381,8400582
2025-10-20,5.408,5.435,5.381,5.397,7644178
2025-10-21,5.413,5.48,5.409,5.467,9598685
2025-10-22,5.447,5.465,5.425,5.452,5544842
2025-10-23,5.444,5.476,5.399,5.47,6993428
2025-10-24,5.485,5.529,5.484,5.527,8653036
2025-10-27,5.565,5.588,5.553,5.583,7585249
2025-10-28,5.572,5.607,5.549,5.559,7259491
2025-10-29,5.567,5.621,5.567,5.619,6792784
2025-10-30,5.615,5.631,5.573,5.58,8164619
2025-10-31,5.576,5.583,5.512,5.513,14325686
2025-11-03,5.509,5.524,5.462,5.52,7759881
2025-11-04,5.517,5.53,5.463,5.486,12015243
2025-11-05,5.449,5.508,5.425,5.492,7633533
2025-11-06,5.499,5.57,5.499,5.562,7326649
2025-11-07,5.547,5.569,5.531,5.552,5392556
2025-11-10,5.554,5.568,5.52,5.564,4483488
2025-11-11,5.571,5.581,5.514,5.52,5651936
2025-11-12,5.511,5.54,5.488,5.522,5236907
2025-11-13,5.514,5.572,5.509,5.569,6459561
2025-11-14,5.542,5.553,5.496,5.498,5936317
2025-11-17,5.487,5.497,5.448,5.467,7524669
2025-11-18,5.457,5.474,5.421,5.44,8568239
2025-11-19,5.435,5.474,5.435,5.454,8569615
2025-11-20,5.481,5.486,5.43,5.433,5619395
2025-11-21,5.402,5.411,5.319,5.321,14964004
2025-11-24,5.336,5.342,5.29,5.314,11557477
2025-11-25,5.337,5.38,5.336,5.354,8959406
2025-11-26,5.357,5.403,5.351,5.383,9140793
2025-11-27,5.386,5.431,5.375,5.379,4793694
2025-11-28,5.378,5.399,5.36,5.392,5192341
2025-12-01,5.403,5.445,5.396,5.444,5783014
2025-12-02,5.443,5.443,5.408,5.423,3834449
2025-12-03,5.422,5.441,5.392,5.402,3950348
2025-12-04,5.405,5.428,5.385,5.414,4026188
2025-12-05,5.413,5.467,5.4,5.455,6872031
2025-12-08,5.468,5.511,5.466,5.489,8263438
2025-12-09,5.484,5.496,5.451,5.465,7001055
2025-12-10,5.457,5.466,5.415,5.459,6207764
2025-12-11,5.465,5.479,5.419,5.425,6199443
2025-12-12,5.435,5.459,5.405,5.451,8671539
2025-12-15,5.431,5.469,5.307,5.424,6917855
2025-12-16,5.417,5.424,5.358,5.377,7693550
2025-12-17,5.376,5.472,5.373,5.456,10856133
2025-12-18,5.44,5.449,5.418,5.425,6780189
2025-12-19,5.437,5.471,5.423,5.445,8317889
2025-12-22,5.459,5.492,5.459,5.487,8371220
2025-12-23,5.492,5.52,5.483,5.497,8083405
2025-12-24,5.497,5.522,5.483,5.514,5334294
2025-12-25,5.507,5.534,5.501,5.523,4272443
2025-12-26,5.523,5.558,5.512,5.541,8160801
2025-12-29,5.537,5.551,5.506,5.52,8529050
2025-12-30,5.503,5.547,5.499,5.53,4772242
2025-12-31,5.534,5.546,5.499,5.51,6668292
