datetime,open,high,low,close,volume
2012-12-03,929.21,929.21,871.28,876.02,79372
2012-12-04,854.51,875.15,837.02,862.56,78705
2012-12-05,851.56,877.39,828.01,861.28,111704
2012-12-06,859.45,862.77,808.79,851.18,117562
2012-12-07,862.73,886.4,861.03,870.2,99501
2012-12-11,869.0,908.45,869.0,884.82,92233
2012-12-12,895.99,925.02,885.61,924.48,64325
2012-12-13,916.3,937.44,896.41,898.9,61996
2012-12-14,887.69,914.68,869.0,908.12,78926
2012-12-17,900.15,931.95,883.53,921.28,71361
2012-12-18,921.78,944.91,921.61,935.57,46945
2012-12-19,929.75,962.44,929.26,956.0,47570
2012-12-20,952.05,959.94,939.97,951.64,34434
2012-12-21,948.69,954.13,940.97,944.16,25093
2012-12-24,925.1,925.1,875.23,894.25,100051
2012-12-25,887.27,903.76,880.3,894.83,59534
2012-12-26,890.93,903.47,886.48,897.03,44866
2012-12-27,897.24,914.68,890.76,906.71,60926
2012-12-28,906.79,939.93,906.79,926.31,56589
2012-12-31,930.5,936.69,901.6,912.69,51915
2013-01-04,925.06,925.06,895.99,904.05,58370
2013-01-07,899.65,899.65,885.61,893.04,41271
2013-01-08,888.43,920.29,888.43,920.24,65287
2013-01-09,922.99,948.52,922.99,943.54,53749
2013-01-10,939.93,945.83,929.21,935.44,30528
2013-01-11,932.2,938.14,916.26,921.99,37010
2013-01-14,910.53,918.0,886.9,914.35,68184
2013-01-15,911.73,925.48,903.55,920.29,52635
2013-01-16,895.99,903.47,890.51,900.15,69502
2013-01-17,895.95,907.12,894.0,896.53,36202
2013-01-18,900.77,902.14,875.69,890.84,55318
2013-01-21,886.86,886.86,859.86,864.06,74779
2013-01-22,857.83,874.11,829.55,870.37,73815
2013-01-23,858.62,873.19,849.48,870.99,51014
2013-01-24,866.51,875.64,853.63,858.45,59474
2013-01-25,829.55,841.18,817.51,829.76,80008
2013-01-28,817.09,824.57,783.87,785.95,158291
2013-01-29,775.56,792.13,758.95,784.53,115448
2013-01-30,779.92,802.51,778.39,792.67,71377
2013-01-31,797.16,799.65,782.91,787.61,37816
2013-02-01,787.52,799.52,783.99,787.94,45266
2013-02-04,792.17,796.12,767.26,771.95,64964
2013-02-05,771.2,810.86,766.43,810.57,87825
2013-02-06,812.85,813.23,800.48,808.49,46195
2013-02-07,804.63,819.37,797.66,813.64,48568
2013-02-08,813.56,827.06,810.03,824.81,41573
2013-02-18,826.64,826.64,788.02,790.89,56570
2013-02-19,787.94,794.62,778.89,783.54,37738
2013-02-20,779.72,792.09,771.49,783.45,36582
2013-02-21,772.37,813.77,771.62,792.26,53833
2013-02-22,796.33,819.58,796.33,815.39,62864
2013-02-25,808.79,814.39,793.25,796.7,34549
2013-02-26,795.08,808.79,781.09,781.25,43755
2013-02-27,778.1,786.78,773.74,778.76,34158
2013-02-28,783.04,783.04,758.95,771.41,56786
2013-03-01,768.5,775.4,763.06,766.51,38003
2013-03-04,766.1,778.14,766.1,770.25,52073
2013-03-05,773.15,777.47,766.68,771.41,36975
2013-03-06,775.56,780.96,765.8,780.63,49227
2013-03-07,789.6,827.89,789.35,808.2,85191
2013-03-08,817.13,823.32,807.41,809.33,35960
2013-03-11,807.95,815.01,799.69,813.77,34965
2013-03-12,817.09,817.51,792.17,801.23,25394
2013-03-13,802.14,817.17,802.14,808.08,30770
2013-03-14,802.56,811.98,786.61,787.77,35124
2013-03-15,781.88,795.08,771.83,779.59,35961
2013-03-18,779.3,779.3,743.13,748.36,78232
2013-03-19,743.17,749.9,727.85,730.63,63414
2013-03-20,730.96,753.1,726.15,750.27,71895
2013-03-21,748.57,748.57,733.21,737.28,65393
2013-03-22,736.03,750.23,732.83,746.7,45579
2013-03-25,746.49,753.84,742.76,746.62,31966
2013-03-26,746.91,755.67,744.04,750.15,32480
2013-03-27,750.69,752.31,731.54,737.32,47662
2013-03-28,734.37,743.09,718.71,737.44,41491
2013-03-29,739.23,748.86,734.12,745.91,47717
2013-04-01,742.72,744.25,728.14,729.68,29129
2013-04-02,730.3,733.91,722.7,724.53,32525
2013-04-03,724.4,729.88,722.33,725.11,21991
2013-04-08,718.01,729.88,710.99,727.06,37733
2013-04-09,725.27,729.47,720.33,724.07,24195
2013-04-10,725.73,755.26,720.33,750.48,70858
2013-04-11,750.65,754.8,743.59,746.16,29730
2013-04-12,746.16,768.92,744.42,759.91,59800
2013-04-15,760.07,765.85,750.73,762.03,28337
2013-04-16,750.65,772.24,748.99,763.77,39138
2013-04-17,765.6,787.07,765.39,785.9,42974
2013-04-18,780.55,792.17,775.61,788.64,41957
2013-04-19,789.68,791.68,779.26,788.98,39238
2013-04-22,787.61,787.61,765.18,766.05,42746
2013-04-23,765.18,771.33,757.71,758.16,30953
2013-04-24,759.87,771.41,751.89,770.87,30403
2013-04-25,767.34,782.04,764.02,778.47,25360
2013-04-26,781.42,783.87,763.15,767.22,16308
2013-05-02,763.11,763.31,746.62,755.26,28587
2013-05-03,758.12,767.34,753.14,760.82,21461
2013-05-06,763.11,783.79,758.87,783.04,30196
2013-05-07,788.1,826.81,788.1,824.11,71021
2013-05-08,824.57,833.7,817.63,829.09,42416
2013-05-09,830.63,863.6,830.63,863.52,70135
2013-05-10,862.81,879.05,858.66,863.23,48777
2013-05-13,863.23,881.87,849.36,865.59,32579
2013-05-14,859.03,863.19,833.74,838.64,36432
2013-05-15,837.36,861.36,836.69,853.05,23264
2013-05-16,850.35,877.35,842.01,853.84,45462
2013-05-17,850.64,860.49,846.16,858.24,33557
2013-05-20,861.94,868.92,852.18,854.47,30944
2013-05-21,853.97,857.62,848.28,854.55,23102
2013-05-22,857.16,877.72,854.88,873.03,46150
2013-05-23,873.57,902.18,873.57,885.36,62247
2013-05-24,891.84,905.0,875.23,879.09,45073
2013-05-27,883.41,883.95,866.92,882.0,26778
2013-05-28,883.04,888.97,873.36,884.12,23676
2013-05-29,887.69,903.76,880.83,881.42,32340
2013-05-30,878.55,886.94,871.12,876.27,25019
2013-05-31,879.26,881.04,862.77,863.19,24591
2013-06-03,867.34,885.82,863.52,883.87,40257
2013-06-04,884.78,897.24,882.08,882.29,42357
2013-06-05,883.49,885.61,873.48,880.09,23724
2013-06-06,880.25,895.16,880.25,882.12,33877
2013-06-07,881.58,901.89,874.93,886.35,25478
2013-06-13,881.62,895.57,868.7,879.92,44999
2013-06-14,878.42,881.12,858.61,877.05,32519
2013-06-17,878.09,881.04,857.08,858.2,29689
2013-06-18,856.87,867.83,845.91,867.21,27378
2013-06-19,864.01,883.2,852.88,880.42,28909
2013-06-20,878.88,883.11,862.89,867.58,25587
2013-06-21,860.52,884.78,849.98,865.22,39654
2013-06-24,867.04,868.66,840.34,842.17,40807
2013-06-25,841.92,861.6,802.34,859.69,51352
2013-06-26,854.09,859.61,838.68,855.04,32903
2013-06-27,855.04,870.12,852.43,858.61,34136
2013-06-28,855.58,874.73,855.58,870.2,28070
2013-07-01,868.79,881.0,864.59,878.17,25829
2013-07-02,878.09,897.69,871.24,893.37,33453
2013-07-03,897.32,901.05,885.81,893.46,35425
2013-07-04,889.72,901.3,887.68,887.85,24215
2013-07-05,889.01,899.27,889.01,889.93,17780
2013-07-08,888.93,893.12,872.82,881.79,24114
2013-07-09,886.52,886.52,863.31,868.87,20234
2013-07-10,865.38,877.38,855.75,876.3,33245
2013-07-11,879.25,887.35,868.79,885.15,46057
2013-07-12,881.58,888.47,854.96,855.42,42992
2013-07-15,857.78,860.77,839.3,851.84,36607
2013-07-16,852.72,865.67,841.67,864.3,37011
2013-07-17,862.43,863.64,847.11,847.57,27388
2013-07-18,847.9,849.77,834.2,839.89,25700
2013-07-19,839.64,839.64,796.12,802.26,73319
2013-07-22,800.81,806.75,789.97,797.57,27062
2013-07-23,801.93,820.04,797.98,817.13,28756
2013-07-24,816.34,816.34,790.18,796.49,44067
2013-07-25,799.73,818.0,795.16,813.6,39541
2013-07-26,806.37,809.69,797.65,797.94,19046
2013-07-29,795.08,795.08,781.46,782.79,26883
2013-07-30,778.55,782.62,758.99,770.78,42114
2013-07-31,775.97,782.29,767.75,771.07,14590
2013-08-01,777.22,787.69,773.4,785.15,24853
2013-08-02,788.89,811.19,788.47,802.34,29241
2013-08-05,802.34,805.42,793.5,800.14,18065
2013-08-06,793.62,800.14,788.52,799.02,26562
2013-08-07,797.24,813.27,792.79,803.8,28378
2013-08-08,803.96,807.87,795.58,798.73,16077
2013-08-09,799.94,802.59,781.21,789.06,22889
2013-08-12,788.93,812.31,787.73,811.81,39390
2013-08-13,810.57,820.91,804.3,818.62,25436
2013-08-14,818.37,828.55,812.19,813.39,21722
2013-08-15,814.1,823.81,807.99,808.28,15366
2013-08-16,808.57,822.98,794.12,795.58,34974
2013-08-19,799.73,801.85,789.76,798.77,19358
2013-08-20,794.54,798.07,788.52,792.29,31251
2013-08-21,798.11,798.69,787.27,796.78,23103
2013-08-22,796.41,805.04,794.0,798.4,15502
2013-08-23,802.1,802.14,783.53,789.72,19530
2013-08-26,790.22,798.07,785.61,793.67,16885
2013-08-27,792.96,792.96,785.61,790.38,24437
2013-08-28,786.31,786.31,775.52,776.89,30603
2013-08-29,777.3,778.72,769.45,770.99,21804
2013-08-30,770.99,773.15,767.13,772.24,25861
2013-09-02,739.1,739.1,702.14,702.22,224971
2013-09-03,698.4,705.88,690.1,701.14,123211
2013-09-04,702.55,708.99,700.89,702.97,76790
2013-09-05,701.97,705.88,691.34,695.37,71283
2013-09-06,694.66,697.99,693.29,695.41,37784
2013-09-09,698.4,700.56,693.75,698.19,69271
2013-09-10,697.57,702.06,694.58,700.98,54093
2013-09-11,701.52,705.79,694.25,704.92,69013
2013-09-12,705.17,707.54,699.27,701.43,47723
2013-09-13,701.27,712.85,701.1,702.64,68255
2013-09-16,705.13,705.13,692.55,692.8,58877
2013-09-17,690.1,690.93,654.84,658.12,109058
2013-09-18,656.87,662.61,650.65,660.61,67318
2013-09-23,660.99,661.03,652.93,656.09,65410
2013-09-24,656.87,662.11,639.02,639.43,98819
2013-09-25,638.4,642.34,623.74,632.62,69789
2013-09-26,627.81,637.02,627.81,633.7,47228
2013-09-27,633.99,636.78,626.93,628.05,34639
2013-09-30,627.51,637.4,625.81,635.86,50461
2013-10-08,635.11,641.92,628.59,638.89,56867
2013-10-09,638.6,641.92,635.28,640.22,40815
2013-10-10,640.26,641.84,637.15,640.43,29046
2013-10-11,633.2,643.71,633.2,642.42,36456
2013-10-14,644.21,651.6,641.59,651.27,55275
2013-10-15,651.64,672.65,648.9,670.37,69278
2013-10-16,678.88,684.7,661.44,670.33,94813
2013-10-17,671.78,676.81,667.26,670.12,48621
2013-10-18,671.37,673.11,661.03,665.1,35575
2013-10-21,667.3,674.73,661.86,673.86,47023
2013-10-22,672.65,672.65,664.14,666.92,24581
2013-10-23,666.26,672.16,661.9,668.05,26215
2013-10-24,666.43,669.21,663.93,668.13,26255
2013-10-25,665.22,665.22,634.45,639.14,58584
2013-10-28,635.2,639.31,624.73,627.68,32141
2013-10-29,628.43,630.55,617.42,622.82,35183
2013-10-30,623.57,624.9,619.33,621.95,25343
2013-10-31,622.2,638.23,621.58,632.42,34893
2013-11-01,629.18,635.45,626.98,632.71,22154
2013-11-04,633.83,640.14,633.08,637.52,19436
2013-11-05,635.28,646.04,630.71,644.87,27843
2013-11-06,645.58,656.92,642.34,651.27,44449
2013-11-07,650.06,652.22,639.02,648.44,21359
2013-11-08,646.91,652.68,636.15,636.69,21537
2013-11-11,644.42,659.7,636.86,650.85,52329
2013-11-12,650.31,674.94,648.78,672.82,69478
2013-11-13,669.71,679.51,665.6,672.32,31881
2013-11-14,673.49,673.49,659.74,669.62,24042
2013-11-15,668.25,671.91,661.44,667.01,33598
2013-11-18,669.33,672.9,664.35,667.21,41572
2013-11-19,667.26,670.16,658.12,664.43,41167
2013-11-20,664.1,664.85,658.54,661.28,25518
2013-11-21,659.7,662.23,646.7,647.16,32992
2013-11-22,647.16,650.02,644.33,646.37,28111
2013-11-25,643.5,660.45,642.42,656.58,26181
2013-11-26,656.83,660.36,651.81,652.64,16406
2013-11-27,652.68,657.66,646.91,652.51,15680
2013-11-28,652.64,663.73,652.64,660.32,22241
2013-11-29,656.87,659.57,652.39,658.7,20424
2013-12-02,652.76,653.84,638.19,639.35,42892
2013-12-03,638.4,644.08,633.37,642.67,32882
2013-12-04,642.17,648.65,638.48,646.41,33510
2013-12-05,646.24,646.24,640.06,640.22,19326
2013-12-06,639.31,648.98,636.11,647.53,29151
2013-12-09,646.91,647.32,636.11,644.17,25372
2013-12-10,642.38,644.0,636.94,640.06,25393
2013-12-11,639.68,642.76,636.82,637.73,19868
2013-12-12,637.48,641.68,636.94,637.77,18307
2013-12-13,637.07,641.88,637.02,637.77,19267
2013-12-16,636.15,637.86,623.11,623.53,32869
2013-12-17,623.45,630.84,621.16,624.52,15641
2013-12-18,623.61,625.73,620.79,621.53,20105
2013-12-19,624.86,625.31,615.76,615.97,17813
2013-12-20,616.39,618.46,594.58,597.28,38556
2013-12-23,596.37,601.39,595.08,596.7,19223
2013-12-24,598.74,601.64,596.16,597.12,27897
2013-12-25,598.74,600.27,594.13,595.66,18439
2013-12-26,594.58,595.54,586.86,589.35,34156
2013-12-27,591.26,599.69,589.35,595.41,25455
2013-12-30,596.45,598.65,586.24,588.19,32167
2013-12-31,586.28,608.33,580.05,604.47,57546
2014-01-02,602.85,602.85,592.92,594.5,21977
2014-01-03,591.47,593.75,583.08,586.2,23342
2014-01-06,581.63,590.02,572.57,572.7,30229
2014-01-07,570.12,575.27,566.35,571.99,18039
2014-01-08,571.7,574.57,561.4,567.18,31990
2014-01-09,565.51,577.14,563.85,566.93,47887
2014-01-10,565.56,571.45,561.57,566.64,21127
2014-01-13,566.76,579.3,565.85,569.21,37646
2014-01-14,570.5,577.1,565.1,575.11,23475
2014-01-15,571.79,574.44,561.57,564.52,19721
2014-01-16,564.89,579.84,564.44,577.93,39120
2014-01-17,577.14,580.67,570.17,570.91,32364
2014-01-20,577.56,599.98,573.9,597.86,60091
2014-01-21,594.58,605.84,591.88,598.7,35405
2014-01-22,598.65,631.17,595.83,628.51,73668
2014-01-23,628.55,633.62,618.5,628.18,40258
2014-01-24,625.73,634.82,621.62,634.03,35781
2014-01-27,631.5,668.42,630.55,655.84,83511
2014-01-28,654.84,661.03,642.34,649.48,36401
2014-01-29,651.81,657.12,638.15,640.31,31520
2014-01-30,638.19,640.06,615.35,620.33,37223
2014-02-07,619.75,630.38,615.6,627.35,23866
2014-02-10,627.81,629.47,614.77,623.07,36252
2014-02-11,622.82,634.37,619.92,627.97,43007
2014-02-12,628.64,631.83,624.94,628.43,19283
2014-02-13,627.93,646.04,627.85,634.74,38567
2014-02-14,633.58,665.18,633.58,664.76,67410
2014-02-17,669.75,698.36,669.75,694.17,87465
2014-02-18,691.92,691.92,678.14,681.83,33640
2014-02-19,682.0,702.47,682.0,692.3,31483
2014-02-20,692.17,700.81,685.94,690.05,23189
2014-02-21,685.94,694.87,685.03,690.43,34125
2014-02-24,690.51,698.73,676.02,684.37,31179
2014-02-25,685.94,687.6,656.87,662.56,46280
2014-02-26,655.05,673.4,648.78,661.15,26514
2014-02-27,661.65,676.77,652.8,673.28,25646
2014-02-28,673.49,697.57,673.28,694.33,41926
2014-03-03,694.25,714.97,687.31,714.72,48817
2014-03-04,703.05,732.83,702.55,708.37,50867
2014-03-05,710.98,735.73,702.55,735.11,47212
2014-03-06,736.65,745.33,723.32,744.08,42741
2014-03-07,744.08,765.68,735.94,758.57,58110
2014-03-10,755.71,759.86,710.98,723.07,49985
2014-03-11,719.17,750.73,715.43,744.83,38561
2014-03-12,740.26,750.73,718.25,729.67,36764
2014-03-13,725.81,756.96,723.77,756.0,42638
2014-03-14,752.64,760.69,743.25,751.85,24934
2014-03-17,756.54,763.43,744.12,762.64,32199
2014-03-18,770.24,803.05,770.24,782.79,59474
2014-03-19,776.89,798.07,773.15,795.45,35366
2014-03-20,795.16,795.99,773.15,773.9,33895
2014-03-21,770.83,785.53,758.62,783.12,40319
2014-03-24,781.46,801.1,776.89,782.66,26321
2014-03-25,770.66,770.66,717.46,764.06,62404
2014-03-26,756.96,761.15,728.97,729.51,57376
2014-03-27,726.06,739.1,720.83,726.06,38045
2014-03-28,726.72,731.58,698.44,705.21,48273
2014-03-31,702.6,724.9,702.55,713.77,30584
2014-04-01,713.81,746.37,712.52,746.12,34047
2014-04-02,747.15,775.89,740.05,759.2,46698
2014-04-03,767.17,767.71,750.31,757.83,26918
2014-04-04,755.09,757.79,739.93,752.64,23207
2014-04-08,752.05,758.28,739.97,754.63,25927
2014-04-09,756.62,763.31,744.62,749.69,21619
2014-04-10,749.36,781.54,733.7,775.27,54178
2014-04-11,785.61,817.17,785.61,802.55,90226
2014-04-14,796.82,807.66,789.76,795.41,26824
2014-04-15,790.59,801.68,790.59,795.95,25880
2014-04-16,792.67,796.24,778.09,781.54,22041
2014-04-17,780.63,802.22,778.18,798.9,29744
2014-04-18,798.07,809.57,791.01,799.35,19601
2014-04-21,793.96,802.14,785.61,785.82,18334
2014-04-22,785.61,798.61,783.62,786.15,22345
2014-04-23,785.94,804.25,785.73,802.47,33756
2014-04-24,802.84,805.17,792.67,801.22,12581
2014-04-25,768.92,769.0,743.21,755.25,95877
2014-04-28,744.41,754.71,734.99,747.36,33029
2014-04-29,747.4,758.53,746.03,750.68,27996
2014-04-30,752.18,753.59,746.28,751.89,19221
2014-05-05,750.31,750.31,723.65,736.81,36743
2014-05-06,735.78,746.99,735.78,739.06,13623
2014-05-07,742.46,742.46,734.12,738.52,11961
2014-05-08,739.1,746.12,737.52,738.56,14698
2014-05-09,738.52,745.33,737.02,738.35,16721
2014-05-12,745.29,745.33,733.7,739.56,26195
2014-05-13,738.97,742.46,733.95,738.85,15939
2014-05-14,735.73,739.64,710.9,716.13,34017
2014-05-15,714.93,723.65,712.94,719.79,16983
2014-05-16,719.79,723.73,713.64,715.68,18467
2014-05-19,704.63,706.71,685.69,685.86,56250
2014-05-20,686.36,691.92,667.67,673.4,46886
2014-05-21,669.75,701.14,669.13,698.4,38738
2014-05-22,697.99,709.2,692.8,694.46,18679
2014-05-23,694.25,705.79,694.17,703.8,14010
2014-05-26,714.6,714.6,706.08,709.07,8911
2014-05-27,706.71,718.13,706.13,707.54,13035
2014-05-28,706.25,715.01,705.88,710.61,12502
2014-05-29,709.74,718.87,708.62,712.06,10107
2014-05-30,711.9,716.18,706.79,707.62,9218
2014-06-03,706.71,712.94,703.59,705.75,13048
2014-06-04,706.67,708.29,694.33,699.02,10494
2014-06-05,698.9,715.01,691.47,714.06,20679
2014-06-06,713.68,717.71,703.76,709.16,9477
2014-06-09,703.8,712.52,703.8,707.66,10035
2014-06-10,707.75,716.22,707.75,714.18,19306
2014-06-11,713.97,716.59,707.58,710.61,10781
2014-06-12,711.15,711.15,703.05,705.17,11500
2014-06-13,705.42,710.15,699.07,705.92,16970
2014-06-16,706.29,714.1,704.22,712.6,16238
2014-06-17,712.11,712.11,703.39,707.5,16365
2014-06-18,710.03,712.73,708.37,709.12,14025
2014-06-19,709.03,711.69,704.63,705.59,11551
2014-06-20,705.46,709.2,703.88,707.45,12019
2014-06-23,708.78,720.74,708.2,720.45,28984
2014-06-24,721.74,751.56,721.45,750.6,38533
2014-06-25,753.37,753.37,735.88,739.21,38171
2014-06-26,739.21,742.64,735.46,736.52,36349
2014-06-27,735.51,735.51,725.46,730.76,26478
2014-06-30,734.41,742.23,730.85,738.07,24400
2014-07-01,740.86,740.86,732.68,737.11,11947
2014-07-02,738.3,739.76,733.59,738.53,12068
2014-07-03,739.12,744.56,735.42,743.92,19332
2014-07-04,744.56,748.12,741.45,744.19,15403
2014-07-07,741.81,748.58,739.12,748.03,22880
2014-07-08,747.75,748.07,733.68,738.98,21092
2014-07-09,738.16,742.13,733.68,734.69,14329
2014-07-10,734.14,737.38,731.76,733.77,12160
2014-07-11,735.74,743.14,734.14,737.57,18433
2014-07-14,737.57,778.77,735.88,773.65,46535
2014-07-15,770.64,811.25,770.64,792.11,58788
2014-07-16,792.29,805.67,792.29,795.58,24459
2014-07-17,793.39,800.06,783.84,791.83,20191
2014-07-18,791.1,843.22,787.04,824.86,74897
2014-07-21,822.17,833.54,813.94,824.86,30143
2014-07-22,818.56,838.66,818.56,835.0,29821
2014-07-23,829.52,843.22,827.69,838.15,27836
2014-07-24,837.56,861.95,830.89,836.51,35682
2014-07-25,838.66,848.02,825.23,838.11,27834
2014-07-28,839.71,856.88,833.72,839.8,42969
2014-07-29,840.03,840.03,821.57,825.23,36017
2014-07-30,823.76,823.76,804.4,813.58,54876
2014-07-31,812.57,822.12,806.5,821.62,25206
2014-08-01,821.16,840.03,818.65,834.0,43260
2014-08-04,834.09,846.06,830.84,840.48,38848
2014-08-05,838.66,850.81,828.01,848.93,38358
2014-08-06,842.31,846.79,829.52,835.55,20317
2014-08-07,834.54,840.44,822.67,823.12,25396
2014-08-08,829.34,835.6,819.47,830.16,23819
2014-08-11,831.71,835.0,827.28,834.41,20071
2014-08-12,828.65,832.95,821.07,829.7,19604
2014-08-13,829.7,842.22,824.04,831.76,34454
2014-08-14,829.61,836.1,826.23,827.05,22959
2014-08-15,830.43,831.76,825.55,827.42,21803
2014-08-18,829.52,830.89,816.27,819.24,41698
2014-08-19,819.24,819.24,813.3,814.35,32096
2014-08-20,814.63,829.79,813.53,829.52,37085
2014-08-21,829.52,830.98,815.82,820.25,18873
2014-08-22,820.38,822.17,814.67,817.05,18637
2014-08-25,817.05,821.07,812.62,814.67,15377
2014-08-26,813.53,817.73,806.5,809.97,16590
2014-08-27,809.97,810.24,802.93,803.8,13829
2014-08-28,802.11,812.89,802.11,802.2,17618
2014-08-29,802.11,813.94,797.54,812.3,23839
2014-09-01,812.16,818.1,809.92,813.3,16450
2014-09-02,814.95,832.44,811.38,832.08,41246
2014-09-03,832.17,854.28,832.08,842.4,42042
2014-09-04,841.85,847.52,837.19,843.5,23976
2014-09-05,846.42,857.66,844.18,854.69,34732
2014-09-09,855.33,856.79,838.66,839.02,20563
2014-09-10,837.29,843.22,834.13,838.24,17868
2014-09-11,838.06,842.4,827.14,829.43,31876
2014-09-12,827.19,832.49,821.85,831.58,17356
2014-09-15,829.06,829.11,814.9,817.69,32544
2014-09-16,822.67,823.12,806.77,808.78,34823
2014-09-17,813.39,818.28,808.23,812.3,25841
2014-09-18,811.34,817.55,807.05,816.96,26482
2014-09-19,816.96,824.86,813.53,824.27,22666
2014-09-22,823.63,823.63,805.95,806.41,37192
2014-09-23,805.31,808.96,803.76,808.87,34546
2014-09-24,804.35,822.67,800.28,821.25,43449
2014-09-25,824.59,838.56,824.5,830.39,56851
2014-09-26,827.24,834.64,816.73,830.94,22717
2014-09-29,831.03,835.0,826.73,831.67,23489
2014-09-30,832.9,834.04,825.87,830.11,21574
2014-10-08,824.95,825.41,810.33,823.72,45653
2014-10-09,819.79,821.53,813.9,820.43,36245
2014-10-10,815.91,819.47,809.88,815.91,43148
2014-10-13,810.38,810.7,791.51,802.57,53176
2014-10-14,797.54,806.63,794.99,797.13,28896
2014-10-15,796.4,809.33,796.22,808.14,22238
2014-10-16,802.57,812.12,802.57,808.14,23950
2014-10-17,811.25,816.04,806.22,812.98,30977
2014-10-20,812.98,813.53,803.94,806.31,32910
2014-10-21,806.68,817.37,804.85,813.35,39911
2014-10-22,813.26,817.92,808.96,816.18,22836
2014-10-23,813.85,821.66,810.75,816.04,31917
2014-10-24,815.59,819.88,809.83,815.27,19980
2014-10-27,806.54,816.27,797.04,808.96,27971
2014-10-28,808.14,816.27,807.5,814.63,20548
2014-10-29,814.9,818.37,808.87,812.62,21423
2014-10-30,811.25,811.25,798.0,799.46,49087
2014-10-31,799.69,806.22,794.57,805.22,36422
2014-11-03,805.54,806.13,799.6,800.19,24670
2014-11-04,799.78,799.78,779.27,781.05,55944
2014-11-05,779.5,779.5,754.15,757.12,76720
2014-11-06,757.12,763.24,756.48,761.69,36363
2014-11-07,761.78,766.94,761.5,765.75,41507
2014-11-10,774.7,791.97,770.14,791.93,62325
2014-11-11,794.35,798.46,783.89,790.01,47707
2014-11-12,788.32,791.1,775.62,787.91,30824
2014-11-13,787.13,787.17,773.24,781.92,49156
2014-11-14,781.83,809.56,778.86,808.0,75225
2014-11-17,856.93,856.93,820.38,820.61,150416
2014-11-18,824.95,828.7,797.54,800.51,63498
2014-11-19,800.15,800.51,786.63,788.73,46291
2014-11-20,787.86,788.04,776.94,777.81,46258
2014-11-21,777.26,789.32,775.62,789.0,41991
2014-11-24,792.43,797.54,783.84,792.75,53879
2014-11-25,790.33,796.86,787.49,795.9,53231
2014-11-26,795.72,803.76,792.47,801.88,63859
2014-11-27,797.54,807.68,792.98,805.22,96552
2014-11-28,804.72,804.72,789.18,801.38,88288
2014-12-01,804.72,824.95,802.11,820.66,121740
2014-12-02,816.04,825.87,812.39,825.59,99268
2014-12-03,831.53,858.3,831.16,842.45,117323
2014-12-04,850.08,886.62,850.08,884.93,117781
2014-12-05,902.56,906.99,859.67,870.27,112901
2014-12-08,860.76,895.71,853.27,879.63,100894
2014-12-09,875.2,941.98,872.92,879.13,151890
2014-12-10,888.9,927.73,888.9,911.38,106656
2014-12-11,911.74,920.61,890.23,892.97,54882
2014-12-12,897.03,916.27,893.47,896.17,51055
2014-12-15,896.21,930.47,890.87,930.2,70964
2014-12-16,928.65,928.65,903.11,914.62,51129
2014-12-17,911.7,918.37,901.69,907.5,60020
2014-12-18,910.33,921.79,907.18,908.73,38568
2014-12-19,907.45,920.79,902.61,915.49,49631
2014-12-22,910.14,931.34,892.92,930.47,73624
2014-12-23,929.01,973.37,920.93,952.22,85651
2014-12-24,948.29,965.65,914.85,925.72,63555
2014-12-25,926.13,939.15,916.36,938.38,44072
2014-12-26,934.99,952.86,925.45,946.32,42677
2014-12-29,948.74,957.42,920.88,927.64,89839
2014-12-30,925.45,948.2,923.07,942.99,56171
2014-12-31,937.32,957.42,934.58,955.69,46269
2015-01-05,955.69,1022.47,951.44,1014.61,94515
2015-01-06,1003.1,1014.8,984.92,993.19,55020
2015-01-07,985.01,1000.82,957.38,970.85,54798
2015-01-08,975.7,978.07,958.06,965.46,40525
2015-01-09,959.25,983.78,957.93,958.84,53982
2015-01-12,957.42,969.25,932.12,941.12,49915
2015-01-13,943.72,950.75,932.76,934.04,36708
2015-01-14,934.58,941.44,915.76,926.27,52403
2015-01-15,929.51,940.98,923.07,939.47,48586
2015-01-16,940.07,948.29,939.06,939.65,39978
2015-01-19,916.31,926.36,872.78,891.1,64679
2015-01-20,893.56,914.03,879.77,902.97,61023
2015-01-21,903.84,924.99,898.95,922.52,52675
2015-01-22,922.57,931.66,911.74,917.36,38255
2015-01-23,912.29,926.73,912.25,916.4,33085
2015-01-26,919.51,927.73,916.54,924.53,35649
2015-01-27,924.63,924.63,902.61,912.25,41884
2015-01-28,907.18,913.57,899.41,900.19,30681
2015-01-29,894.39,902.61,888.9,894.16,32493
2015-01-30,897.99,916.31,895.76,898.86,47508
2015-02-02,891.23,895.3,882.05,888.08,33983
2015-02-03,900.23,905.58,894.39,904.3,27793
2015-02-04,907.86,921.25,898.04,899.18,35294
2015-02-05,907.04,915.85,884.34,884.56,41240
2015-02-06,887.26,895.76,882.51,887.08,37102
2015-02-09,892.42,935.04,888.9,931.39,87294
2015-02-10,933.67,935.5,918.37,924.9,53639
2015-02-11,922.71,931.16,921.25,926.13,22895
2015-02-12,929.97,932.25,920.93,928.05,25051
2015-02-13,930.52,932.3,918.14,923.12,40127
2015-02-16,923.35,928.33,917.32,926.86,39521
2015-02-17,927.96,929.51,920.47,921.88,34173
2015-02-25,925.45,937.78,916.81,929.83,59935
2015-02-26,929.1,950.07,927.96,942.08,62298
2015-02-27,943.26,977.98,942.81,962.22,63371
2015-03-02,961.08,974.78,952.86,960.76,31099
2015-03-03,954.23,966.56,935.31,938.92,43000
2015-03-04,943.67,948.33,932.76,944.59,40662
2015-03-05,934.63,943.86,930.24,936.96,36206
2015-03-06,936.18,941.34,926.68,928.28,25471
2015-03-09,938.24,971.08,929.1,964.55,43486
2015-03-10,961.72,964.28,945.0,947.51,29637
2015-03-11,947.51,971.13,947.37,966.47,40583
2015-03-12,971.13,984.79,963.82,969.99,38496
2015-03-13,969.76,975.24,950.94,957.01,25479
2015-03-16,957.7,977.98,943.77,974.6,31161
2015-03-17,980.22,997.12,979.76,988.35,45904
2015-03-18,988.49,1003.06,982.64,1000.59,39304
2015-03-19,996.43,998.49,975.97,981.54,33540
2015-03-20,976.61,980.22,961.44,971.81,51374
2015-03-23,978.76,988.26,972.04,980.63,40979
2015-03-24,981.63,991.41,967.02,983.42,60079
2015-03-25,971.13,980.72,966.83,970.12,42240
2015-03-26,973.64,1002.65,966.56,996.53,67105
2015-03-27,993.97,996.53,970.9,978.21,40145
2015-03-30,978.8,998.31,971.58,988.35,63451
2015-03-31,987.94,1006.62,975.79,984.65,88131
2015-04-01,984.97,991.96,977.89,981.82,76875
2015-04-02,984.65,992.14,970.58,978.35,62982
2015-04-03,975.7,989.45,970.12,988.53,51211
2015-04-07,988.71,1008.04,983.92,1006.16,59824
2015-04-08,1014.52,1051.89,1010.37,1023.66,135857
2015-04-09,1023.57,1029.96,998.76,1003.1,62400
2015-04-10,1003.06,1016.76,1001.32,1004.11,102019
2015-04-13,1010.18,1023.61,998.26,1020.92,91356
2015-04-14,1021.38,1045.49,1021.19,1030.51,81903
2015-04-15,1044.67,1047.78,1022.11,1029.14,55005
2015-04-16,1042.16,1123.1,1038.87,1123.1,86014
2015-04-17,1180.8,1225.56,1132.29,1151.84,192095
2015-04-20,1140.14,1211.86,1135.58,1158.55,130589
2015-04-21,1185.82,1265.44,1185.82,1265.44,122402
2015-04-22,1317.38,1318.3,1263.98,1294.95,134635
2015-04-23,1295.46,1296.23,1245.12,1259.09,86030
2015-04-24,1240.09,1275.72,1208.71,1270.29,100531
2015-04-27,1266.13,1312.81,1245.16,1257.95,78973
2015-04-28,1249.78,1270.79,1218.03,1221.86,87292
2015-04-29,1213.69,1245.21,1213.69,1230.5,59301
2015-04-30,1236.76,1253.89,1221.23,1241.69,64064
2015-05-04,1243.65,1272.62,1231.59,1254.21,54739
2015-05-05,1240.64,1240.64,1185.28,1190.16,73700
2015-05-06,1204.0,1217.75,1185.87,1198.07,60324
2015-05-07,1208.66,1240.09,1197.52,1208.34,68103
2015-05-08,1213.78,1253.79,1212.77,1250.55,57806
2015-05-11,1238.36,1268.0,1231.5,1265.49,61346
2015-05-12,1264.39,1264.39,1240.64,1251.69,47031
2015-05-13,1248.86,1290.75,1242.92,1260.74,58913
2015-05-14,1260.05,1274.9,1237.08,1237.94,41853
2015-05-15,1237.94,1247.45,1193.18,1209.44,54185
2015-05-18,1208.66,1208.66,1186.28,1191.03,35363
2015-05-19,1190.62,1232.51,1186.74,1231.69,47638
2015-05-20,1240.64,1277.18,1228.31,1249.55,63772
2015-05-21,1258.91,1283.12,1249.82,1270.74,47669
2015-05-22,1275.72,1353.93,1275.31,1349.63,66649
2015-05-25,1322.86,1407.33,1318.3,1399.74,67474
2015-05-26,1398.69,1414.22,1386.63,1393.85,60915
2015-05-27,1393.76,1411.12,1336.57,1354.38,46935
2015-05-28,1346.84,1373.11,1277.64,1282.25,60885
2015-05-29,1277.23,1318.3,1276.68,1294.68,57783
2015-06-01,1295.18,1336.48,1276.27,1329.53,65817
2015-06-02,1325.15,1325.15,1280.2,1307.42,64636
2015-06-03,1300.85,1307.42,1277.23,1289.93,46424
2015-06-04,1290.8,1300.02,1185.82,1269.01,92363
2015-06-05,1268.55,1286.78,1213.23,1249.04,85738
2015-06-08,1238.4,1311.63,1230.59,1298.38,96008
2015-06-09,1300.02,1321.95,1261.2,1272.75,77852
2015-06-10,1257.27,1308.61,1248.86,1281.98,80462
2015-06-11,1277.18,1297.74,1267.0,1277.46,52955
2015-06-12,1286.87,1336.57,1281.75,1304.59,90910
2015-06-15,1309.07,1332.0,1277.55,1281.25,100014
2015-06-16,1272.62,1303.68,1242.92,1249.55,69304
2015-06-17,1249.59,1266.95,1226.94,1254.75,58389
2015-06-18,1245.3,1253.43,1188.56,1203.96,61507
2015-06-19,1212.64,1224.61,1158.51,1164.4,67609
2015-06-23,1184.91,1258.23,1159.01,1241.78,81247
2015-06-24,1231.5,1300.94,1220.77,1282.71,95707
2015-06-25,1284.04,1286.46,1232.46,1239.68,66522
2015-06-26,1231.59,1257.77,1164.35,1197.01,99332
2015-06-29,1224.06,1261.2,1130.09,1216.15,165072
2015-06-30,1216.15,1276.36,1213.23,1266.45,126298
2015-07-01,1254.34,1316.01,1235.98,1265.72,103327
2015-07-02,1255.71,1380.42,1208.71,1278.55,118460
2015-07-03,1254.34,1279.47,1195.87,1230.64,109605
2015-07-06,1313.5,1313.68,1183.54,1249.96,272800
2015-07-07,1231.5,1261.56,1183.54,1204.92,167562
2015-07-08,1135.58,1208.62,1093.37,1171.48,289141
2015-07-09,1171.48,1279.06,1153.85,1267.77,138203
2015-07-10,1263.48,1382.25,1240.46,1302.72,256149
2015-07-13,1268.05,1302.67,1236.07,1266.91,148926
2015-07-14,1254.34,1255.17,1218.71,1227.16,96768
2015-07-15,1220.08,1243.84,1200.81,1237.26,104077
2015-07-16,1237.26,1250.6,1223.55,1238.77,72814
2015-07-17,1260.16,1265.14,1238.76,1256.6,56419
2015-07-20,1250.87,1254.64,1227.5,1240.62,67934
2015-07-21,1223.73,1236.04,1214.94,1223.28,51790
2015-07-22,1214.94,1224.99,1197.75,1200.52,70855
2015-07-23,1204.84,1217.95,1193.68,1212.63,64748
2015-07-24,1217.45,1233.48,1208.66,1210.97,57390
2015-07-27,1199.87,1221.47,1119.47,1122.08,76944
2015-07-28,1113.74,1161.88,1101.78,1143.74,86704
2015-07-29,1153.54,1164.69,1125.15,1153.34,66507
2015-07-30,1158.81,1158.81,1140.07,1144.39,41134
2015-07-31,1148.11,1149.27,1129.52,1148.76,40737
2015-08-03,1139.57,1164.64,1129.52,1162.48,54553
2015-08-04,1160.97,1184.69,1160.97,1174.59,59534
2015-08-05,1179.41,1184.04,1149.32,1150.57,43144
2015-08-06,1145.75,1152.13,1129.52,1139.37,39250
2015-08-07,1152.08,1157.66,1142.58,1149.27,39521
2015-08-10,1149.67,1179.77,1140.22,1176.25,56496
2015-08-11,1176.25,1176.8,1164.74,1168.46,50897
2015-08-12,1164.64,1186.25,1158.41,1162.03,45824
2015-08-13,1172.23,1172.23,1144.59,1162.23,35180
2015-08-14,1167.2,1171.73,1160.92,1164.59,30667
2015-08-17,1154.74,1158.76,1134.54,1145.7,53858
2015-08-18,1149.52,1152.13,1116.2,1119.77,51286
2015-08-19,1113.19,1125.3,1105.3,1122.58,50262
2015-08-20,1118.61,1119.47,1088.82,1089.67,39645
2015-08-21,1071.83,1088.62,1044.7,1045.75,75621
2015-08-24,1018.97,1021.49,954.66,961.89,89813
2015-08-25,950.94,1026.56,944.61,996.81,123081
2015-08-26,997.67,1056.66,988.82,1033.44,91573
2015-08-27,1064.2,1113.94,1038.52,1099.72,87052
2015-08-28,1089.32,1090.78,1049.77,1077.51,89926
2015-08-31,1060.88,1091.83,1039.98,1091.18,62730
2015-09-01,1073.34,1089.32,1054.15,1086.15,87433
2015-09-02,1064.75,1089.32,1060.18,1087.36,106945
2015-09-07,1077.26,1084.3,1057.41,1057.71,32216
2015-09-08,1056.46,1066.56,1039.07,1060.78,33099
2015-09-09,1064.9,1083.64,1064.9,1073.54,35215
2015-09-10,1066.11,1080.78,1059.87,1080.33,26852
2015-09-11,1073.64,1084.8,1069.47,1078.82,16932
2015-09-14,1076.41,1128.51,1053.64,1127.16,86176
2015-09-15,1104.44,1124.59,1089.92,1124.49,51884
2015-09-16,1114.49,1162.38,1103.04,1137.31,37198
2015-09-17,1127.51,1143.59,1102.43,1104.39,26423
2015-09-18,1107.41,1118.92,1104.39,1111.58,15643
2015-09-21,1104.44,1117.96,1104.39,1110.93,16528
2015-09-22,1118.31,1120.37,1109.32,1110.78,16457
2015-09-23,1100.12,1109.37,1084.8,1087.91,22344
2015-09-24,1093.34,1095.75,1078.27,1084.3,13887
2015-09-25,1084.24,1088.82,1061.68,1081.58,24456
2015-09-28,1071.63,1075.75,1060.33,1071.13,12341
2015-09-29,1061.93,1071.08,1055.65,1065.05,18410
2015-09-30,1065.35,1071.63,1065.05,1065.75,11635
2015-10-08,1108.31,1122.38,1099.37,1101.98,34392
2015-10-09,1108.31,1108.92,1096.86,1099.12,15722
2015-10-12,1109.42,1137.01,1103.64,1104.85,49030
2015-10-13,1104.85,1114.9,1104.85,1108.11,15751
2015-10-14,1109.32,1111.93,1099.42,1103.54,15213
2015-10-15,1105.2,1116.3,1102.18,1114.39,16550
2015-10-16,1120.57,1126.5,1111.48,1118.16,19238
2015-10-19,1139.27,1139.27,1123.99,1128.11,26121
2015-10-20,1124.59,1128.92,1120.37,1124.34,14784
2015-10-21,1124.9,1127.26,1099.42,1116.0,22349
2015-10-22,1115.65,1128.16,1111.58,1127.16,23720
2015-10-23,1143.59,1202.88,1142.33,1169.62,56277
2015-10-26,1174.74,1206.4,1154.64,1203.53,43346
2015-10-27,1200.37,1203.28,1177.66,1191.07,22573
2015-10-28,1189.77,1189.77,1174.24,1176.95,16559
2015-10-29,1174.74,1188.76,1174.74,1179.77,13454
2015-10-30,1179.51,1193.84,1175.34,1184.09,12258
2015-11-02,1187.81,1194.14,1177.25,1177.56,15298
2015-11-03,1179.36,1193.63,1156.65,1163.23,23173
2015-11-04,1167.61,1194.84,1165.24,1189.72,30810
2015-11-05,1187.81,1231.42,1182.28,1197.65,49983
2015-11-06,1201.62,1207.9,1192.63,1207.0,21696
2015-11-09,1224.99,1238.36,1209.91,1219.11,40527
2015-11-10,1214.94,1235.64,1210.72,1226.9,28730
2015-11-11,1225.04,1230.01,1207.9,1215.69,23816
2015-11-12,1216.1,1230.01,1211.82,1214.99,16181
2015-11-13,1205.39,1212.43,1188.96,1190.37,28397
2015-11-16,1177.25,1197.35,1174.74,1183.69,23917
2015-11-17,1188.41,1202.38,1180.47,1186.6,21986
2015-11-18,1182.73,1194.84,1182.73,1188.11,19726
2015-11-19,1184.79,1194.84,1184.29,1189.97,15263
2015-11-20,1190.52,1193.74,1180.27,1183.38,22274
2015-11-23,1179.77,1183.99,1177.3,1177.86,20995
2015-11-24,1176.7,1181.17,1164.69,1173.18,20469
2015-11-25,1173.23,1179.77,1166.7,1179.67,24250
2015-11-26,1182.23,1183.74,1173.89,1178.96,18805
2015-11-27,1177.2,1177.45,1147.76,1153.34,16221
2015-11-30,1154.84,1188.71,1153.59,1186.35,33440
2015-12-01,1179.77,1184.54,1169.72,1183.79,18878
2015-12-02,1187.2,1250.11,1174.74,1222.88,47891
2015-12-03,1209.91,1221.97,1198.36,1215.94,22387
2015-12-04,1214.74,1214.74,1189.87,1191.37,20849
2015-12-07,1189.82,1199.76,1180.77,1187.35,19255
2015-12-08,1187.55,1187.55,1172.03,1174.44,17394
2015-12-09,1172.63,1190.07,1172.23,1187.15,14120
2015-12-10,1189.82,1195.85,1174.69,1179.57,13787
2015-12-11,1177.25,1177.25,1167.2,1171.78,13035
2015-12-14,1165.65,1189.21,1159.67,1185.29,20701
2015-12-15,1183.79,1187.76,1175.14,1187.35,15088
2015-12-16,1186.85,1188.01,1177.71,1184.34,20145
2015-12-17,1186.75,1199.26,1184.79,1194.14,24253
2015-12-18,1192.33,1210.67,1190.37,1199.26,28460
2015-12-21,1204.89,1261.07,1204.89,1250.26,59392
2015-12-22,1249.11,1249.11,1231.42,1240.21,28402
2015-12-23,1242.32,1248.56,1228.51,1230.01,22375
2015-12-24,1234.94,1243.48,1231.02,1238.96,15578
2015-12-25,1240.06,1243.38,1229.41,1237.55,11543
2015-12-28,1242.48,1245.09,1209.91,1210.52,25595
2015-12-29,1208.01,1217.15,1207.45,1214.09,15774
2015-12-30,1215.84,1218.26,1202.48,1209.21,20148
2015-12-31,1206.0,1212.43,1203.99,1205.84,19674
2016-01-04,1204.89,1204.89,1164.64,1164.79,17350
2016-01-05,1164.69,1184.64,1152.18,1178.86,31909
2016-01-06,1178.66,1183.08,1161.17,1175.65,23761
2016-01-07,1159.62,1159.62,1114.59,1125.65,8149
2016-01-08,1135.4,1154.64,1114.44,1137.71,44510
2016-01-11,1130.32,1133.49,1111.43,1113.74,29703
2016-01-12,1119.97,1125.0,1094.34,1098.31,40287
2016-01-13,1109.92,1144.59,1107.41,1113.34,29202
2016-01-14,1099.92,1144.49,1091.88,1138.66,34776
2016-01-15,1138.31,1145.5,1104.39,1109.42,26681
2016-01-18,1104.39,1126.5,1100.37,1111.58,27371
2016-01-19,1119.47,1166.35,1114.49,1165.9,59110
2016-01-20,1149.62,1165.5,1119.52,1126.1,40969
2016-01-21,1120.78,1137.51,1113.94,1115.75,21832
2016-01-22,1130.07,1131.53,1108.46,1128.21,22733
2016-01-25,1129.52,1131.98,1121.98,1128.36,13750
2016-01-26,1119.42,1136.9,1106.91,1109.47,22281
2016-01-27,1114.34,1118.92,1092.84,1114.09,29840
2016-01-28,1113.19,1113.19,1092.44,1097.56,17903
2016-01-29,1101.78,1127.01,1099.37,1117.71,23090
2016-02-01,1125.0,1128.51,1113.89,1120.93,19178
2016-02-02,1124.49,1138.56,1117.66,1137.31,17842
2016-02-03,1127.41,1137.36,1121.98,1132.83,15157
2016-02-04,1138.56,1143.99,1132.23,1139.52,16625
2016-02-05,1139.52,1140.47,1127.16,1133.89,14228
2016-02-15,1114.44,1129.52,1112.43,1116.5,19470
2016-02-16,1117.26,1154.64,1117.26,1134.14,19223
2016-02-17,1133.24,1139.17,1117.01,1126.0,20349
2016-02-18,1130.52,1132.53,1119.97,1123.04,18893
2016-02-19,1122.58,1130.42,1120.12,1130.07,14238
2016-02-22,1144.59,1156.25,1144.59,1153.64,27760
2016-02-23,1153.49,1189.72,1149.72,1176.8,37461
2016-02-24,1175.75,1205.04,1169.77,1203.58,33129
2016-02-25,1208.91,1217.35,1175.39,1176.8,39481
2016-02-26,1180.27,1211.17,1171.02,1199.06,28333
2016-02-29,1209.86,1219.36,1148.61,1189.36,47712
2016-03-01,1194.64,1216.45,1166.7,1207.0,34005
2016-03-02,1209.91,1242.58,1208.26,1236.14,47943
2016-03-03,1240.06,1275.14,1223.28,1254.18,40193
2016-03-04,1249.51,1316.24,1240.11,1309.31,85839
2016-03-07,1305.94,1315.44,1270.46,1283.48,39346
2016-03-08,1281.77,1281.77,1250.11,1261.22,26147
2016-03-09,1250.11,1278.5,1245.59,1252.32,16403
2016-03-10,1260.11,1283.78,1255.14,1255.44,25727
2016-03-11,1247.8,1274.63,1242.58,1255.39,16320
2016-03-14,1269.01,1282.77,1225.99,1237.9,45278
2016-03-15,1239.06,1287.25,1236.75,1274.84,36356
2016-03-16,1266.29,1277.75,1240.06,1258.2,24251
2016-03-17,1265.19,1285.79,1256.65,1262.98,28821
2016-03-18,1275.24,1276.54,1243.98,1245.09,70569
2016-03-21,1248.4,1275.34,1248.35,1275.14,38547
2016-03-22,1276.54,1306.29,1272.72,1287.75,41767
2016-03-23,1291.32,1300.36,1278.65,1290.16,21412
2016-03-24,1290.31,1342.57,1271.72,1328.8,62068
2016-03-25,1328.0,1364.63,1320.56,1340.46,44756
2016-03-28,1340.46,1382.67,1340.46,1363.57,48338
2016-03-29,1363.67,1370.71,1337.75,1356.19,36688
2016-03-30,1360.66,1367.69,1342.97,1358.95,27783
2016-03-31,1364.88,1367.19,1350.56,1353.82,19457
2016-04-01,1360.41,1368.15,1338.25,1341.01,25146
2016-04-05,1330.51,1353.12,1330.51,1343.17,25048
2016-04-06,1344.58,1403.87,1344.58,1401.91,48425
2016-04-07,1400.3,1403.27,1378.85,1386.34,25536
2016-04-08,1375.73,1395.28,1356.64,1364.98,23156
2016-04-11,1368.2,1391.71,1333.02,1334.13,119285
2016-04-12,1334.03,1340.56,1325.99,1340.16,23339
2016-04-13,1342.57,1358.8,1323.98,1326.69,54274
2016-04-14,1327.39,1339.71,1320.46,1329.3,28664
2016-04-15,1328.7,1340.46,1321.47,1340.06,19029
2016-04-18,1329.5,1345.58,1328.0,1333.93,18593
2016-04-19,1338.5,1341.51,1322.72,1331.41,14237
2016-04-20,1331.46,1337.54,1294.33,1307.6,33709
2016-04-21,1317.95,1326.99,1306.89,1317.29,29672
2016-04-22,1320.46,1355.03,1317.29,1352.62,35459
2016-04-25,1351.21,1356.14,1332.02,1338.15,24990
2016-04-26,1340.31,1350.01,1330.51,1334.83,15157
2016-04-27,1338.05,1342.97,1332.97,1339.96,13915
2016-04-28,1344.73,1349.3,1335.53,1347.8,17157
2016-04-29,1352.57,1377.89,1352.57,1371.71,46079
2016-05-03,1368.45,1427.39,1368.45,1415.93,56475
2016-05-04,1415.93,1427.94,1395.78,1396.89,28636
2016-05-05,1398.34,1406.64,1393.32,1404.73,13518
2016-05-06,1402.41,1408.49,1371.31,1376.84,27174
2016-05-09,1366.34,1379.75,1360.71,1369.8,27799
2016-05-10,1363.17,1385.78,1361.21,1376.13,33506
2016-05-11,1377.49,1418.34,1377.49,1400.2,49277
2016-05-12,1385.88,1398.65,1375.73,1395.63,18894
2016-05-13,1395.73,1410.4,1368.2,1370.51,28146
2016-05-16,1370.0,1374.73,1352.12,1373.87,22203
2016-05-17,1370.76,1377.74,1364.83,1365.83,11786
2016-05-18,1361.06,1374.98,1331.01,1337.75,28380
2016-05-19,1341.36,1358.15,1338.05,1344.43,20889
2016-05-20,1349.81,1376.64,1337.14,1372.01,25502
2016-05-23,1364.28,1390.76,1364.28,1386.79,18706
2016-05-24,1387.84,1391.86,1366.19,1375.43,11674
2016-05-25,1388.19,1390.51,1370.76,1375.03,17785
2016-05-26,1375.68,1384.78,1361.66,1379.3,18120
2016-05-27,1379.35,1389.25,1372.62,1377.94,13230
2016-05-30,1373.22,1398.34,1365.68,1396.49,29807
2016-05-31,1395.83,1449.2,1391.81,1438.39,53950
2016-06-01,1443.07,1443.57,1431.01,1434.98,21877
2016-06-02,1431.06,1459.55,1431.06,1454.82,24761
2016-06-03,1451.1,1550.29,1448.09,1535.97,64798
2016-06-06,1526.48,1531.5,1491.3,1496.58,37262
2016-06-07,1498.84,1508.84,1491.35,1505.62,18754
2016-06-08,1498.34,1505.67,1483.77,1487.69,23882
2016-06-13,1483.01,1499.64,1447.34,1451.41,37775
2016-06-14,1454.67,1485.27,1454.67,1480.0,25587
2016-06-15,1469.75,1505.37,1467.23,1498.79,27322
2016-06-16,1490.6,1505.37,1485.17,1486.38,19644
2016-06-17,1484.27,1528.94,1484.27,1507.68,24705
2016-06-20,1515.27,1515.72,1486.28,1496.88,19019
2016-06-21,1501.55,1506.08,1481.25,1485.32,16749
2016-06-22,1485.12,1513.21,1480.1,1508.59,20884
2016-06-23,1516.28,1516.28,1490.7,1498.54,13985
2016-06-24,1492.71,1501.35,1452.11,1485.12,20130
2016-06-27,1491.3,1578.23,1491.3,1555.02,63643
2016-06-28,1551.7,1564.97,1548.18,1557.68,24282
2016-06-29,1554.36,1563.91,1537.53,1557.53,28148
2016-06-30,1566.78,1607.88,1566.78,1576.32,38022
2016-07-01,1583.61,1607.13,1567.53,1578.44,26015
2016-07-04,1582.61,1624.82,1577.58,1617.28,29489
2016-07-05,1622.96,1663.51,1622.96,1650.85,41708
2016-07-06,1646.93,1738.38,1642.96,1734.31,47348
2016-07-07,1727.32,1782.6,1708.63,1732.9,50725
2016-07-08,1715.92,1725.82,1678.88,1697.73,45546
2016-07-11,1693.3,1768.53,1693.3,1724.01,57482
2016-07-12,1727.12,1781.59,1723.3,1772.19,53119
2016-07-13,1763.65,1772.19,1723.55,1734.31,53448
2016-07-14,1728.78,1752.45,1724.31,1733.8,29231
2016-07-15,1733.96,1738.53,1723.6,1735.97,26811
2016-07-18,1735.86,1745.91,1726.62,1729.38,23353
2016-07-19,1725.82,1729.84,1675.82,1688.68,41432
2016-07-20,1691.24,1702.55,1685.62,1690.94,17734
2016-07-21,1698.93,1736.37,1693.15,1720.19,33009
2016-07-22,1712.75,1724.31,1685.01,1687.73,28871
2016-07-25,1686.12,1719.23,1683.1,1704.51,23624
2016-07-26,1693.2,1745.91,1690.64,1743.6,35556
2016-07-27,1747.67,1751.44,1689.64,1718.33,39228
2016-07-28,1708.23,1744.91,1705.72,1728.58,39644
2016-07-29,1723.7,1742.8,1713.25,1714.01,29007
2016-08-01,1713.25,1718.03,1673.05,1682.9,31702
2016-08-02,1684.36,1700.69,1662.25,1679.13,26541
2016-08-03,1683.1,1687.63,1668.78,1682.2,24039
2016-08-04,1682.35,1689.79,1669.14,1679.59,21794
2016-08-05,1680.54,1689.99,1673.21,1677.73,20308
2016-08-08,1678.83,1689.64,1663.31,1688.63,22007
2016-08-09,1688.98,1736.72,1680.19,1727.07,39290
2016-08-10,1723.55,1730.84,1714.91,1717.32,20945
2016-08-11,1720.19,1756.32,1718.33,1732.2,31940
2016-08-12,1735.36,1735.36,1718.33,1733.2,23353
2016-08-15,1727.32,1756.92,1719.03,1742.3,34110
2016-08-16,1758.48,1760.89,1688.13,1695.77,88379
2016-08-17,1696.17,1703.05,1680.59,1688.93,43754
2016-08-18,1687.88,1696.42,1673.71,1680.24,31006
2016-08-19,1677.07,1685.37,1672.05,1680.49,19141
2016-08-22,1678.73,1696.07,1678.08,1684.71,20813
2016-08-23,1684.76,1693.36,1677.07,1682.5,19914
2016-08-24,1683.21,1685.57,1667.18,1674.46,22779
2016-08-25,1674.06,1674.96,1648.28,1663.06,25363
2016-08-26,1663.71,1670.79,1649.94,1655.22,21436
2016-08-29,1688.13,1692.15,1674.06,1685.77,38056
2016-08-30,1683.1,1690.64,1671.4,1677.38,21171
2016-08-31,1681.6,1702.0,1675.77,1699.13,40401
2016-09-01,1696.67,1708.23,1689.39,1691.7,17186
2016-09-02,1688.13,1695.42,1672.45,1676.97,18572
2016-09-05,1679.08,1693.15,1677.13,1690.64,19139
2016-09-06,1690.64,1699.99,1689.89,1697.88,20626
2016-09-07,1696.57,1696.57,1675.57,1681.09,29645
2016-09-08,1674.11,1680.59,1670.09,1677.18,16706
2016-09-09,1681.35,1682.4,1668.03,1671.2,16223
2016-09-12,1657.98,1668.03,1636.73,1638.18,38239
2016-09-13,1647.68,1652.81,1644.41,1650.09,16256
2016-09-14,1648.43,1658.99,1637.93,1645.77,18528
2016-09-19,1648.18,1655.82,1647.33,1648.58,12852
2016-09-20,1651.85,1651.95,1617.78,1622.61,34893
2016-09-21,1623.11,1624.77,1593.21,1618.03,39037
2016-09-22,1619.29,1647.83,1617.83,1632.76,29606
2016-09-23,1632.96,1642.65,1624.82,1636.27,12672
2016-09-26,1632.86,1632.91,1590.4,1591.3,37176
2016-09-27,1592.06,1607.63,1591.45,1603.56,17916
2016-09-28,1606.68,1606.68,1585.42,1589.69,22360
2016-09-29,1586.88,1612.76,1586.88,1602.61,23706
2016-09-30,1597.68,1646.07,1597.68,1637.43,29604
2016-10-10,1640.44,1667.33,1640.44,1662.8,21104
2016-10-11,1668.03,1693.15,1663.01,1692.75,41737
2016-10-12,1690.64,1690.64,1672.55,1677.18,19286
2016-10-13,1682.1,1682.8,1665.57,1667.48,16144
2016-10-14,1665.37,1678.08,1664.01,1676.07,12691
2016-10-17,1675.32,1675.57,1655.47,1660.24,18957
2016-10-18,1660.49,1690.64,1657.98,1683.91,30389
2016-10-19,1690.64,1691.9,1673.56,1680.34,14123
2016-10-20,1685.06,1685.06,1672.05,1675.47,14080
2016-10-21,1673.46,1675.47,1660.95,1668.98,11483
2016-10-24,1661.0,1683.1,1661.0,1682.75,26247
2016-10-25,1685.06,1713.25,1685.06,1712.95,43762
2016-10-26,1713.25,1739.93,1706.47,1716.67,46813
2016-10-27,1713.2,1739.48,1703.25,1732.7,32952
2016-10-28,1735.86,1740.54,1718.28,1733.6,20137
2016-10-31,1743.4,1762.5,1732.35,1738.13,43596
2016-11-01,1738.13,1743.4,1726.07,1731.74,19512
2016-11-02,1728.78,1734.16,1716.67,1724.21,20636
2016-11-03,1723.3,1730.64,1719.03,1727.62,18691
2016-11-04,1728.28,1739.63,1718.18,1722.4,20619
2016-11-07,1723.3,1733.35,1714.26,1724.96,16048
2016-11-08,1730.84,1759.38,1726.72,1748.43,34194
2016-11-09,1748.43,1758.33,1717.27,1732.4,30004
2016-11-10,1743.9,1753.45,1737.02,1744.06,17805
2016-11-11,1738.33,1739.88,1722.3,1723.7,35903
2016-11-14,1726.07,1727.67,1698.13,1703.15,39920
2016-11-15,1698.33,1726.57,1698.33,1718.33,24471
2016-11-16,1717.32,1725.31,1708.23,1714.01,13400
2016-11-17,1708.63,1713.25,1700.84,1703.4,18338
2016-11-18,1704.01,1707.22,1697.58,1698.18,19378
2016-11-21,1703.3,1706.52,1689.99,1695.67,26084
2016-11-22,1699.69,1700.44,1689.99,1692.5,26424
2016-11-23,1703.2,1713.25,1693.71,1713.0,34015
2016-11-24,1714.26,1733.35,1705.31,1733.0,39079
2016-11-25,1733.55,1738.38,1715.36,1732.8,22370
2016-11-28,1736.12,1749.33,1731.34,1745.91,49253
2016-11-29,1751.94,1800.94,1745.46,1768.32,58831
2016-11-30,1754.56,1765.01,1740.64,1743.8,26752
2016-12-01,1748.43,1771.49,1741.79,1753.55,27942
2016-12-02,1753.45,1764.51,1743.4,1757.32,30628
2016-12-05,1744.41,1771.24,1727.42,1727.98,42061
2016-12-06,1729.48,1781.49,1729.48,1780.69,38923
2016-12-07,1784.2,1791.14,1768.38,1785.86,25272
2016-12-08,1788.68,1848.92,1783.6,1837.42,54476
2016-12-09,1834.85,1846.01,1818.87,1837.67,34496
2016-12-12,1837.37,1848.92,1777.07,1782.9,50332
2016-12-13,1782.8,1823.8,1776.06,1813.8,41780
2016-12-14,1813.75,1819.13,1791.14,1810.08,32029
2016-12-15,1811.04,1813.7,1776.47,1788.88,39203
2016-12-16,1783.6,1798.07,1766.42,1786.51,25051
2016-12-19,1778.58,1820.63,1776.62,1778.37,30472
2016-12-20,1778.78,1783.6,1757.52,1780.99,30832
2016-12-21,1783.1,1795.11,1766.32,1791.94,24711
2016-12-22,1788.63,1790.94,1772.95,1774.56,14678
2016-12-23,1766.26,1771.04,1744.06,1748.58,31096
2016-12-26,1743.55,1773.5,1729.33,1770.94,26001
2016-12-27,1771.09,1792.64,1766.01,1779.38,20062
2016-12-28,1783.55,1788.63,1765.16,1767.12,17878
2016-12-29,1768.53,1787.97,1763.5,1785.16,21225
2016-12-30,1781.64,1825.26,1781.64,1819.53,34688
2017-01-03,1820.18,1833.85,1812.79,1821.59,20764
2017-01-04,1821.89,1910.07,1821.79,1908.77,65257
2017-01-05,1899.17,1906.46,1876.26,1882.79,41704
2017-01-06,1882.29,1948.31,1879.57,1902.99,68096
2017-01-09,1888.12,1913.64,1881.78,1891.68,35405
2017-01-10,1891.38,1909.22,1882.09,1894.15,31728
2017-01-11,1889.12,1889.12,1866.51,1876.31,23599
2017-01-12,1881.84,1886.11,1871.58,1884.35,17779
2017-01-13,1884.0,1886.06,1868.42,1873.39,18282
2017-01-16,1869.68,1873.04,1842.89,1856.31,36855
2017-01-17,1861.99,1906.71,1858.97,1894.8,35188
2017-01-18,1893.54,1933.19,1885.15,1924.7,46006
2017-01-19,1924.29,1941.78,1907.71,1922.89,28524
2017-01-20,1923.79,1936.35,1914.4,1924.24,21344
2017-01-23,1933.74,1948.41,1896.46,1905.3,32581
2017-01-24,1905.55,1913.24,1882.84,1900.73,26915
2017-01-25,1899.07,1899.07,1880.08,1887.26,22990
2017-01-26,1889.82,1893.14,1855.45,1871.13,37826
2017-02-03,1879.07,1895.05,1874.05,1883.34,20936
2017-02-06,1891.58,1893.59,1873.85,1883.34,15681
2017-02-07,1883.29,1886.11,1864.7,1866.91,20520
2017-02-08,1867.82,1876.56,1862.34,1870.08,19089
2017-02-09,1874.05,1893.09,1872.09,1887.16,23324
2017-02-10,1892.24,1898.27,1874.05,1874.45,24057
2017-02-13,1869.02,1908.72,1858.57,1897.91,53588
2017-02-14,1896.86,1912.24,1894.65,1900.23,26559
2017-02-15,1906.71,1911.43,1885.1,1891.78,26257
2017-02-16,1891.63,1892.24,1876.61,1889.57,17642
2017-02-17,1893.64,1921.48,1886.61,1901.98,29102
2017-02-20,1901.23,1961.08,1899.22,1955.9,61853
2017-02-21,1958.87,1961.63,1935.25,1943.09,27706
2017-02-22,1952.48,1982.18,1949.42,1958.92,37130
2017-02-23,1954.29,1976.95,1948.21,1957.96,23328
2017-02-24,1959.47,1963.94,1949.67,1962.58,17693
2017-02-27,1961.93,1963.74,1933.34,1935.35,25400
2017-02-28,1934.34,1945.4,1917.16,1922.59,27474
2017-03-01,1924.8,1940.37,1924.29,1932.38,21944
2017-03-02,1932.89,1934.34,1921.93,1933.44,22104
2017-03-03,1924.29,1940.47,1924.29,1932.03,14154
2017-03-06,1937.66,1947.11,1932.08,1944.19,22819
2017-03-07,1939.52,1994.04,1939.52,1985.6,46287
2017-03-08,1985.5,1992.08,1977.05,1986.0,16038
2017-03-09,1984.59,1999.57,1977.36,1999.16,23406
2017-03-10,1999.26,2034.84,1991.43,1998.91,40951
2017-03-13,1999.92,2021.42,1987.26,2007.45,27674
2017-03-14,2007.45,2019.01,1991.33,1997.15,20416
2017-03-15,1997.15,2025.54,1994.69,2023.18,25155
2017-03-16,2032.63,2041.37,2013.74,2023.63,25023
2017-03-17,2015.24,2072.27,2015.24,2042.28,34700
2017-03-20,2052.43,2083.63,2044.29,2082.12,31546
2017-03-21,2082.83,2132.82,2082.58,2120.31,48461
2017-03-22,2102.83,2123.28,2075.04,2122.67,45533
2017-03-23,2110.36,2120.21,2083.08,2099.11,34505
2017-03-24,2111.82,2116.34,2075.04,2084.18,33288
2017-03-27,2080.21,2096.44,2041.82,2043.99,53690
2017-03-28,2049.66,2055.69,2033.13,2051.22,41187
2017-03-29,2054.99,2079.06,2049.41,2068.25,37300
2017-03-30,2064.99,2084.54,2062.98,2080.77,31613
2017-03-31,2081.07,2090.11,2070.92,2081.87,24474
2017-04-05,2078.35,2125.24,2075.04,2098.45,40790
2017-04-06,2095.19,2115.24,2083.23,2109.76,28857
2017-04-07,2115.19,2120.26,2098.15,2114.58,24097
2017-04-10,2120.26,2120.26,2090.11,2096.14,28869
2017-04-11,2090.36,2103.68,2052.93,2076.5,43531
2017-04-12,2076.5,2105.19,2074.03,2101.32,27003
2017-04-13,2104.08,2143.33,2102.72,2142.32,45648
2017-04-14,2147.55,2149.81,2125.29,2127.55,23647
2017-04-17,2105.19,2141.77,2092.88,2129.26,28794
2017-04-18,2123.28,2183.32,2123.28,2173.78,49581
2017-04-19,2165.48,2196.14,2164.78,2179.25,37550
2017-04-20,2181.01,2253.07,2181.01,2227.34,50458
2017-04-21,2225.78,2228.8,2150.41,2153.07,49333
2017-04-24,2153.53,2175.53,2095.14,2143.12,50038
2017-04-25,2174.53,2251.76,2174.53,2245.33,76193
2017-04-26,2245.13,2294.52,2215.78,2240.66,56624
2017-04-27,2228.45,2260.8,2202.82,2258.14,28241
2017-04-28,2260.91,2265.98,2200.16,2218.14,49506
2017-05-02,2208.7,2225.78,2196.54,2211.11,23292
2017-05-03,2205.68,2239.15,2205.68,2238.9,20268
2017-05-04,2223.92,2243.27,2223.92,2230.81,26709
2017-05-05,2231.81,2264.87,2226.28,2231.76,37437
2017-05-08,2231.71,2235.83,2174.13,2177.95,40722
2017-05-09,2172.72,2200.06,2140.36,2194.43,52802
2017-05-10,2192.62,2222.97,2185.68,2201.11,26039
2017-05-11,2192.62,2224.27,2183.12,2211.51,30468
2017-05-12,2218.7,2227.29,2200.71,2218.09,22337
2017-05-15,2216.34,2252.66,2216.34,2248.64,33447
2017-05-16,2248.9,2307.28,2242.16,2301.76,50165
2017-05-17,2296.13,2302.11,2275.43,2284.07,27515
2017-05-18,2276.28,2304.67,2276.08,2298.84,24301
2017-05-19,2298.99,2360.45,2298.99,2355.52,38311
2017-05-22,2346.58,2381.6,2332.31,2360.35,35321
2017-05-23,2362.71,2424.11,2362.71,2422.75,48454
2017-05-24,2416.22,2434.21,2381.55,2403.26,40226
2017-05-25,2395.17,2416.52,2389.09,2404.66,28898
2017-05-26,2405.77,2429.79,2391.6,2411.3,27387
2017-05-31,2401.65,2404.16,2351.95,2366.17,44312
2017-06-01,2363.96,2401.4,2356.48,2398.03,40605
2017-06-02,2401.65,2406.42,2379.54,2388.13,21785
2017-06-05,2391.8,2396.62,2363.21,2373.56,19241
2017-06-06,2376.38,2396.62,2372.51,2395.72,20402
2017-06-07,2397.23,2451.9,2397.23,2448.73,38834
2017-06-08,2458.53,2474.01,2444.36,2473.55,28951
2017-06-09,2473.2,2506.17,2466.97,2480.74,31431
2017-06-12,2487.07,2529.48,2477.02,2516.62,35109
2017-06-13,2517.47,2524.76,2487.07,2517.42,24238
2017-06-14,2516.16,2539.83,2504.56,2524.2,33769
2017-06-15,2527.27,2529.68,2472.0,2473.5,50203
2017-06-16,2459.43,2489.53,2458.23,2465.11,33332
2017-06-19,2461.75,2504.11,2461.75,2503.0,38537
2017-06-20,2517.22,2526.67,2480.34,2483.55,34505
2017-06-21,2499.88,2517.22,2482.2,2515.76,42039
2017-06-22,2517.32,2541.99,2508.18,2515.96,38242
2017-06-23,2516.52,2526.67,2493.75,2515.86,31304
2017-06-26,2517.27,2577.52,2512.2,2575.91,52933
2017-06-27,2566.56,2577.52,2556.66,2573.0,27981
2017-06-28,2572.94,2572.94,2517.22,2528.78,37729
2017-06-29,2533.8,2539.08,2502.15,2517.27,35093
2017-06-30,2509.73,2523.05,2491.09,2511.44,22427
2017-07-03,2523.25,2523.25,2441.35,2453.76,49629
2017-07-04,2446.67,2451.9,2396.62,2411.3,56489
2017-07-05,2416.77,2453.56,2416.77,2452.55,37540
2017-07-06,2442.4,2452.9,2404.66,2431.7,42044
2017-07-07,2441.03,2441.28,2391.53,2415.5,37796
2017-07-10,2420.08,2460.37,2400.43,2458.21,36624
2017-07-11,2458.36,2509.01,2455.85,2501.73,44602
2017-07-12,2515.14,2516.1,2460.88,2473.29,28951
2017-07-13,2462.64,2495.6,2454.24,2466.71,25951
2017-07-14,2467.16,2479.77,2451.08,2467.96,17727
2017-07-17,2471.13,2476.15,2417.06,2436.1,35264
2017-07-18,2445.75,2455.8,2425.7,2448.57,30684
2017-07-19,2455.85,2504.19,2449.82,2470.22,56260
2017-07-20,2465.2,2520.62,2465.2,2518.51,46635
2017-07-21,2520.97,2561.42,2504.39,2552.33,46792
2017-07-24,2560.77,2613.38,2560.77,2575.44,42716
2017-07-25,2597.55,2600.57,2566.9,2576.25,21930
2017-07-26,2576.7,2594.69,2518.96,2544.44,31470
2017-07-27,2544.44,2565.64,2541.78,2555.69,19595
2017-07-28,2541.27,2606.95,2524.74,2606.19,46619
2017-07-31,2606.6,2626.49,2591.52,2592.63,38412
2017-08-01,2591.52,2601.57,2573.43,2587.7,27502
2017-08-02,2586.7,2611.02,2579.01,2600.77,26774
2017-08-03,2604.99,2620.92,2564.54,2572.53,31768
2017-08-04,2571.42,2581.37,2549.31,2554.54,18681
2017-08-07,2548.81,2598.56,2541.93,2594.34,23099
2017-08-08,2596.55,2607.7,2583.98,2599.46,16052
2017-08-09,2610.82,2651.72,2596.7,2641.02,41794
2017-08-10,2642.22,2684.98,2631.72,2644.94,35364
2017-08-11,2631.72,2669.66,2603.98,2606.9,36573
2017-08-14,2612.68,2687.5,2612.68,2686.14,39331
2017-08-15,2687.55,2692.52,2661.92,2666.74,27163
2017-08-16,2676.94,2680.96,2651.82,2669.36,18587
2017-08-17,2674.93,2674.93,2635.74,2650.26,25847
2017-08-18,2650.81,2659.05,2626.7,2634.99,23858
2017-08-21,2626.7,2658.85,2621.37,2635.39,23547
2017-08-22,2623.68,2634.13,2566.4,2622.78,42457
2017-08-23,2613.88,2660.01,2608.2,2656.89,27215
2017-08-24,2656.79,2668.9,2646.89,2650.86,18157
2017-08-25,2654.08,2658.1,2633.33,2651.77,17298
2017-08-28,2651.82,2673.38,2641.92,2647.0,29021
2017-08-29,2651.92,2661.27,2626.75,2633.93,25177
2017-08-30,2635.24,2655.59,2632.52,2651.67,18504
2017-08-31,2657.04,2661.27,2635.74,2642.52,18737
2017-09-01,2637.75,2668.3,2636.9,2662.77,31451
2017-09-04,2662.77,2670.21,2643.13,2648.9,18932
2017-09-05,2651.22,2656.79,2634.23,2636.69,22622
2017-09-06,2636.74,2650.66,2610.82,2611.52,33007
2017-09-07,2613.18,2621.17,2586.8,2592.88,33320
2017-09-08,2577.7,2589.01,2556.35,2558.21,41173
2017-09-11,2541.73,2597.65,2536.15,2578.06,45374
2017-09-12,2583.98,2616.65,2578.46,2611.17,34342
2017-09-13,2611.62,2647.8,2593.43,2644.94,33076
2017-09-14,2651.77,2656.99,2631.67,2640.31,19399
2017-09-15,2649.31,2649.31,2626.7,2635.94,16039
2017-09-18,2637.45,2689.5,2637.45,2681.82,42207
2017-09-19,2688.5,2699.55,2666.94,2671.67,23055
2017-09-20,2671.42,2687.09,2666.89,2667.9,17318
2017-09-21,2666.59,2689.91,2651.22,2680.81,19403
2017-09-22,2671.42,2687.9,2665.89,2686.64,16344
2017-09-25,2688.55,2728.2,2688.5,2723.37,32698
2017-09-26,2720.61,2737.24,2705.08,2733.67,25470
2017-09-27,2731.81,2742.42,2717.49,2728.25,16671
2017-09-28,2723.17,2788.49,2722.92,2779.75,25970
2017-09-29,2767.39,2817.03,2764.88,2775.63,22436
2017-10-09,2810.3,2865.62,2787.99,2826.53,34891
2017-10-10,2822.91,2890.45,2822.71,2888.29,31006
2017-10-11,2878.44,2944.51,2878.44,2915.82,33406
2017-10-12,2913.11,2925.67,2888.89,2908.54,19646
2017-10-13,2913.11,2971.4,2898.08,2969.13,27858
2017-10-16,2988.43,3021.95,2967.73,2991.95,29909
2017-10-17,2993.35,2993.35,2958.33,2972.05,20977
2017-10-18,2959.34,3001.49,2959.34,2992.1,19179
2017-10-19,2993.5,3114.85,2992.1,3102.04,40659
2017-10-20,3094.0,3094.0,3047.57,3060.49,31534
2017-10-23,3063.45,3091.49,3028.68,3055.86,23772
2017-10-24,3048.78,3057.82,3006.62,3025.31,31274
2017-10-25,3037.47,3047.17,2998.83,3016.97,25076
2017-10-26,3214.6,3254.79,3148.82,3215.05,115435
2017-10-27,3200.07,3465.84,3189.62,3438.85,84384
2017-10-30,3405.79,3410.56,3294.99,3300.42,81008
2017-10-31,3300.07,3328.16,3249.17,3280.07,51876
2017-11-01,3294.39,3347.95,3286.05,3305.09,43435
2017-11-02,3324.89,3339.11,3294.99,3324.74,34250
2017-11-03,3333.43,3407.75,3333.43,3386.29,48189
2017-11-06,3398.0,3479.0,3391.47,3456.09,48514
2017-11-07,3443.63,3476.64,3381.32,3400.86,55565
2017-11-08,3402.17,3463.32,3402.17,3442.62,43952
2017-11-09,3430.66,3461.56,3413.63,3441.06,33641
2017-11-10,3442.87,3608.54,3442.87,3581.15,74079
2017-11-13,3591.46,3655.67,3570.35,3631.05,49870
2017-11-14,3627.33,3627.73,3578.14,3585.17,46367
2017-11-15,3585.17,3641.65,3561.31,3632.06,45036
2017-11-16,3621.65,3792.25,3621.65,3787.97,60716
2017-11-17,3671.85,3737.17,3580.25,3642.96,123861
2017-11-20,3575.38,3619.59,3490.96,3587.18,88306
2017-11-21,3536.18,3635.67,3501.11,3577.64,96017
2017-11-22,3576.38,3631.65,3440.71,3443.32,128498
2017-11-23,3400.51,3420.61,3341.32,3358.96,109599
2017-11-24,3369.86,3403.03,3301.17,3340.42,76542
2017-11-27,3360.31,3372.02,3254.84,3296.45,63548
2017-11-28,3315.39,3435.08,3310.07,3431.82,70292
2017-11-29,3440.41,3450.61,3360.36,3381.02,46764
2017-11-30,3367.9,3433.07,3320.12,3345.24,38020
2017-12-01,3380.46,3385.39,3290.62,3301.78,47193
2017-12-04,3309.82,3411.07,3273.49,3379.36,54268
2017-12-05,3360.31,3427.65,3340.87,3355.09,47466
2017-12-06,3347.75,3411.07,3289.97,3315.14,58174
2017-12-07,3314.84,3315.04,3266.15,3273.34,51033
2017-12-08,3266.95,3334.44,3266.95,3326.55,45503
2017-12-11,3345.24,3450.51,3345.24,3445.69,72849
2017-12-12,3484.43,3484.78,3445.84,3447.34,47889
2017-12-13,3465.79,3541.21,3444.33,3532.21,48502
2017-12-14,3541.11,3547.74,3493.47,3513.82,31968
2017-12-15,3511.06,3530.91,3444.63,3459.76,32256
2017-12-18,3490.96,3540.2,3483.82,3519.95,39162
2017-12-19,3506.03,3553.47,3495.98,3526.59,44072
2017-12-20,3540.7,3625.93,3511.21,3616.13,63601
2017-12-21,3606.53,3628.74,3568.84,3600.2,46680
2017-12-22,3591.46,3621.1,3576.43,3606.13,28317
2017-12-25,3621.6,3673.36,3610.15,3632.26,36214
2017-12-26,3632.56,3656.73,3573.87,3595.53,31868
2017-12-27,3615.88,3615.88,3503.52,3511.96,37722
2017-12-28,3626.63,3791.94,3547.84,3785.86,124141
2017-12-29,3782.4,3825.11,3649.74,3679.34,76039
2018-01-02,3691.95,3743.0,3641.15,3711.3,49612
2018-01-03,3699.49,3799.48,3690.64,3771.64,52019
2018-01-04,3799.48,3910.53,3789.08,3878.22,72205
2018-01-05,3897.97,3923.24,3833.75,3884.7,39989
2018-01-08,3867.92,3975.85,3867.92,3953.89,52205
2018-01-09,3954.3,4109.01,3954.3,4106.6,64592
2018-01-10,4119.06,4138.55,4061.17,4122.63,47714
2018-01-11,4129.11,4134.13,4053.74,4067.86,50656
2018-01-12,4062.63,4138.15,4028.71,4136.24,45988
2018-01-15,4161.57,4189.71,4089.01,4120.92,52473
2018-01-16,4096.35,4137.2,4033.64,4058.46,65428
2018-01-17,4043.69,4063.79,3885.46,3932.79,90710
2018-01-18,3932.79,4018.56,3913.49,3946.91,58979
2018-01-19,3957.76,3987.91,3888.02,3944.1,50926
2018-01-22,3952.29,4063.79,3952.29,4061.98,67127
2018-01-23,4082.93,4093.93,4036.65,4062.68,49549
2018-01-24,4076.05,4076.15,3986.4,4015.85,43299
2018-01-25,3998.46,4073.84,3948.22,4039.47,50041
2018-01-26,4029.82,4080.87,4013.54,4079.97,43978
2018-01-29,4087.7,4092.28,3867.82,3874.45,74536
2018-01-30,3872.84,3937.01,3842.8,3903.39,51911
2018-01-31,3887.92,4052.28,3887.92,4016.25,60402
2018-02-01,4028.61,4030.12,3957.86,3982.03,50583
2018-02-02,3954.35,3959.42,3817.57,3894.95,75421
2018-02-05,3828.73,3842.49,3720.09,3783.55,98996
2018-02-06,3707.03,3805.51,3707.03,3736.47,88169
2018-02-07,3792.45,3811.94,3601.55,3608.69,88290
2018-02-08,3602.51,3782.4,3602.51,3696.93,83409
2018-02-09,3591.46,3641.15,3480.91,3608.69,105578
2018-02-12,3646.73,3719.59,3617.58,3679.29,64180
2018-02-13,3717.18,3766.42,3714.56,3752.15,53389
2018-02-14,3792.45,3792.45,3753.35,3784.66,30653
2018-02-22,3829.13,3913.04,3808.73,3905.25,50765
2018-02-23,3928.12,3976.15,3877.87,3905.4,38159
2018-02-26,3927.51,3953.49,3857.87,3910.58,43658
2018-02-27,3938.17,3973.34,3878.97,3882.79,42602
2018-02-28,3852.74,3904.5,3787.42,3820.69,48331
2018-03-01,3832.65,3927.36,3811.39,3902.84,44795
2018-03-02,3882.89,3910.83,3842.69,3874.9,25992
2018-03-05,3883.8,3902.99,3777.52,3793.0,37235
2018-03-06,3817.57,3830.64,3677.53,3783.7,64570
2018-03-07,3767.32,3812.55,3737.12,3742.4,34596
2018-03-08,3762.3,3812.55,3732.15,3806.32,35349
2018-03-09,3830.38,3855.61,3810.03,3833.65,30171
2018-03-12,3840.43,3862.39,3806.37,3812.29,39888
2018-03-13,3807.52,3825.61,3742.2,3743.96,38577
2018-03-14,3740.54,3833.05,3728.23,3827.02,37356
2018-03-15,3832.75,3928.12,3832.75,3925.45,56149
2018-03-16,3931.13,3963.19,3887.31,3892.19,35856
2018-03-19,3912.89,3963.24,3887.92,3960.68,38667
2018-03-20,3943.19,3953.24,3892.94,3931.78,28877
2018-03-21,3943.74,3958.82,3892.94,3902.99,26743
2018-03-22,3913.04,3933.14,3812.6,3823.0,37487
2018-03-23,3696.98,3809.98,3692.35,3747.53,52547
2018-03-26,3732.15,3767.62,3701.4,3759.74,46256
2018-03-27,3807.52,3821.99,3712.05,3766.02,47548
2018-03-28,3691.8,3707.03,3536.18,3601.76,113540
2018-03-29,3602.51,3681.15,3482.97,3637.18,79082
2018-03-30,3621.6,3659.29,3590.85,3609.64,36540
2018-04-02,3591.46,3646.73,3561.86,3591.76,32039
2018-04-03,3581.41,3626.63,3568.29,3580.95,40236
2018-04-04,3601.5,3694.11,3593.36,3661.85,56891
2018-04-09,3677.38,3719.24,3642.46,3683.41,30833
2018-04-10,3716.07,3734.66,3684.21,3732.25,32043
2018-04-11,3742.2,3766.22,3707.13,3718.88,25723
2018-04-12,3712.05,3726.52,3652.86,3662.81,30714
2018-04-13,3684.41,3696.98,3616.98,3625.93,27550
2018-04-16,3594.37,3625.87,3576.38,3598.39,32940
2018-04-17,3616.58,3618.49,3519.1,3522.11,35173
2018-04-18,3546.23,3546.23,3415.59,3469.05,62617
2018-04-19,3490.21,3591.46,3474.18,3591.25,44208
2018-04-20,3596.48,3661.8,3532.31,3542.51,41512
2018-04-23,3521.16,3593.11,3521.16,3561.36,32659
2018-04-24,3571.36,3659.29,3566.33,3641.1,47283
2018-04-25,3636.68,3651.75,3606.63,3646.58,25252
2018-04-26,3651.75,3653.16,3556.28,3582.56,35048
2018-04-27,3617.84,3633.46,3465.84,3503.67,57915
2018-05-02,3490.96,3536.13,3415.89,3530.3,70259
2018-05-03,3521.11,3559.7,3480.91,3545.63,36327
2018-05-04,3546.13,3565.48,3493.82,3505.38,37376
2018-05-07,3490.71,3701.4,3479.75,3682.76,85591
2018-05-08,3682.05,3752.9,3682.05,3736.32,62498
2018-05-09,3737.58,3753.76,3677.48,3701.75,32331
2018-05-10,3709.54,3772.35,3709.54,3763.25,39294
2018-05-11,3785.86,3845.21,3770.84,3782.5,39142
2018-05-14,3812.55,3908.02,3812.55,3905.05,51015
2018-05-15,3923.09,3925.3,3862.79,3908.32,38056
2018-05-16,3892.94,3921.38,3859.18,3865.41,30795
2018-05-17,3868.42,3880.38,3812.55,3829.53,28518
2018-05-18,3812.5,3897.97,3798.43,3889.53,29255
2018-05-21,3913.04,3929.62,3855.16,3866.91,29060
2018-05-22,3868.92,3892.14,3842.8,3890.78,16999
2018-05-23,3892.94,3892.94,3810.44,3811.44,28269
2018-05-24,3792.45,3835.96,3757.27,3769.33,30416
2018-05-25,3752.25,3827.62,3752.25,3776.67,26511
2018-05-28,3782.4,3896.26,3767.93,3894.95,42805
2018-05-29,3886.91,3943.19,3849.13,3849.88,40820
2018-05-30,3828.73,3879.38,3792.7,3821.94,37147
2018-05-31,3843.95,3951.33,3843.9,3948.87,71853
2018-06-01,3948.87,3968.21,3886.71,3918.62,36178
2018-06-04,3955.0,4108.51,3922.49,4103.83,73806
2018-06-05,4126.6,4167.8,4080.02,4134.38,52630
2018-06-06,4134.13,4199.2,4105.49,4122.83,48969
2018-06-07,4144.08,4172.07,4088.41,4098.81,39168
2018-06-08,4093.93,4123.58,4043.69,4083.63,34958
2018-06-11,4074.09,4124.08,4035.29,4072.48,36548
2018-06-12,4083.88,4212.02,4076.35,4190.36,55287
2018-06-13,4194.43,4207.6,4138.55,4145.84,35244
2018-06-14,4144.18,4163.28,4069.71,4124.74,36160
2018-06-15,4115.03,4142.07,4094.43,4115.69,31708
2018-06-19,4093.93,4093.93,3933.14,3938.16,60196
2018-06-20,3953.24,4073.83,3953.24,4066.75,45838
2018-06-21,4074.94,4143.62,4042.53,4045.29,39183
2018-06-22,4018.56,4083.88,3998.46,4081.52,28855
2018-06-25,4078.85,4144.03,4073.33,4076.64,32934
2018-06-26,4075.39,4098.35,3983.38,4022.58,46578
2018-06-27,4008.51,4033.63,3852.74,3859.97,57298
2018-06-28,3817.57,3842.69,3732.14,3802.14,50834
2018-06-29,3809.02,3909.52,3772.34,3905.3,32929
2018-07-02,3920.67,3944.84,3762.29,3805.25,37558
2018-07-03,3796.26,3826.51,3637.83,3721.69,82837
2018-07-04,3707.02,3747.22,3686.92,3701.54,37991
2018-07-05,3747.22,3828.62,3747.22,3759.23,47124
2018-07-06,3782.39,3852.39,3743.5,3818.17,44157
2018-07-09,3847.87,3897.26,3846.36,3884.09,40573
2018-07-10,3892.94,3905.5,3814.2,3876.66,29010
2018-07-11,3797.47,3867.81,3758.37,3845.6,24278
2018-07-12,3837.66,3954.09,3837.66,3935.85,40170
2018-07-13,3959.77,3988.91,3923.69,3983.33,28907
2018-07-16,4010.02,4069.36,4003.63,4021.97,32475
2018-07-17,4033.63,4033.63,3928.21,3960.42,27806
2018-07-18,3960.42,3996.9,3923.09,3935.35,24522
2018-07-19,3943.19,3968.06,3923.19,3952.98,18079
2018-07-20,3955.75,3963.94,3887.91,3953.89,30549
2018-07-23,3928.11,3953.99,3847.76,3908.36,35970
2018-07-24,3911.43,3984.89,3862.79,3975.34,41809
2018-07-25,3983.13,3997.86,3948.26,3967.35,21744
2018-07-26,3992.93,3992.93,3919.22,3926.2,23067
2018-07-27,3928.11,3969.82,3897.96,3940.97,20914
2018-07-30,3942.68,3951.53,3822.59,3843.74,42172
2018-07-31,3849.22,3887.31,3843.74,3880.07,20683
2018-08-01,3905.0,3909.52,3818.12,3822.29,25238
2018-08-02,3827.46,3827.46,3686.32,3726.32,55001
2018-08-03,3722.09,3722.09,3627.63,3641.65,47337
2018-08-06,3631.65,3666.82,3557.53,3594.87,45248
2018-08-07,3608.03,3686.07,3556.38,3678.28,39086
2018-08-08,3682.0,3691.95,3605.87,3627.73,29685
2018-08-09,3601.5,3719.58,3597.08,3706.42,34486
2018-08-10,3706.42,3720.94,3667.83,3682.8,23818
2018-08-13,3661.8,3661.8,3579.79,3642.8,34570
2018-08-14,3642.8,3669.33,3614.11,3647.38,21697
2018-08-15,3645.72,3646.72,3551.25,3560.3,34997
2018-08-16,3506.03,3588.94,3445.73,3488.14,59940
2018-08-17,3533.66,3533.66,3395.53,3419.9,46575
2018-08-20,3407.79,3473.62,3329.46,3469.8,48852
2018-08-21,3480.9,3608.03,3480.9,3603.96,52249
2018-08-22,3601.5,3612.55,3561.3,3584.92,20676
2018-08-23,3605.02,3639.19,3572.26,3597.53,27357
2018-08-24,3591.45,3591.45,3528.44,3547.73,26090
2018-08-27,3556.28,3683.4,3556.28,3683.4,48017
2018-08-28,3712.05,3715.96,3639.44,3651.75,32489
2018-08-29,3656.77,3691.34,3642.2,3676.12,27404
2018-08-30,3687.98,3710.04,3641.75,3648.73,33788
2018-08-31,3627.88,3631.65,3528.64,3542.16,58981
2018-09-03,3506.03,3584.77,3500.0,3577.43,30180
2018-09-04,3580.4,3626.62,3554.27,3621.8,21540
2018-09-05,3621.6,3631.6,3531.15,3535.12,28983
2018-09-06,3506.03,3542.51,3445.73,3465.83,42371
2018-09-07,3473.37,3536.33,3471.56,3500.85,29240
2018-09-10,3507.03,3515.12,3449.25,3469.85,21202
2018-09-11,3473.72,3500.85,3448.9,3475.88,19497
2018-09-12,3460.81,3470.2,3385.48,3395.48,41157
2018-09-13,3435.68,3455.78,3345.24,3405.43,47713
2018-09-14,3415.48,3494.87,3388.1,3460.3,40900
2018-09-17,3470.86,3510.85,3451.06,3474.93,29113
2018-09-18,3460.81,3586.43,3456.89,3579.89,37859
2018-09-19,3579.29,3676.87,3576.38,3653.86,48222
2018-09-20,3672.85,3681.39,3633.46,3639.44,27519
2018-09-21,3656.77,3747.27,3646.77,3747.27,42617
2018-09-25,3722.09,3776.21,3713.35,3732.24,30640
2018-09-26,3757.77,3911.43,3757.22,3872.49,72288
2018-09-27,3885.4,3887.91,3824.6,3867.81,40509
2018-09-28,3881.38,3914.04,3842.09,3897.96,35090
2018-10-08,3824.65,3842.69,3677.63,3677.63,82745
2018-10-09,3681.39,3740.74,3676.37,3722.09,40223
2018-10-10,3733.45,3737.17,3594.92,3601.1,63098
2018-10-11,3420.66,3591.15,3420.66,3470.8,91582
2018-10-12,3501.0,3609.94,3498.89,3586.43,54473
2018-10-15,3593.91,3606.27,3546.38,3580.9,35607
2018-10-16,3576.28,3644.36,3556.33,3582.1,26394
2018-10-17,3621.6,3633.16,3495.48,3574.97,43077
2018-10-18,3546.23,3546.23,3470.7,3475.58,52156
2018-10-19,3435.68,3621.6,3421.01,3596.47,76199
2018-10-22,3621.6,3757.37,3621.6,3712.05,73109
2018-10-23,3691.95,3691.95,3420.61,3454.47,123113
2018-10-24,3385.99,3495.98,3345.24,3430.61,76113
2018-10-25,3345.24,3357.8,3287.85,3340.21,75568
2018-10-26,3340.21,3370.36,3284.84,3295.49,55327
2018-10-29,2988.93,2988.93,2988.93,2988.93,49076
2018-10-30,2792.51,2958.33,2787.58,2862.86,204397
2018-10-31,2877.93,3018.62,2852.81,2987.97,96885
2018-11-01,3018.62,3171.88,2999.78,3058.82,98107
2018-11-02,3169.37,3244.74,3105.25,3244.24,89157
2018-11-05,3209.57,3209.57,3102.89,3123.14,75517
2018-11-06,3114.09,3114.9,3033.75,3073.9,45566
2018-11-07,3088.97,3118.87,3053.85,3075.91,38108
2018-11-08,3114.09,3129.17,3083.95,3095.7,33764
2018-11-09,3080.03,3088.97,3053.8,3053.8,24337
2018-11-12,3008.57,3014.6,2927.17,3003.55,67824
2018-11-13,2974.0,3094.0,2958.33,3094.0,66429
2018-11-14,3093.79,3093.79,3006.31,3019.13,41767
2018-11-15,3037.72,3067.87,3021.14,3042.24,30833
2018-11-16,3048.77,3073.9,3033.85,3043.75,28939
2018-11-19,3045.26,3104.05,3039.28,3089.07,36179
2018-11-20,3068.87,3083.95,3043.75,3051.79,26943
2018-11-21,3013.6,3088.47,3011.99,3067.36,27107
2018-11-22,3069.63,3080.58,3033.7,3066.36,21213
2018-11-23,3063.85,3080.43,3028.17,3028.17,20126
2018-11-26,3033.7,3044.75,3003.55,3004.1,19120
2018-11-27,3003.55,3018.57,2975.91,2983.95,20234
2018-11-28,2997.77,3039.68,2970.89,3028.67,27738
2018-11-29,3074.05,3092.99,2988.53,3001.54,45069
2018-11-30,3028.67,3088.42,3008.57,3068.87,49010
2018-12-03,3189.47,3269.86,3168.21,3250.77,83415
2018-12-04,3259.76,3266.15,3219.62,3255.94,31474
2018-12-05,3232.18,3327.65,3219.62,3295.49,41588
2018-12-06,3244.74,3274.79,3196.3,3203.54,37758
2018-12-07,3222.63,3239.01,3167.86,3179.42,26842
2018-12-10,3124.14,3181.93,3115.0,3130.32,24641
2018-12-11,3129.17,3177.16,3129.17,3159.27,16317
2018-12-12,3188.41,3190.47,3158.31,3189.47,19922
2018-12-13,3194.49,3279.31,3192.48,3253.53,40399
2018-12-14,3234.74,3243.73,3204.54,3209.36,24554
2018-12-17,3207.41,3224.49,3169.42,3197.1,24896
2018-12-18,3173.79,3202.23,3169.37,3199.21,19222
2018-12-19,3189.47,3199.47,3124.3,3133.19,25716
2018-12-20,3125.25,3151.78,3088.42,3116.61,26941
2018-12-21,3099.02,3111.33,3054.85,3080.98,30640
2018-12-24,3061.33,3098.57,3033.7,3083.95,19110
2018-12-25,3054.9,3081.43,3011.64,3072.84,26593
2018-12-26,3062.89,3085.96,3033.7,3044.15,17866
2018-12-27,3094.0,3103.29,3054.9,3058.82,29494
2018-12-28,3060.33,3226.65,3043.75,3194.54,63678
2019-01-02,3294.89,3305.04,3219.67,3239.61,62286
2019-01-03,3244.59,3253.08,3173.39,3194.49,30977
2019-01-04,3180.82,3283.28,3154.39,3254.79,37683
2019-01-07,3284.94,3305.04,3255.89,3272.33,34750
2019-01-08,3272.38,3305.04,3246.15,3268.81,28838
2019-01-09,3294.94,3376.19,3290.16,3325.74,49892
2019-01-10,3330.81,3369.76,3296.24,3339.05,29044
2019-01-11,3370.36,3430.66,3338.95,3425.03,38884
2019-01-14,3410.56,3425.08,3353.02,3368.35,25649
2019-01-15,3384.73,3553.76,3370.36,3546.13,55765
2019-01-16,3536.18,3574.62,3514.07,3551.75,42084
2019-01-17,3561.3,3594.97,3525.12,3542.46,30285
2019-01-18,3571.35,3697.98,3553.76,3664.86,68609
2019-01-21,3696.97,3741.59,3656.17,3681.8,47052
2019-01-22,3676.87,3676.87,3572.46,3601.5,42122
2019-01-23,3582.51,3619.09,3561.95,3574.67,33625
2019-01-24,3597.98,3635.82,3569.74,3609.04,29155
2019-01-25,3626.02,3671.34,3596.12,3645.22,28986
2019-01-28,3666.82,3716.97,3626.77,3631.65,36103
2019-01-29,3634.16,3686.92,3586.43,3671.85,30343
2019-01-30,3671.8,3677.98,3626.62,3626.62,22700
2019-01-31,3646.72,3694.96,3634.46,3694.96,36697
2019-02-01,3732.35,3742.19,3695.01,3710.39,30521
2019-02-11,3722.09,3895.45,3687.83,3874.35,58141
2019-02-12,3862.79,3875.3,3823.6,3837.26,35091
2019-02-13,3862.79,3928.92,3833.75,3924.34,35677
2019-02-14,3903.99,3966.6,3898.67,3933.94,32258
2019-02-15,3922.48,3922.48,3862.89,3871.73,23238
2019-02-18,3902.99,3973.08,3902.99,3948.21,37746
2019-02-19,3953.03,3960.77,3881.18,3901.78,29502
2019-02-20,3923.09,3923.09,3827.92,3857.76,37882
2019-02-21,3847.71,3900.37,3832.64,3848.97,29850
2019-02-22,3832.64,3890.37,3818.07,3877.91,25909
2019-02-25,3901.73,3970.52,3837.61,3959.92,82623
2019-02-26,3987.4,3994.34,3877.86,3884.65,57965
2019-02-27,3913.04,4038.76,3902.99,3951.73,65942
2019-02-28,3937.66,4065.89,3932.88,4023.63,56986
2019-03-01,4056.24,4199.45,4053.73,4195.93,63840
2019-03-04,4224.57,4241.31,4135.23,4158.55,84586
2019-03-05,4174.33,4197.19,4128.5,4148.1,44831
2019-03-06,4124.08,4146.69,4078.25,4088.9,46731
2019-03-07,4059.86,4059.86,3976.15,3991.42,60181
2019-03-08,3937.66,3982.53,3916.3,3935.65,52275
2019-03-11,3948.41,4083.63,3948.41,4041.37,53057
2019-03-12,4067.9,4067.95,3943.19,3973.38,52510
2019-03-13,3975.85,4052.47,3975.85,4018.56,40561
2019-03-14,4033.63,4174.33,4018.56,4139.15,62173
2019-03-15,4129.1,4186.89,4073.08,4135.64,52401
2019-03-18,4143.17,4322.71,4134.13,4300.4,81319
2019-03-19,4264.77,4289.49,4211.01,4212.56,40635
2019-03-20,4199.45,4261.25,4174.33,4213.52,31118
2019-03-21,4189.4,4213.52,4156.74,4178.09,32573
2019-03-22,4190.51,4249.6,4174.33,4219.55,30518
2019-03-25,4179.35,4189.4,4115.54,4127.09,37270
2019-03-26,4149.2,4179.05,4069.31,4114.03,37596
2019-03-27,4154.23,4218.95,4124.08,4191.91,42807
2019-03-28,4216.68,4322.46,4177.74,4283.87,57567
2019-03-29,4425.57,4584.75,4401.3,4520.99,90934
2019-04-01,4551.19,4596.16,4505.96,4546.16,60935
2019-04-02,4551.14,4551.14,4430.89,4500.94,53227
2019-04-03,4451.29,4509.68,4421.6,4473.3,43057
2019-04-04,4450.69,4580.33,4431.6,4576.31,55772
2019-04-08,4752.18,4792.38,4702.53,4753.18,66252
2019-04-09,4767.25,4793.38,4714.54,4777.3,47990
2019-04-10,4767.25,5012.96,4752.18,4993.32,67814
2019-04-11,4993.37,5003.42,4780.06,4878.8,61103
2019-04-12,4797.4,4852.62,4752.23,4822.52,48612
2019-04-15,4907.95,4948.14,4787.35,4787.35,45523
2019-04-16,4776.8,4952.67,4758.31,4952.67,46423
2019-04-17,4943.12,5031.1,4877.8,5013.47,40761
2019-04-18,4980.35,5026.93,4934.17,4980.81,19599
2019-04-19,4973.07,5058.44,4909.5,5016.28,32380
2019-04-22,5051.15,5148.58,4956.23,4999.4,40628
2019-04-23,5008.44,5160.29,4999.4,5128.79,48852
2019-04-24,5153.56,5204.41,5009.55,5103.91,45227
2019-04-25,5097.83,5123.96,5009.55,5015.33,39801
2019-04-26,4984.82,5053.06,4978.29,4978.29,43278
2019-04-29,4978.29,5199.38,4928.04,5113.81,52572
2019-04-30,5093.86,5179.08,5069.29,5124.01,35943
2019-05-06,4880.31,4928.04,4717.0,4782.33,135100
2019-05-07,4718.41,4822.22,4602.54,4701.93,100837
2019-05-08,4551.19,4761.22,4551.19,4673.79,81883
2019-05-09,4626.56,4651.03,4463.25,4545.21,91545
2019-05-10,4629.87,4806.34,4592.34,4787.95,79907
2019-05-13,4746.45,4807.35,4671.78,4711.98,46637
2019-05-14,4676.81,4782.33,4616.51,4684.69,59983
2019-05-15,4703.14,4918.0,4703.14,4887.85,63124
2019-05-16,4847.65,4912.97,4777.3,4902.47,44540
2019-05-17,4887.95,4914.48,4752.68,4786.3,49842
2019-05-20,4752.18,4752.18,4606.46,4676.6,44408
2019-05-21,4676.81,4802.42,4611.58,4727.05,42386
2019-05-22,4726.95,4772.28,4651.68,4691.88,32042
2019-05-23,4656.71,4671.68,4532.19,4556.21,58059
2019-05-24,4576.31,4676.81,4573.5,4644.14,44034
2019-05-27,4647.16,4666.71,4551.44,4646.66,39162
2019-05-28,4641.58,4789.81,4626.66,4691.88,74773
2019-05-29,4691.93,4877.55,4691.93,4812.02,65647
2019-05-30,4802.42,4852.62,4708.06,4778.81,40247
2019-05-31,4754.84,4787.3,4701.93,4701.93,35794
2019-06-03,4711.98,4758.96,4683.24,4711.98,34479
2019-06-04,4727.05,4729.21,4606.46,4628.06,39689
2019-06-05,4671.78,4683.14,4601.43,4609.47,34067
2019-06-06,4629.67,4630.43,4541.14,4561.89,34787
2019-06-10,4541.04,4646.41,4450.69,4606.86,55502
2019-06-11,4631.58,4830.61,4626.56,4806.9,80106
2019-06-12,4783.43,4807.4,4722.03,4785.84,37747
2019-06-13,4802.42,4813.98,4737.1,4802.42,32917
2019-06-14,4807.45,4914.48,4802.53,4817.5,42455
2019-06-17,4787.35,4887.54,4782.43,4810.46,32769
2019-06-18,4837.6,4852.67,4765.24,4837.6,29441
2019-06-19,4953.17,4986.83,4913.02,4913.02,53726
2019-06-20,4915.48,5131.55,4913.98,5129.04,67272
2019-06-21,5103.76,5176.72,5076.28,5135.57,45927
2019-06-24,5145.62,5253.1,5129.04,5189.84,45779
2019-06-25,5214.46,5249.63,5088.84,5169.13,51296
2019-06-26,5179.28,5179.28,5110.04,5153.46,29588
2019-06-27,5179.28,5259.68,5159.79,5236.32,47978
2019-06-28,5257.31,5271.84,5183.65,5247.31,31088
2019-07-01,5350.42,5506.59,5328.82,5487.8,52337
2019-07-02,5453.33,5475.94,5408.11,5453.33,39061
2019-07-03,5428.21,5443.28,5234.75,5266.91,67139
2019-07-04,5256.36,5281.48,5183.1,5233.25,46217
2019-07-05,5257.36,5357.86,5208.62,5326.81,50033
2019-07-08,5302.84,5317.16,5202.09,5251.64,33614
2019-07-09,5223.7,5272.44,5168.68,5207.42,31723
2019-07-10,5231.89,5280.38,5212.14,5239.88,28167
2019-07-11,5277.26,5319.57,5207.12,5234.75,30514
2019-07-12,5233.75,5285.0,5227.27,5257.82,28174
2019-07-15,5165.91,5227.72,5082.15,5206.76,59870
2019-07-16,5204.35,5238.77,5151.84,5166.92,33245
2019-07-17,5166.92,5191.99,5137.42,5144.31,25469
2019-07-18,5134.26,5141.79,5062.3,5063.91,39253
2019-07-19,5101.6,5130.74,5066.42,5105.97,28015
2019-07-22,5126.72,5146.82,5077.73,5111.75,28125
2019-07-23,5138.28,5139.73,5045.62,5096.47,32484
2019-07-24,5118.23,5126.22,5049.79,5058.18,46771
2019-07-25,5056.22,5143.6,5016.93,5141.79,38256
2019-07-26,5136.62,5181.99,5119.43,5151.99,26468
2019-07-29,5136.92,5224.7,5126.77,5209.18,26981
2019-07-30,5209.63,5242.29,5181.99,5221.84,19538
2019-07-31,5202.09,5236.11,5159.83,5190.03,22526
2019-08-01,5209.68,5212.14,5091.65,5123.2,35090
2019-08-02,5046.32,5116.57,5041.3,5098.83,39719
2019-08-05,5051.35,5096.57,5026.22,5038.43,36774
2019-08-06,4981.0,5066.42,4944.82,5057.88,43991
2019-08-07,5073.96,5104.26,5051.35,5051.35,26870
2019-08-08,5094.06,5197.07,5086.52,5185.41,38808
2019-08-09,5219.68,5231.99,5121.64,5136.92,28462
2019-08-12,5379.52,5428.71,5302.64,5421.32,81499
2019-08-13,5408.91,5458.36,5381.38,5417.91,30330
2019-08-14,5478.56,5588.5,5478.56,5545.44,41411
2019-08-15,5468.41,5561.26,5468.41,5553.32,27237
2019-08-16,5578.15,5707.49,5533.73,5602.07,36087
2019-08-19,5634.22,5679.35,5574.18,5608.5,32868
2019-08-20,5604.08,5697.94,5578.95,5679.45,28602
2019-08-21,5679.95,5714.47,5637.54,5659.35,25067
2019-08-22,5694.47,5850.29,5679.45,5850.29,37591
2019-08-23,5855.31,5998.82,5808.18,5981.44,40192
2019-08-26,5895.51,5970.88,5813.51,5845.01,48498
2019-08-27,5915.61,5987.52,5875.41,5875.41,52164
2019-08-28,5875.41,5946.72,5744.82,5830.74,47010
2019-08-29,5855.31,5921.54,5792.5,5896.02,29330
2019-08-30,5955.81,6061.33,5945.76,6041.23,44891
2019-09-02,6031.13,6056.21,5975.91,6024.95,28234
2019-09-03,6031.18,6086.56,5973.7,6031.18,29485
2019-09-04,6035.2,6045.8,5931.24,5955.86,33600
2019-09-05,5975.91,6055.8,5970.88,6051.28,32931
2019-09-06,6053.79,6062.08,5985.96,6043.69,26177
2019-09-09,6056.31,6071.38,6006.06,6013.7,29379
2019-09-10,6002.54,6006.06,5930.74,5950.03,26227
2019-09-11,5926.77,5930.54,5669.4,5677.04,81717
2019-09-12,5659.35,5880.34,5659.35,5825.17,41211
2019-09-16,5744.77,5850.04,5744.77,5825.17,31372
2019-09-17,5800.04,5863.66,5764.87,5800.09,25197
2019-09-18,5872.9,6081.43,5871.29,6075.9,69314
2019-09-19,6071.38,6081.43,6016.61,6056.31,24480
2019-09-20,6086.46,6131.68,6069.32,6118.71,37627
2019-09-23,6116.6,6116.6,5985.96,6076.41,30026
2019-09-24,6106.55,6256.8,6091.48,6252.27,36269
2019-09-25,6232.17,6276.74,6184.44,6202.03,24025
2019-09-26,6206.75,6249.01,6125.7,6166.85,26082
2019-09-27,6151.78,6247.25,6096.5,6205.79,22827
2019-09-30,6146.75,6179.06,6081.43,6081.43,30825
2019-10-08,6096.5,6232.17,6091.53,6167.35,31045
2019-10-09,6162.83,6162.83,6006.31,6065.4,35789
2019-10-10,5965.86,6126.3,5875.51,6106.55,41174
2019-10-11,6116.6,6207.05,6092.54,6205.04,28689
2019-10-14,6262.32,6270.66,6181.93,6232.17,27188
2019-10-15,6232.17,6411.46,6217.25,6387.94,40035
2019-10-16,6171.88,6269.86,6131.68,6181.93,59151
2019-10-17,6212.07,6265.64,6144.24,6248.91,30509
2019-10-18,6227.15,6282.37,6190.42,6211.02,28292
2019-10-21,6191.27,6226.65,6148.26,6174.39,25275
2019-10-22,6222.12,6239.71,6151.22,6185.95,19309
2019-10-23,6171.88,6222.12,6112.13,6126.2,23080
2019-10-24,6156.55,6161.83,6067.16,6082.79,26178
2019-10-25,6098.01,6194.49,6046.41,6188.71,25998
2019-10-28,6161.88,6237.25,6156.8,6223.58,22486
2019-10-29,6237.75,6332.47,6220.97,6297.5,27804
2019-10-30,6282.42,6295.99,6212.07,6251.27,21255
2019-10-31,6312.57,6322.62,6212.83,6232.22,25909
2019-11-01,6237.2,6292.22,6194.49,6257.3,22812
2019-11-04,6282.42,6382.87,6277.4,6330.61,26738
2019-11-05,6330.16,6357.79,6292.47,6327.65,22255
2019-11-06,6317.6,6352.77,6276.79,6297.5,19738
2019-11-07,6315.13,6342.12,6277.4,6339.55,16168
2019-11-08,6357.79,6411.31,6340.26,6357.79,24512
2019-11-11,6340.21,6363.82,6300.06,6327.65,17342
2019-11-12,6352.77,6380.91,6323.68,6340.71,19151
2019-11-13,6367.84,6472.36,6332.67,6453.26,31977
2019-11-14,6468.34,6533.66,6443.22,6483.41,23521
2019-11-15,6483.41,6498.04,6440.7,6457.79,16341
2019-11-18,6458.89,6480.65,6423.12,6469.75,18038
2019-11-19,6473.36,6541.75,6458.39,6495.07,20624
2019-11-20,6483.41,6531.2,6473.67,6502.26,15281
2019-11-21,6488.44,6511.1,6438.49,6489.95,19187
2019-11-22,6448.24,6478.39,6257.3,6302.52,47054
2019-11-25,6272.62,6302.52,6192.28,6242.53,38282
2019-11-26,6265.74,6325.64,6247.25,6257.3,40240
2019-11-27,6296.49,6315.69,6254.84,6282.17,19849
2019-11-28,6307.4,6320.16,6177.0,6211.07,28845
2019-11-29,6159.31,6159.31,5894.96,5975.91,82397
2019-12-02,5921.64,6031.28,5921.64,5996.01,30784
2019-12-03,5996.01,5996.01,5919.33,5920.64,27341
2019-12-04,6031.18,6054.6,5920.64,5942.39,35283
2019-12-05,5955.81,5991.03,5920.64,5979.93,21339
2019-12-06,6010.93,6181.93,5981.44,6181.93,39506
2019-12-09,6207.05,6212.07,6112.08,6125.15,21824
2019-12-10,6129.67,6156.8,6086.46,6153.79,15087
2019-12-11,6171.88,6185.69,6109.32,6126.55,14568
2019-12-12,6111.58,6131.38,5981.34,6016.11,29409
2019-12-13,6061.33,6156.8,6061.33,6146.75,30001
2019-12-16,6146.75,6146.75,6020.83,6070.98,30936
2019-12-17,6079.92,6200.02,6046.41,6181.83,42617
2019-12-18,6202.03,6208.06,6151.78,6171.88,19640
2019-12-19,6146.75,6146.75,6091.48,6118.61,19552
2019-12-20,6142.63,6142.63,6038.72,6062.84,23564
2019-12-23,6026.16,6144.24,6011.08,6077.91,25919
2019-12-24,6096.5,6106.55,6056.31,6071.38,11823
2019-12-25,6046.26,6046.26,5980.98,5999.53,24306
2019-12-26,5990.98,6041.13,5930.64,6006.56,22877
2019-12-27,6081.43,6191.98,6081.43,6146.75,47066
2019-12-30,6182.93,6310.06,6182.93,6261.32,40761
2019-12-31,6247.25,6272.37,6214.64,6247.25,22589
2020-01-02,5970.88,6056.61,5910.59,5980.93,148099
2020-01-03,5915.61,5915.61,5714.12,5722.46,130319
2020-01-06,5683.77,5794.51,5665.88,5719.6,63415
2020-01-07,5717.13,5825.17,5711.61,5802.71,47854
2020-01-08,5755.07,5807.58,5742.66,5770.6,25008
2020-01-09,5800.04,5857.27,5779.94,5843.76,37406
2020-01-10,5875.41,5910.54,5842.75,5893.0,35976
2020-01-13,5893.0,5976.91,5890.49,5952.14,38516
2020-01-14,5951.79,5955.26,5845.27,5867.37,35145
2020-01-15,5875.46,5938.73,5855.31,5891.14,26029
2020-01-16,5925.01,5925.01,5843.15,5865.36,23192
2020-01-17,5880.44,5894.41,5835.27,5867.88,23473
2020-01-20,5889.78,5889.78,5739.74,5784.97,35391
2020-01-21,5734.72,5764.87,5691.0,5706.08,32874
2020-01-22,5679.45,5749.79,5605.98,5707.13,36200
2020-01-23,5709.6,5709.6,5513.63,5593.02,53468
2020-02-03,5252.34,5381.38,5227.22,5347.41,123443
2020-02-04,5403.08,5614.12,5383.03,5518.7,62624
2020-02-05,5578.95,5599.05,5493.68,5578.9,47418
2020-02-06,5626.33,5704.57,5589.1,5684.47,47171
2020-02-07,5679.5,5714.62,5634.32,5709.6,31279
2020-02-10,5639.25,5702.56,5615.13,5661.81,30533
2020-02-11,5644.27,5828.58,5643.27,5820.14,47918
2020-02-12,5774.92,5824.11,5759.24,5816.47,28125
2020-02-13,5820.14,5899.99,5769.94,5784.97,30357
2020-02-14,5782.2,5797.58,5745.32,5769.89,23288
2020-02-17,5742.26,5811.05,5741.75,5799.14,27028
2020-02-18,5779.99,5814.51,5744.77,5749.79,26665
2020-02-19,5754.82,5837.73,5719.65,5812.6,37051
2020-02-20,5813.61,5950.79,5807.13,5920.64,46803
2020-02-21,5887.77,5948.47,5880.49,5894.91,28940
2020-02-24,5857.83,5880.44,5757.33,5765.77,38650
2020-02-25,5719.65,5740.2,5668.79,5703.62,38386
2020-02-26,5639.25,5749.79,5604.08,5698.04,43561
2020-02-27,5709.6,5805.02,5709.6,5766.83,34498
2020-02-28,5680.95,5739.74,5578.8,5614.12,49947
2020-03-02,5579.5,5812.86,5579.0,5759.89,47663
2020-03-03,5820.14,5925.06,5820.14,5895.51,50250
2020-03-04,5955.81,6026.16,5911.79,5975.51,53793
2020-03-05,6012.64,6207.0,5983.75,6186.95,62426
2020-03-06,6146.75,6212.07,6091.38,6109.07,30641
2020-03-09,6006.06,6006.06,5887.02,5900.59,43404
2020-03-10,5895.51,6171.88,5895.51,6111.58,58063
2020-03-11,6109.07,6179.82,6036.21,6124.24,35548
2020-03-12,6037.31,6096.5,5956.31,6023.65,36631
2020-03-13,5779.94,5975.81,5729.69,5890.64,75885
2020-03-16,5850.19,5870.14,5639.25,5664.37,51233
2020-03-17,5604.08,5719.65,5383.59,5554.33,79359
2020-03-18,5528.7,5629.2,5367.86,5367.86,73460
2020-03-19,5297.51,5403.08,5127.22,5307.61,102265
2020-03-20,5382.98,5543.78,5382.98,5504.99,60139
2020-03-23,5327.71,5504.99,5285.1,5423.18,48472
2020-03-24,5543.78,5623.57,5503.58,5609.1,46651
2020-03-25,5769.79,5786.78,5700.55,5730.2,37049
2020-03-26,5696.18,5785.97,5639.25,5653.92,30049
2020-03-27,5754.82,5789.99,5704.62,5707.08,36261
2020-03-30,5630.46,5714.62,5614.12,5689.5,30687
2020-03-31,5739.74,5905.56,5738.74,5885.46,47984
2020-04-01,5915.61,5975.91,5845.27,5845.27,33205
2020-04-02,5850.29,6056.31,5849.69,6056.31,45206
2020-04-03,6026.31,6071.18,5990.88,6030.13,27618
2020-04-07,6141.48,6164.34,6075.85,6131.43,43488
2020-04-08,6091.48,6163.38,6091.48,6130.47,24224
2020-04-09,6161.83,6176.9,6071.18,6124.14,22817
2020-04-10,6121.03,6239.71,6099.02,6156.8,27804
2020-04-13,6156.8,6181.83,6073.89,6143.24,15981
2020-04-14,6212.07,6290.21,6161.83,6257.8,36800
2020-04-15,6292.47,6352.72,6267.85,6280.41,29332
2020-04-16,6297.35,6318.1,6252.78,6318.1,21728
2020-04-17,6382.92,6506.33,6357.84,6463.31,38246
2020-04-20,6438.19,6490.95,6417.09,6469.85,24239
2020-04-21,6438.29,6453.21,6297.5,6332.67,29224
2020-04-22,6362.82,6581.4,6343.82,6556.27,44035
2020-04-23,6583.91,6662.7,6572.7,6595.27,26899
2020-04-24,6573.86,6633.6,6509.44,6586.72,19122
2020-04-27,6619.08,6725.46,6588.73,6714.55,25904
2020-04-28,6761.33,6834.85,6693.85,6730.28,34662
2020-04-29,6723.6,6775.35,6624.11,6709.03,23444
2020-04-30,6689.43,6759.83,6628.53,6662.8,24661
2020-05-06,6588.93,6835.15,6583.91,6835.15,35835
2020-05-07,6832.13,6910.47,6799.98,6895.45,27935
2020-05-08,6920.57,7026.09,6877.91,6908.56,29079
2020-05-11,6935.64,7011.02,6903.84,6950.77,23671
2020-05-12,6925.6,7010.97,6915.55,7000.97,19722
2020-05-13,7000.97,7026.04,6950.12,7015.79,22014
2020-05-14,6985.89,7010.41,6961.32,6968.76,18575
2020-05-15,6980.87,7003.48,6844.6,6900.47,26398
2020-05-18,6865.3,7093.93,6860.93,7067.34,34362
2020-05-19,7156.74,7156.74,7026.09,7066.84,24787
2020-05-20,7066.84,7132.52,7020.11,7091.41,21183
2020-05-21,7111.51,7196.73,7100.76,7167.29,23052
2020-05-22,7166.79,7167.29,6950.12,6976.85,34427
2020-05-25,6985.89,7169.7,6940.67,7151.21,31561
2020-05-26,7186.28,7186.63,7111.51,7126.59,22470
2020-05-27,7131.61,7136.64,7000.97,7026.09,26777
2020-05-28,7025.94,7071.01,6941.32,7056.24,26486
2020-05-29,6996.44,7186.78,6996.44,7169.8,30444
2020-06-01,7242.16,7438.63,7242.16,7435.61,35480
2020-06-02,7418.08,7477.82,7371.09,7391.44,25960
2020-06-03,7413.0,7425.56,7316.37,7334.11,23557
2020-06-04,7317.53,7392.9,7317.53,7377.78,18037
2020-06-05,7364.01,7482.74,7343.06,7463.25,18347
2020-06-08,7463.25,7513.5,7347.73,7368.28,29300
2020-06-09,7377.83,7463.25,7341.05,7420.79,22612
2020-06-10,7463.25,7505.1,7423.05,7456.51,22701
2020-06-11,7392.95,7428.02,7322.5,7339.94,30712
2020-06-12,7273.16,7419.88,7253.76,7419.88,28427
2020-06-15,7347.68,7395.92,7242.16,7252.21,34615
2020-06-16,7330.09,7407.98,7303.11,7357.12,29207
2020-06-17,7397.22,7397.42,7312.6,7362.75,19453
2020-06-18,7362.25,7403.96,7338.13,7402.95,21010
2020-06-19,7438.12,7564.75,7413.5,7537.82,38958
2020-06-22,7514.0,7558.17,7504.45,7533.6,23247
2020-06-23,7513.5,7749.66,7506.06,7711.98,33934
2020-06-24,7742.75,7753.35,7649.29,7724.71,25139
2020-06-29,7664.37,7754.81,7609.14,7740.59,28081
2020-06-30,7740.34,7769.79,7700.14,7739.13,22446
2020-07-01,7764.86,7956.31,7744.86,7896.86,38682
2020-07-02,7920.63,8181.42,7900.53,8146.75,45884
2020-07-03,8176.89,8189.46,8010.47,8135.64,35126
2020-07-06,8116.6,8508.53,8085.49,8428.13,51822
2020-07-07,8443.66,9155.82,8433.16,8870.32,66664
2020-07-08,8830.12,9026.08,8729.62,8836.85,53170
2020-07-09,8885.39,8990.91,8840.17,8960.76,35033
2020-07-10,8875.34,9114.52,8875.04,9000.21,37100
2020-07-13,9004.38,9367.77,9004.38,9342.6,60727
2020-07-14,9342.6,9342.8,9173.81,9242.15,46094
2020-07-15,9156.13,9345.66,9155.27,9194.57,40713
2020-07-16,9080.9,9080.9,8428.13,8498.48,102242
2020-07-17,8528.63,8792.88,8528.63,8669.57,65902
2020-07-20,8691.94,8749.67,8372.26,8613.85,45280
2020-07-21,8662.49,8944.68,8583.85,8769.82,41970
2020-07-22,8719.57,8980.86,8719.57,8820.47,39201
2020-07-23,8789.92,8885.39,8679.37,8810.02,34321
2020-07-24,8703.74,8759.77,8352.76,8404.52,78752
2020-07-27,8508.58,8577.87,8428.13,8541.44,38788
2020-07-28,8578.88,8830.12,8578.88,8779.87,54912
2020-07-29,8880.37,8880.37,8593.95,8789.92,50748
2020-07-30,8785.9,8933.58,8782.38,8830.12,38373
2020-07-31,8855.24,8955.74,8659.27,8820.97,40685
2020-08-03,8864.69,8913.43,8729.62,8769.82,34661
2020-08-04,8804.99,8845.14,8729.62,8779.82,31941
2020-08-05,8740.12,8795.4,8645.76,8769.82,25522
2020-08-06,8779.87,8800.12,8578.88,8618.87,32649
2020-08-07,8653.09,8677.72,8420.6,8583.9,34242
2020-08-10,8568.68,8654.05,8468.88,8598.93,23624
2020-08-11,8629.13,8761.93,8629.13,8641.74,35818
2020-08-12,8593.95,8634.15,8454.51,8563.55,27934
2020-08-13,8578.88,8623.5,8473.36,8604.0,20541
2020-08-14,8628.62,8758.26,8583.9,8734.65,37653
2020-08-17,8799.97,8952.47,8779.87,8880.37,43572
2020-08-18,8917.45,9031.11,8885.39,8955.74,30423
2020-08-19,8930.61,9016.03,8845.14,8865.29,26915
2020-08-20,8799.97,8825.09,8709.52,8749.72,22382
2020-08-21,8794.94,8920.56,8784.89,8810.02,25082
2020-08-24,8930.61,8970.81,8885.44,8912.27,30933
2020-08-25,8954.73,9165.67,8923.73,9066.28,41872
2020-08-26,9101.46,9156.73,9006.09,9066.28,26216
2020-08-27,9091.36,9101.36,8955.74,9086.38,22636
2020-08-28,9086.38,9252.2,9038.65,9217.03,42300
2020-08-31,9285.26,9513.49,9285.26,9365.26,47810
2020-09-01,9392.89,9443.14,9307.52,9443.04,31640
2020-09-02,9558.71,9573.79,9282.35,9407.97,32009
2020-09-03,9407.97,9493.39,9331.09,9397.92,30437
2020-09-04,9262.25,9317.47,9161.75,9282.35,30858
2020-09-07,9232.1,9322.5,8950.56,9048.7,31112
2020-09-08,9091.41,9120.55,8815.39,8987.9,34472
2020-09-09,8928.95,8985.89,8830.32,8870.32,25964
2020-09-10,8949.41,9031.11,8930.61,8959.76,24778
2020-09-11,8870.32,9111.51,8870.32,9096.43,31088
2020-09-14,9156.73,9277.32,9084.27,9262.25,31056
2020-09-15,9282.3,9282.3,9170.55,9232.1,20821
2020-09-16,9232.1,9256.27,9026.08,9056.74,22516
2020-09-17,8930.61,8930.61,8719.57,8782.48,63680
2020-09-18,8754.75,8905.49,8604.05,8905.49,47201
2020-09-21,8894.23,8894.23,8763.09,8763.79,22444
2020-09-22,8679.37,8865.19,8679.37,8758.21,23265
2020-09-23,8604.0,8759.82,8533.75,8679.27,35726
2020-09-24,8608.88,8723.99,8562.8,8575.46,30051
2020-09-25,8578.88,8679.37,8553.75,8604.55,22583
2020-09-28,8604.96,8772.33,8604.96,8734.65,24232
2020-09-29,8776.5,8776.85,8690.93,8690.93,17431
2020-09-30,8729.62,8889.91,8729.62,8772.33,27088
2020-10-09,8890.41,8962.87,8870.32,8910.51,34240
2020-10-12,8930.61,9184.92,8930.61,9184.92,43729
2020-10-13,9184.97,9184.97,9106.48,9126.58,22944
2020-10-14,9131.6,9166.68,9061.26,9076.33,20481
2020-10-15,9036.79,9106.48,9036.13,9056.23,16204
2020-10-16,9056.23,9104.37,8945.69,8990.91,17377
2020-10-19,9056.23,9101.36,8889.91,8925.59,19226
2020-10-20,8930.56,9106.33,8905.49,9101.46,27735
2020-10-21,9101.96,9142.41,9046.18,9098.09,18901
2020-10-22,9081.36,9156.73,9008.55,9144.17,22481
2020-10-23,9135.52,9169.74,9000.96,9007.64,19292
2020-10-26,8523.6,8744.29,8428.13,8644.2,66015
2020-10-27,8644.2,8649.22,8509.13,8553.75,43944
2020-10-28,8558.78,8815.04,8554.16,8753.79,34637
2020-10-29,8703.69,8970.81,8664.3,8810.02,39374
2020-10-30,8820.07,8910.51,8754.75,8779.97,26055
2020-11-02,8804.99,8905.49,8789.92,8800.02,21066
2020-11-03,8855.19,8960.26,8807.51,8905.49,23497
2020-11-04,8930.61,8950.71,8855.24,8928.5,16444
2020-11-05,9016.03,9093.82,8991.41,9040.66,23524
2020-11-06,9084.12,9089.35,8880.37,8933.73,23052
2020-11-09,8937.55,9185.27,8933.73,9144.52,41470
2020-11-10,9196.52,9254.61,9111.51,9156.73,30189
2020-11-11,9156.73,9320.03,9086.38,9088.14,34851
2020-11-12,9081.41,9181.85,9042.52,9105.43,23473
2020-11-13,9051.21,9075.73,8885.39,8955.74,28155
2020-11-16,8985.89,9081.61,8916.84,9081.61,30613
2020-11-17,9131.6,9143.41,8935.99,9010.0,25224
2020-11-18,9005.98,9033.77,8846.0,8898.71,35179
2020-11-19,8852.73,9056.23,8833.13,9032.06,27816
2020-11-20,9031.11,9111.51,8994.18,9030.91,21875
2020-11-23,9287.42,9482.84,9287.42,9383.9,66637
2020-11-24,9282.3,9345.16,9189.24,9249.69,32465
2020-11-25,9239.64,9276.72,9051.21,9065.68,28226
2020-11-26,9061.26,9131.55,9057.14,9103.42,23228
2020-11-27,9094.72,9131.76,9021.06,9121.05,21569
2020-11-30,9106.48,9126.08,9000.51,9000.51,31940
2020-12-01,9061.26,9126.53,9031.16,9116.53,28196
2020-12-02,9161.75,9176.83,9086.38,9121.61,23572
2020-12-03,9121.61,9210.29,9091.91,9176.83,29506
2020-12-04,9191.9,9433.59,9191.9,9398.47,62491
2020-12-07,9446.66,9636.04,9435.86,9495.4,58331
2020-12-08,9508.46,9809.95,9498.41,9684.33,61454
2020-12-09,9764.48,9764.73,9629.06,9634.08,31152
2020-12-10,9634.08,9683.18,9573.79,9598.41,32654
2020-12-11,9607.85,9620.62,9457.26,9533.59,30776
2020-12-14,9572.63,9583.74,9508.46,9578.81,33052
2020-12-15,9601.42,9620.11,9458.22,9513.54,29605
2020-12-16,9586.35,9662.57,9534.64,9634.08,32150
2020-12-17,9661.72,9774.78,9634.08,9762.27,36031
2020-12-18,9693.43,9779.85,9639.51,9659.21,27077
2020-12-21,9634.08,9690.51,9622.02,9646.65,30697
2020-12-22,9684.18,9930.5,9646.7,9840.1,40651
2020-12-23,9925.47,9966.72,9538.71,9642.37,47706
2020-12-24,9523.54,9728.95,9408.07,9585.54,37857
2020-12-25,9448.12,9669.26,9433.09,9583.84,23088
2020-12-28,9566.75,9879.29,9563.99,9799.9,30080
2020-12-29,9799.9,9869.24,9709.46,9769.75,22868
2020-12-30,9784.83,10101.39,9784.78,10101.39,34452
2020-12-31,10141.59,10432.93,10131.54,10428.0,38860
2021-01-04,10437.95,10463.12,10356.7,10422.98,43514
2021-01-05,10387.8,10736.77,10349.92,10736.77,52116
2021-01-06,10763.66,11066.15,10619.09,10940.53,47410
2021-01-07,10925.46,11141.52,10814.91,11141.52,37931
2021-01-08,11151.57,11196.19,10754.71,10890.28,53862
2021-01-11,10890.28,11194.28,10732.5,10939.17,51080
2021-01-12,10880.23,11246.54,10865.16,11246.54,41059
2021-01-13,11262.12,11309.0,11116.4,11262.12,34390
2021-01-14,11221.92,11257.09,11021.48,11111.37,36152
2021-01-15,11015.9,11113.13,10583.77,10850.08,59509
2021-01-18,10744.86,10897.72,10640.4,10754.61,39144
2021-01-19,10805.41,10921.94,10472.47,10485.33,46345
2021-01-20,10478.25,10716.88,10350.12,10642.21,45082
2021-01-21,10679.24,10890.38,10644.07,10789.79,38310
2021-01-22,10784.76,10940.53,10740.04,10839.78,29248
2021-01-25,10855.11,11340.0,10855.11,11317.39,55957
2021-01-26,11367.64,11377.69,11066.7,11151.02,31747
2021-01-27,11151.02,11151.02,10865.16,10885.26,37120
2021-01-28,10840.03,10989.07,10739.64,10880.23,35129
2021-01-29,10946.51,11189.16,10891.39,11021.83,33701
2021-02-01,11091.27,11242.02,10915.41,10987.36,29341
2021-02-02,11001.93,11191.72,10951.08,11166.65,34582
2021-02-03,11191.77,11434.32,11141.52,11392.31,38714
2021-02-04,11397.79,12096.23,11397.79,12050.25,63851
2021-02-05,12071.11,12270.09,11900.26,12010.81,39729
2021-02-08,12131.41,12341.84,12010.81,12291.19,35786
2021-02-09,12291.19,12731.52,12196.73,12731.52,33297
2021-02-10,12875.07,13458.96,12875.07,13457.95,61371
2021-02-18,13392.53,13593.02,12774.58,12804.73,65912
2021-02-19,12705.04,12933.66,12355.51,12749.45,59385
2021-02-22,12724.33,12724.33,11836.05,11885.29,78935
2021-02-23,11770.32,12171.05,11769.62,11980.66,57455
2021-02-24,11985.64,12035.93,11244.53,11387.74,82116
2021-02-25,11488.23,11566.12,11047.11,11191.77,59726
2021-02-26,10940.53,11342.26,10776.22,11054.99,66525
2021-03-01,11337.49,11337.49,11041.03,11231.97,44916
2021-03-02,11342.51,11342.51,10603.87,10729.49,70765
2021-03-03,10639.04,11190.61,10603.87,11141.52,54215
2021-03-04,10915.41,10920.43,10488.8,10603.87,65088
2021-03-05,10438.05,10915.41,10377.75,10740.09,63779
2021-03-08,10814.71,10865.16,10237.06,10237.06,63100
2021-03-09,10211.93,10438.05,9936.48,10121.44,82266
2021-03-10,10322.48,10437.4,10272.23,10287.36,51172
2021-03-11,10312.43,10839.98,10244.5,10679.24,56769
2021-03-12,10789.79,10824.96,10448.15,10568.7,40323
2021-03-15,10689.29,10788.78,10192.59,10314.69,62485
2021-03-16,10312.08,10538.5,10262.18,10490.81,34649
2021-03-17,10438.05,10689.29,10317.51,10590.6,31375
2021-03-18,10613.92,10871.99,10613.92,10788.28,33865
2021-03-19,10613.92,10654.12,10399.01,10488.3,35781
2021-03-22,10438.55,10569.15,10214.7,10387.75,36914
2021-03-23,10432.42,10482.27,10287.31,10417.95,27446
2021-03-24,10342.58,10503.37,10342.58,10382.78,29357
2021-03-25,10287.36,10382.17,10170.73,10292.33,31575
2021-03-26,10362.68,10548.6,10227.01,10503.37,50016
2021-03-29,10655.12,10922.19,10569.45,10609.4,56992
2021-03-30,10639.04,10870.18,10614.32,10719.69,32627
2021-03-31,10664.67,10669.29,10438.05,10483.27,37154
2021-04-01,10543.57,10673.21,10444.18,10661.65,26588
2021-04-02,10719.44,11267.14,10719.44,11252.07,52028
2021-04-06,11247.04,11251.97,10952.09,11071.32,32742
2021-04-07,10960.93,11027.46,10689.29,10744.56,40201
2021-04-08,10674.37,10835.01,10659.14,10789.79,28548
2021-04-09,10649.09,10709.39,10463.22,10538.55,28809
2021-04-12,10493.32,10588.79,10396.34,10482.72,31943
2021-04-13,10538.55,10688.29,10483.27,10543.57,28992
2021-04-14,10613.92,10679.24,10518.45,10674.22,24115
2021-04-15,10593.32,10673.71,10387.8,10516.44,34366
2021-04-16,10564.07,10779.74,10498.35,10714.31,30294
2021-04-19,10714.41,10932.29,10603.87,10880.23,31754
2021-04-20,10795.31,11086.25,10789.79,10914.4,28290
2021-04-21,10819.93,10929.48,10765.16,10840.03,26150
2021-04-22,10889.78,10935.5,10696.83,10716.93,26850
2021-04-23,10719.29,11040.42,10701.85,10985.45,33463
2021-04-26,11101.32,11116.4,10807.88,10829.08,34045
2021-04-27,10875.61,10916.66,10765.11,10912.59,22108
2021-04-28,10488.3,10676.73,10453.12,10649.09,81343
2021-04-29,10674.42,10688.99,10508.4,10570.5,41284
2021-04-30,10568.7,10618.94,10456.69,10472.12,38401
2021-05-06,10438.05,10472.42,10201.89,10232.03,53546
2021-05-07,10262.18,10277.16,9940.6,9950.65,52493
2021-05-10,9935.57,9980.79,9764.78,9830.2,46003
2021-05-11,9814.98,10267.21,9801.41,10232.03,42494
2021-05-12,10182.19,10433.03,10181.79,10357.65,32699
2021-05-13,10265.95,10362.93,10201.89,10294.84,25078
2021-05-14,10347.6,10591.31,10317.46,10487.54,35611
2021-05-17,10564.17,10866.16,10564.17,10729.29,44524
2021-05-18,10764.66,10824.96,10664.47,10736.07,17504
2021-05-19,10734.51,10813.96,10639.04,10684.27,22410
2021-05-20,10809.89,10810.39,10665.98,10733.91,21857
2021-05-21,10714.82,10839.43,10624.07,10649.59,24248
2021-05-24,10694.31,10840.34,10593.82,10796.27,32548
2021-05-25,10865.16,11443.51,10865.16,11415.37,67757
2021-05-26,11483.11,11653.05,11408.24,11543.5,38604
2021-05-27,11498.38,12045.98,11448.54,11669.12,45373
2021-05-28,11648.87,11694.25,11470.7,11593.75,25807
2021-05-31,11520.89,11535.21,11302.31,11533.46,31739
2021-06-01,11553.55,11688.97,11473.16,11648.77,30616
2021-06-02,11694.25,11764.6,11484.11,11553.55,22863
2021-06-03,11543.5,11746.2,11493.66,11554.66,23450
2021-06-04,11518.38,11885.19,11513.56,11701.79,31422
2021-06-07,11769.62,11839.97,11644.05,11799.77,25466
2021-06-08,11744.5,11844.94,11247.8,11397.79,47314
2021-06-09,11402.81,11513.36,11242.57,11440.5,25502
2021-06-10,11417.88,11701.13,11393.16,11636.36,25567
2021-06-11,11638.98,11664.1,11336.53,11336.53,33971
2021-06-15,11418.39,11487.63,11181.72,11407.84,29361
2021-06-16,11402.81,11417.88,11181.72,11231.97,27593
2021-06-17,11220.16,11382.71,11163.43,11226.49,21068
2021-06-18,11176.69,11224.43,10764.66,10895.01,54028
2021-06-21,10865.16,10938.97,10689.29,10848.27,35488
2021-06-22,10900.33,10930.48,10708.84,10814.76,33228
2021-06-23,10840.03,10855.11,10609.65,10628.99,37079
2021-06-24,10639.09,10840.03,10543.57,10779.99,31474
2021-06-25,10786.03,11082.7,10749.05,10997.27,35875
2021-06-28,11037.47,11127.92,10901.8,11052.6,27452
2021-06-29,11077.67,11112.84,10791.26,10846.53,33031
2021-06-30,10861.61,10906.83,10767.64,10819.9,21916
2021-07-01,10836.33,11087.72,10693.78,11062.6,33701
2021-07-02,10911.85,10911.85,10592.78,10600.32,46275
2021-07-05,10534.99,10634.89,10459.62,10504.85,34421
2021-07-06,10509.87,10605.34,10334.05,10599.81,35283
2021-07-07,10585.24,10680.11,10530.02,10555.09,28122
2021-07-08,10535.5,10555.09,10374.2,10459.62,35517
2021-07-09,10356.71,10464.19,10258.63,10394.85,30908
2021-07-12,10412.14,10528.86,10236.02,10339.03,39010
2021-07-13,10374.2,10562.63,10359.13,10449.07,29925
2021-07-14,10404.35,10406.86,10258.63,10344.05,30771
2021-07-15,10308.98,10600.32,10286.77,10524.89,42190
2021-07-16,10434.5,10517.91,10283.75,10313.4,35408
2021-07-19,10313.35,10464.65,10238.53,10409.37,30052
2021-07-20,10409.37,10479.37,10341.09,10434.5,23475
2021-07-21,10479.72,10565.14,10344.1,10379.23,29780
2021-07-22,10334.0,10403.85,10228.28,10233.56,39090
2021-07-23,10222.55,10222.55,10007.84,10032.51,47585
2021-07-26,9926.99,9926.99,9429.54,9550.69,98619
2021-07-27,9545.11,9580.28,9042.63,9092.33,86577
2021-07-28,9042.63,9470.74,8937.71,9373.76,85369
2021-07-29,9580.33,9645.61,9200.11,9277.74,63864
2021-07-30,9153.18,9153.18,8815.31,8921.99,77736
2021-08-02,8846.66,9308.84,8629.19,9303.92,97401
2021-08-03,9178.3,9374.22,8971.28,9275.28,54375
2021-08-04,9198.7,9329.04,9118.0,9148.15,38175
2021-08-05,8991.78,9253.67,8908.77,9022.53,48060
2021-08-06,8972.28,8997.46,8759.23,8881.84,45686
2021-08-09,8781.34,9072.78,8776.32,8996.4,47698
2021-08-10,9027.56,9544.51,8901.94,9525.01,83285
2021-08-11,9429.59,9454.71,9278.85,9281.31,38663
2021-08-12,9188.35,9273.77,8958.16,8977.31,47551
2021-08-13,8977.31,9092.88,8922.04,9027.76,37905
2021-08-16,9007.46,9095.89,8952.59,9023.54,28057
2021-08-17,9027.56,9027.56,8670.19,8700.94,61201
2021-08-18,8648.99,8741.09,8525.08,8625.57,59970
2021-08-19,8636.73,8742.15,8525.08,8625.42,41292
2021-08-20,8299.82,8512.77,8150.73,8263.79,114545
2021-08-23,8212.94,8520.05,8207.36,8375.29,71597
2021-08-24,8399.46,8738.88,8353.08,8651.6,72594
2021-08-25,8764.46,8931.43,8741.14,8851.79,54239
2021-08-26,8851.64,8851.64,8498.55,8499.95,54020
2021-08-27,8469.8,8650.7,8445.18,8505.13,36095
2021-08-30,8550.2,8590.4,8253.49,8454.73,51588
2021-08-31,8473.82,8607.23,8299.46,8314.04,43677
2021-09-01,8319.06,8700.89,8178.87,8635.67,77316
2021-09-02,8690.84,8741.14,8529.55,8619.54,42837
2021-09-03,8575.43,8825.51,8434.63,8817.62,52835
2021-09-06,8771.29,9068.56,8656.48,8880.18,55338
2021-09-07,8831.74,8949.57,8781.34,8871.79,31211
2021-09-08,8826.56,8882.74,8666.17,8691.4,33064
2021-09-09,8655.72,8751.19,8645.72,8696.32,19950
2021-09-10,8696.32,8870.78,8690.9,8839.53,33388
2021-09-13,8851.69,8947.16,8726.57,8796.42,27720
2021-09-14,8821.54,8942.13,8791.39,8811.49,33761
2021-09-15,8776.32,8826.56,8575.32,8604.17,41570
2021-09-16,8540.15,8746.17,8449.71,8716.37,45968
2021-09-17,8625.57,9055.7,8625.57,8957.21,55130
2021-09-22,8820.69,8967.26,8700.94,8714.46,31743
2021-09-23,8716.02,8805.86,8651.1,8700.94,30342
2021-09-24,8665.77,9127.95,8665.77,8997.41,69537
2021-09-27,9278.8,9848.61,9278.8,9806.4,126869
2021-09-28,9771.23,9831.52,9504.91,9640.88,49221
2021-09-29,9575.26,9756.2,9459.19,9630.53,43291
2021-09-30,9621.39,9782.38,9547.12,9680.78,40539
2021-10-08,9642.69,9921.97,9566.36,9729.02,47452
2021-10-11,9728.56,9981.76,9685.85,9867.3,37676
2021-10-12,9861.67,9916.94,9743.19,9886.75,30606
2021-10-13,9881.77,10283.5,9841.57,10182.76,50143
2021-10-14,10177.88,10242.55,10012.42,10087.79,26623
2021-10-15,9982.77,10183.21,9982.77,10117.79,28561
2021-10-18,9972.22,9972.22,9464.71,9530.04,69652
2021-10-19,9530.04,9725.0,9529.43,9591.24,40315
2021-10-20,9695.85,9780.27,9560.23,9736.05,28663
2021-10-21,9736.55,9831.52,9675.75,9751.13,23019
2021-10-22,9806.4,10138.09,9801.37,10037.54,35963
2021-10-25,9932.02,9957.19,9821.47,9897.0,32461
2021-10-26,9851.77,9926.94,9751.13,9836.8,21130
2021-10-27,9792.83,9822.98,9530.54,9625.51,34647
2021-10-28,9656.66,9750.02,9540.08,9658.12,29491
2021-10-29,9655.66,9771.23,9595.36,9661.08,28776
2021-11-01,9429.54,9662.19,9329.04,9545.11,41690
2021-11-02,9513.45,9752.23,9469.74,9553.35,32500
2021-11-03,9530.04,9580.18,9335.02,9354.17,27829
2021-11-04,9419.19,9610.43,9376.38,9551.14,31130
2021-11-05,9551.19,9756.1,9551.19,9630.23,27077
2021-11-08,9630.53,9684.8,9540.34,9631.03,17706
2021-11-09,9630.43,9670.08,9439.59,9479.84,27352
2021-11-10,9479.84,9504.91,9203.42,9298.84,35349
2021-11-11,9293.52,9377.28,9236.09,9377.28,22652
2021-11-12,9419.49,9454.91,9362.51,9398.29,17607
2021-11-15,9397.78,9449.64,9278.8,9334.77,24947
2021-11-16,9369.24,9620.48,9354.17,9570.23,33526
2021-11-17,9555.16,9633.04,9479.84,9504.91,24505
2021-11-18,9435.67,9565.21,9379.29,9489.84,19521
2021-11-19,9500.84,9776.25,9470.74,9672.79,31156
2021-11-22,9776.25,10077.74,9771.23,9802.73,42573
2021-11-23,9791.32,10117.94,9791.32,10014.58,45782
2021-11-24,10032.51,10364.15,10017.44,10238.53,54512
2021-11-25,10298.83,10465.65,10264.91,10314.05,39753
2021-11-26,10358.27,10369.18,10158.13,10238.58,32656
2021-11-29,10334.0,10484.75,10289.18,10459.62,42399
2021-11-30,10461.63,10484.24,10170.7,10187.13,36925
2021-12-01,10283.75,10333.75,10128.09,10198.28,26254
2021-12-02,10233.51,10244.31,10131.0,10203.36,20422
2021-12-03,10193.31,10477.81,10188.53,10393.7,35818
2021-12-06,10449.57,10484.75,10283.75,10370.68,31064
2021-12-07,10438.22,10474.04,10267.32,10313.25,36980
2021-12-08,10358.52,10761.11,10283.75,10751.06,61048
2021-12-09,10811.06,11122.49,10761.11,10969.89,64239
2021-12-10,10836.48,11016.27,10816.38,10987.23,43148
2021-12-13,11308.81,11439.46,11127.92,11128.92,65807
2021-12-14,11128.92,11378.66,11037.47,11288.71,40449
2021-12-15,11249.27,11363.83,11163.19,11213.34,30078
2021-12-16,11112.84,11258.82,10968.28,11132.89,37211
2021-12-17,11039.99,11077.67,10715.89,10789.75,48403
2021-12-20,10789.75,10965.42,10741.01,10831.26,32258
2021-12-21,10761.11,10882.36,10599.46,10726.94,26286
2021-12-22,10735.99,10851.56,10735.99,10776.18,17431
2021-12-23,10801.31,11137.97,10660.61,11137.97,39099
2021-12-24,11283.08,11625.17,11283.08,11510.26,56130
2021-12-27,11379.16,11379.16,11097.77,11197.36,37556
2021-12-28,11203.29,11316.35,11120.88,11229.32,27651
2021-12-29,11288.71,11310.07,10741.01,10741.01,54049
2021-12-30,10741.01,10982.1,10675.69,10911.85,35261
2021-12-31,10886.73,10901.7,10675.69,10786.23,29665
2022-01-04,10811.36,10881.45,10605.34,10792.41,33843
2022-01-05,10761.11,10861.61,10625.44,10655.59,28396
2022-01-06,10645.59,10715.89,10226.02,10445.65,51795
2022-01-07,10409.37,10479.12,10230.09,10243.56,29817
2022-01-10,10173.26,10419.42,10120.7,10364.15,29627
2022-01-11,10273.7,10359.13,10189.14,10236.27,22277
2022-01-12,10273.7,10428.47,10273.7,10369.18,27474
2022-01-13,10358.22,10374.15,9859.46,9918.9,56747
2022-01-14,9918.9,9997.34,9846.6,9866.7,29322
2022-01-17,9871.72,9923.48,9707.61,9839.61,27354
2022-01-18,9839.96,10076.98,9791.32,9993.67,31216
2022-01-19,10127.99,10127.99,9976.64,10092.81,26371
2022-01-20,10112.91,10434.45,10112.91,10381.84,34014
2022-01-21,10334.0,10502.28,10288.83,10459.57,30813
2022-01-24,10308.88,10454.6,10190.49,10284.76,23986
2022-01-25,10248.58,10364.15,10188.28,10248.58,25510
2022-01-26,10243.76,10379.23,10127.99,10308.88,23905
2022-01-27,10540.07,10589.36,10293.8,10359.13,42665
2022-01-28,10308.88,10374.2,9932.07,9967.19,41020
2022-02-07,10037.49,10100.65,9781.27,9871.52,35150
2022-02-08,9876.14,9896.19,9479.79,9726.0,41713
2022-02-09,9726.45,10072.71,9665.55,10012.31,33885
2022-02-10,10032.51,10062.16,9818.41,9896.85,23032
2022-02-11,9816.45,10036.48,9736.05,9781.12,33746
2022-02-14,9731.03,9916.94,9717.51,9875.09,20196
2022-02-15,9875.74,10087.79,9826.5,9985.38,27106
2022-02-16,10032.51,10067.69,9972.22,9995.08,14587
2022-02-17,10035.58,10090.2,9937.04,9967.14,18214
2022-02-18,9920.11,10072.61,9859.96,10067.69,19385
2022-02-21,10032.51,10067.19,9876.49,9916.89,20816
2022-02-22,9831.57,9836.55,9530.14,9569.58,52299
2022-02-23,9587.37,9700.88,9530.44,9665.76,28112
2022-02-24,9570.23,9600.33,9269.25,9349.7,65359
2022-02-25,9404.42,9571.64,9404.42,9525.31,38979
2022-02-28,9465.01,9514.96,9364.22,9481.8,28923
2022-03-01,9540.08,9849.46,9540.08,9823.89,47379
2022-03-02,9731.03,9786.25,9655.66,9755.55,20074
2022-03-03,9760.17,9782.53,9499.89,9530.04,31547
2022-03-04,9389.34,9494.31,9304.42,9432.05,31047
2022-03-07,9330.05,9369.24,9046.65,9062.73,49156
2022-03-08,9328.94,9463.0,9188.35,9294.88,57215
2022-03-09,9349.65,9555.16,9133.63,9425.42,56434
2022-03-10,9570.23,9635.56,9484.81,9502.05,36462
2022-03-11,9359.19,9414.47,9118.4,9374.32,47727
2022-03-14,9178.3,9278.8,9027.56,9027.56,49007
2022-03-15,8776.32,8952.18,8540.15,8540.15,89056
2022-03-16,8695.92,8946.66,8489.9,8901.69,77593
2022-03-17,9128.05,9303.92,9086.15,9128.81,68352
2022-03-18,9118.0,9253.67,8988.76,9066.7,38349
2022-03-21,9148.15,9156.44,9002.48,9049.16,27877
2022-03-22,9147.55,9147.55,8958.87,9002.43,21054
2022-03-23,9052.68,9379.29,9012.48,9289.8,58067
2022-03-24,9218.5,9228.55,9114.74,9132.73,25815
2022-03-25,9087.85,9198.4,8952.18,8977.31,29709
2022-03-28,8650.7,8850.68,8545.18,8830.58,57542
2022-03-29,8834.1,8984.85,8834.1,8861.74,25935
2022-03-30,9017.51,9178.8,9002.43,9178.8,42433
2022-03-31,9128.05,9221.51,9071.77,9123.03,25174
2022-04-01,9178.0,9494.86,9136.54,9429.59,44862
2022-04-06,9293.87,9473.41,9293.87,9354.17,27820
2022-04-07,9318.99,9454.66,9279.3,9354.17,20196
2022-04-08,9369.24,9473.26,9361.91,9449.64,22941
2022-04-11,9379.29,9379.29,9057.86,9128.05,43864
2022-04-12,9173.28,9469.59,9067.75,9439.59,41630
2022-04-13,9364.22,9504.91,9284.22,9374.27,31148
2022-04-14,9469.74,9710.43,9430.54,9575.26,37650
2022-04-15,9541.09,9620.48,9509.38,9560.13,21041
2022-04-18,9435.22,9519.99,9369.24,9483.91,19793
2022-04-19,9530.04,9695.8,9406.93,9481.29,24205
2022-04-20,9538.53,9630.53,9372.66,9514.96,24156
2022-04-21,9480.79,9560.18,9379.29,9429.44,28953
2022-04-22,9344.12,9469.13,9329.95,9394.37,27900
2022-04-25,9278.8,9411.95,9037.61,9067.75,53658
2022-04-26,9044.29,9273.67,9027.56,9190.76,44564
2022-04-27,9364.82,9580.28,9364.82,9504.51,57402
2022-04-28,9494.86,9756.15,9462.2,9705.9,44010
2022-04-29,9710.93,9776.25,9585.21,9672.64,34885
2022-05-05,9680.78,9881.77,9675.65,9715.95,33661
2022-05-06,9605.36,9625.51,9434.56,9494.86,28596
2022-05-09,9429.54,9429.54,9218.5,9288.85,30352
2022-05-10,9128.05,9454.46,9052.73,9360.15,40119
2022-05-11,9303.92,9472.15,9288.85,9369.24,30313
2022-05-12,9293.87,9419.49,9278.8,9342.46,22038
2022-05-13,9429.54,9519.68,9359.19,9420.7,20731
2022-05-16,9514.96,9514.96,9241.96,9318.99,27765
2022-05-17,9378.69,9404.42,9303.92,9369.24,20145
2022-05-18,9397.68,9398.99,9243.72,9334.07,24850
2022-05-19,9253.67,9313.97,9223.52,9308.94,19776
2022-05-20,9328.99,9535.81,9288.85,9530.09,41950
2022-05-23,9530.04,9549.58,9389.34,9434.56,22157
2022-05-24,9459.69,9464.71,9306.43,9329.04,27342
2022-05-25,9355.52,9389.34,9263.72,9306.48,22389
2022-05-26,9334.07,9334.07,9178.3,9242.62,28053
2022-05-27,9328.99,9429.54,9293.92,9304.72,25120
2022-05-30,9359.19,9482.55,9359.19,9421.55,34466
2022-05-31,9403.26,9604.9,9364.12,9550.29,40751
2022-06-01,9540.08,9604.3,9424.51,9470.99,21760
2022-06-02,9469.59,9508.93,9429.54,9459.69,16915
2022-06-06,9479.79,9504.91,9318.99,9469.74,36741
2022-06-07,9450.34,9655.66,9380.85,9619.98,35049
2022-06-08,9655.66,9942.07,9655.66,9859.66,44354
2022-06-09,9891.82,9973.98,9776.25,9796.35,26329
2022-06-10,9756.2,10067.69,9705.9,10035.53,47345
2022-06-13,9982.27,9992.32,9771.63,9811.42,36755
2022-06-14,9700.88,9909.01,9690.83,9886.8,29416
2022-06-15,9881.77,10057.64,9846.55,9907.4,33664
2022-06-16,10005.33,10070.85,9908.55,9916.94,26887
2022-06-17,9922.42,10293.8,9922.42,10288.78,50542
2022-06-20,10283.75,10384.25,10183.26,10243.66,34975
2022-06-21,10278.73,10369.13,10173.21,10262.35,23717
2022-06-22,10308.88,10323.95,10193.31,10213.41,19647
2022-06-23,10247.07,10359.33,10233.51,10319.43,26844
2022-06-24,10384.25,10635.49,10359.13,10580.27,39635
2022-06-27,10635.19,10785.93,10536.5,10588.01,40115
2022-06-28,10634.18,10741.01,10540.02,10715.89,25246
2022-06-29,10675.69,10746.04,10590.32,10685.74,30360
2022-06-30,10643.91,11030.82,10643.86,10870.02,38982
2022-07-01,10920.27,10984.44,10720.33,10789.88,21596
2022-07-04,10744.45,10765.96,10648.98,10734.35,25076
2022-07-05,10770.93,10917.51,10694.15,10809.77,26329
2022-07-06,10804.7,10839.87,10573.56,10653.96,32752
2022-07-07,10669.03,10690.89,10568.58,10593.66,20932
2022-07-08,10669.03,10718.73,10624.61,10638.88,15644
2022-07-11,10594.66,10617.63,10395.18,10461.0,23949
2022-07-12,10468.04,10507.23,10292.47,10384.68,23447
2022-07-13,10367.54,10503.21,10345.79,10437.34,19854
2022-07-14,10442.91,10527.33,10347.44,10407.74,20527
2022-07-15,10368.1,10642.3,10365.08,10390.15,33416
2022-07-18,10404.53,10437.89,10251.97,10401.01,24221
2022-07-19,10367.54,10400.96,10272.07,10358.0,21956
2022-07-20,10436.63,10493.16,10367.54,10393.17,18705
2022-07-21,10358.0,10422.31,10314.83,10337.39,14061
2022-07-22,10388.75,10452.96,10317.29,10377.59,25114
2022-07-25,10390.2,10404.22,10297.2,10365.78,16912
2022-07-26,10407.69,10467.89,10377.69,10393.72,20685
2022-07-27,10352.47,10382.62,10226.85,10239.91,21490
2022-07-28,10247.45,10332.37,10104.54,10131.38,34870
2022-07-29,10116.81,10236.85,10031.38,10133.59,37032
2022-08-01,10091.23,10181.63,10046.86,10092.69,21037
2022-08-02,10040.93,10081.03,9930.44,10040.83,28221
2022-08-03,10091.13,10161.53,10025.86,10066.06,24598
2022-08-04,10091.18,10257.5,10041.58,10221.87,30357
2022-08-05,10281.12,10317.29,10166.05,10261.82,20086
2022-08-08,10217.55,10306.64,10179.16,10199.36,16799
2022-08-09,10199.36,10236.85,10166.55,10191.67,13875
2022-08-10,10191.57,10231.87,9963.45,10020.83,27927
2022-08-11,10071.08,10176.6,10030.93,10176.1,26061
2022-08-12,10176.1,10292.17,10141.43,10282.12,20260
2022-08-15,10244.23,10339.91,10219.56,10241.37,19323
2022-08-16,10261.72,10311.21,10221.82,10231.07,14836
2022-08-17,10292.17,10292.17,10116.3,10231.87,18361
2022-08-18,10181.63,10207.15,10046.31,10118.82,23168
2022-08-19,10131.38,10183.38,10081.13,10116.35,13544
2022-08-22,10066.11,10176.6,10047.87,10111.18,15427
2022-08-23,10134.39,10134.39,9975.61,9990.73,23756
2022-08-24,9990.63,10016.96,9895.21,9911.29,18728
2022-08-25,9935.41,10081.13,9911.29,10066.06,21925
2022-08-26,10141.43,10201.72,10071.08,10131.38,23142
2022-08-29,10056.01,10141.28,10010.78,10035.0,13570
2022-08-30,10052.74,10066.06,9911.29,9990.68,18235
2022-08-31,9940.94,10269.86,9940.49,10262.02,44692
2022-09-01,10202.48,10221.82,10045.4,10045.4,26845
2022-09-02,10090.88,10106.05,9971.44,10015.81,19391
2022-09-05,9953.7,9985.66,9739.44,9814.82,36822
2022-09-06,9816.62,9881.14,9764.57,9865.06,20830
2022-09-07,9814.97,9828.18,9694.27,9729.44,28306
2022-09-08,9739.44,9799.74,9714.32,9714.32,16591
2022-09-09,9764.57,9900.24,9719.34,9864.01,27090
2022-09-13,10040.93,10083.04,9931.54,10035.91,28693
2022-09-14,9960.58,10040.93,9955.51,9985.66,16042
2022-09-15,9990.68,10106.86,9990.48,10040.93,20810
2022-09-16,9999.73,10069.07,9915.86,9935.41,24121
2022-09-19,9915.31,10084.09,9904.66,9998.92,18584
2022-09-20,9990.58,10064.05,9933.15,10030.88,14116
2022-09-21,10024.2,10056.01,9880.14,9880.14,20995
2022-09-22,9839.94,9845.06,9723.62,9743.51,22704
2022-09-23,9743.51,9915.31,9743.51,9811.95,28288
2022-09-26,9739.44,10081.13,9739.34,9955.51,35135
2022-09-27,9984.95,10126.35,9895.76,10081.13,28820
2022-09-28,10043.44,10138.41,10010.83,10056.01,21446
2022-09-29,10131.28,10152.38,9996.36,10042.69,21590
2022-09-30,10134.49,10151.43,9970.58,10003.25,21289
2022-10-10,10091.18,10096.2,9539.46,9568.6,48584
2022-10-11,9583.68,9669.1,9437.96,9538.4,32047
2022-10-12,9506.59,9533.43,9176.67,9437.96,48195
2022-10-13,9239.28,9312.34,9121.39,9136.42,63969
2022-10-14,9186.72,9412.83,9146.22,9325.45,46520
2022-10-17,9267.11,9277.11,9125.41,9229.43,33550
2022-10-18,9262.09,9287.21,9141.49,9165.76,28083
2022-10-19,9146.42,9146.42,8875.18,8875.18,60121
2022-10-20,8739.51,8977.84,8689.26,8852.57,42778
2022-10-21,8834.98,8874.17,8684.24,8754.58,38907
2022-10-24,8483.25,8578.72,8071.26,8137.94,132098
2022-10-25,8028.1,8206.88,7990.82,8029.76,81362
2022-10-26,8075.23,8206.83,7930.52,7951.02,81781
2022-10-27,8031.01,8071.11,7547.88,7634.06,107106
2022-10-28,7582.65,7659.18,7421.56,7428.04,93143
2022-10-31,7377.79,7538.64,7292.37,7377.79,71847
2022-11-01,7423.01,7977.75,7423.01,7940.62,118766
2022-11-02,7930.52,8161.66,7809.92,7990.62,79777
2022-11-03,7847.96,7943.08,7770.23,7827.51,45160
2022-11-04,7819.77,8271.05,7819.77,8214.77,80008
2022-11-07,8101.61,8224.37,8064.13,8167.24,42698
2022-11-08,8171.71,8221.91,7975.54,8055.54,39325
2022-11-09,8050.86,8075.63,7880.27,7930.02,36090
2022-11-10,7850.12,8056.14,7805.65,8005.89,37720
2022-11-11,8272.2,8354.86,8106.29,8272.96,73947
2022-11-14,8350.09,8450.74,8272.2,8297.33,57370
2022-11-15,8292.3,8628.81,8237.03,8573.69,56318
2022-11-16,8538.52,8623.94,8473.2,8559.87,26848
2022-11-17,8586.25,8615.4,8397.22,8468.17,30580
2022-11-18,8513.39,8553.59,8412.9,8468.82,23609
2022-11-21,8339.29,8339.29,8124.12,8231.91,39096
2022-11-22,8219.14,8431.69,8212.46,8332.25,29901
2022-11-23,8272.2,8417.92,8237.23,8377.73,22177
2022-11-24,8427.97,8477.62,8201.76,8231.96,27687
2022-11-25,8234.57,8292.3,8181.76,8242.11,18621
2022-11-28,8055.03,8206.88,7885.3,8181.16,47723
2022-11-29,8481.03,8633.99,8387.77,8628.96,73420
2022-11-30,8569.27,8654.09,8558.62,8628.96,31497
2022-12-01,8935.48,9035.97,8788.7,8788.75,51358
2022-12-02,8809.86,8900.25,8740.51,8804.23,23884
2022-12-05,8975.68,9030.95,8880.2,8960.1,36127
2022-12-06,8910.35,9271.64,8895.28,9076.17,44147
2022-12-07,9024.97,9236.96,8985.88,9056.07,35526
2022-12-08,9046.02,9111.34,8960.6,9071.25,19730
2022-12-09,9096.27,9287.21,9046.02,9287.21,39215
2022-12-12,9216.16,9468.1,9211.84,9332.54,34755
2022-12-13,9322.39,9441.42,9287.21,9387.71,21385
2022-12-14,9352.53,9542.47,9352.53,9492.58,29098
2022-12-15,9664.07,9719.34,9538.45,9573.58,30634
2022-12-16,9504.53,9593.72,9352.53,9572.97,33303
2022-12-19,9632.92,9632.92,9438.81,9503.28,24987
2022-12-20,9464.74,9464.74,9048.28,9211.84,46198
2022-12-21,9257.06,9332.44,9225.16,9332.44,22816
2022-12-22,9421.37,9553.53,9362.58,9478.15,23175
2022-12-23,9399.77,9548.5,9362.58,9493.23,17319
2022-12-26,9493.23,9493.23,9312.44,9347.81,21384
2022-12-27,9437.5,9483.48,9374.69,9412.38,17905
2022-12-28,9477.1,9482.73,9286.81,9412.38,21438
2022-12-29,9331.98,9382.18,9251.84,9342.03,22418
2022-12-30,9427.45,9512.83,9382.23,9382.23,25333
2023-01-03,9403.34,9439.66,9276.76,9397.36,26034
2023-01-04,9397.31,9441.02,9326.96,9372.23,20416
2023-01-05,9432.48,9754.07,9412.38,9754.07,47943
2023-01-06,9779.79,9808.84,9683.72,9767.98,24904
2023-01-09,9924.91,10000.18,9788.33,9956.06,30977
2023-01-10,9945.31,10073.14,9902.3,10022.64,22732
2023-01-11,10030.43,10050.53,9934.15,9974.91,22720
2023-01-12,9990.23,10030.43,9914.86,9919.88,17193
2023-01-13,9971.04,10191.22,9950.03,10186.2,31940
2023-01-16,10181.17,10427.39,10156.05,10316.34,36848
2023-01-17,10317.65,10367.09,10226.4,10291.72,21299
2023-01-18,10321.87,10378.65,10201.27,10216.35,21063
2023-01-19,10213.83,10213.93,10080.68,10152.08,23439
2023-01-20,10197.2,10242.73,10040.48,10050.58,25609
2023-01-30,10296.74,10296.74,10151.02,10191.22,35923
2023-01-31,10233.93,10251.27,9915.21,9978.98,32991
2023-02-01,10025.3,10045.5,9806.32,9975.01,33974
2023-02-02,9992.14,10045.5,9879.69,9930.49,29759
2023-02-03,9849.54,9879.69,9727.33,9839.49,34945
2023-02-06,9648.55,9723.92,9548.05,9723.92,42661
2023-02-07,9789.64,9793.26,9687.39,9733.97,24322
2023-02-08,9749.09,9779.04,9623.42,9668.64,16676
2023-02-09,9638.5,9898.53,9623.47,9839.49,29754
2023-02-10,9799.79,9841.95,9754.32,9799.29,17985
2023-02-13,9799.29,10123.39,9799.29,10032.19,38147
2023-02-14,10032.74,10037.46,9924.91,9969.08,19566
2023-02-15,9969.03,10026.91,9928.98,9955.06,18177
2023-02-16,9956.77,10186.2,9889.74,10059.67,33246
2023-02-17,10001.08,10115.85,9849.79,9853.46,26443
2023-02-20,9854.56,10144.99,9835.47,10125.9,29669
2023-02-21,10120.88,10120.88,10005.31,10085.7,18751
2023-02-22,10025.45,10070.13,9908.83,9929.93,21869
2023-02-23,9950.03,9994.25,9775.42,9839.49,21881
2023-02-24,9799.84,9800.24,9659.5,9688.74,24635
2023-02-27,9641.01,9824.41,9623.52,9801.35,22065
2023-02-28,9844.51,9859.64,9665.13,9818.08,23952
2023-03-01,9814.36,9990.23,9765.27,9942.65,24458
2023-03-02,9894.76,9944.96,9855.06,9889.74,13144
2023-03-03,9948.88,9958.12,9761.5,9839.69,16198
2023-03-06,9840.39,9842.0,9732.81,9784.92,20646
2023-03-07,9779.09,9832.45,9688.74,9690.25,22785
2023-03-08,9648.65,9678.39,9553.68,9600.41,22764
2023-03-09,9588.25,9673.67,9447.55,9598.4,27612
2023-03-10,9505.69,9653.57,9497.8,9497.8,21161
2023-03-13,9502.83,9623.42,9492.78,9558.1,20560
2023-03-14,9567.04,9647.94,9440.02,9578.2,23705
2023-03-15,9640.35,9673.07,9498.4,9502.42,19213
2023-03-16,9447.55,9598.3,9442.58,9507.8,17646
2023-03-17,9598.3,9627.89,9427.45,9457.6,27023
2023-03-20,9502.83,9522.93,9387.26,9395.3,20491
2023-03-21,9422.43,9677.94,9367.01,9623.42,31142
2023-03-22,9648.55,9713.87,9575.94,9615.13,15330
2023-03-23,9578.2,9704.37,9573.22,9622.72,17356
2023-03-24,9593.67,9666.63,9578.2,9641.61,12770
2023-03-27,9641.51,9641.51,9527.95,9587.19,15296
2023-03-28,9598.3,9698.79,9573.27,9657.59,17261
2023-03-29,9744.02,9749.04,9674.02,9698.79,15393
2023-03-30,9713.87,9774.16,9643.52,9749.04,19257
2023-03-31,9874.66,9990.23,9844.51,9849.54,27446
2023-04-03,9874.66,9888.58,9749.44,9759.44,21417
2023-04-04,9809.34,9825.27,9683.72,9822.35,20066
2023-04-06,9774.16,9828.94,9689.85,9733.77,14874
2023-04-07,9723.92,9779.24,9690.45,9703.77,13525
2023-04-10,9703.21,9703.21,9467.65,9606.84,29418
2023-04-11,9713.87,9713.87,9467.65,9475.19,29209
2023-04-12,9484.03,9497.8,9210.48,9216.92,51105
2023-04-13,9196.31,9365.1,9166.22,9362.13,29543
2023-04-14,9377.21,9412.38,9270.68,9313.99,21232
2023-04-17,9447.55,9512.88,9387.26,9512.88,30467
2023-04-18,9512.88,9593.27,9477.8,9538.0,18314
2023-04-19,9558.1,9575.69,9497.8,9543.02,14601
2023-04-20,9548.6,9573.17,9392.28,9457.0,19885
2023-04-21,9477.7,9488.15,9353.49,9374.54,18518
2023-04-24,9352.08,9357.11,9251.59,9271.69,20231
2023-04-25,9276.71,9427.35,9256.61,9399.21,20583
2023-04-26,9467.65,9553.07,9347.06,9467.2,27892
2023-04-27,9487.75,9598.3,9397.31,9537.6,25605
2023-04-28,9563.17,9662.46,9517.75,9550.66,26225
2023-05-04,9593.27,9636.84,9427.45,9497.3,27466
2023-05-05,9578.2,9578.2,9429.41,9497.8,20714
2023-05-08,9589.86,9593.27,9332.84,9349.67,33171
2023-05-09,9321.93,9447.45,9282.09,9357.11,29378
2023-05-10,9322.89,9427.45,9321.93,9372.18,20773
2023-05-11,9402.33,9422.43,9321.93,9332.33,15246
2023-05-12,9321.93,9396.7,9271.74,9278.72,19460
2023-05-15,9256.61,9331.98,9202.34,9328.47,25740
2023-05-16,9316.86,9347.01,9231.49,9263.09,22224
2023-05-17,9286.76,9311.88,9241.59,9251.59,16777
2023-05-18,9271.64,9273.7,9196.31,9201.34,19219
2023-05-19,9100.84,9268.32,9023.21,9244.05,26741
2023-05-22,9196.36,9507.85,9196.31,9477.7,41284
2023-05-23,9517.85,9517.9,9369.92,9369.92,16894
2023-05-24,9409.01,9415.14,9297.36,9301.33,18479
2023-05-25,9276.66,9296.81,9196.31,9251.59,22466
2023-05-26,9256.61,9271.69,9120.99,9199.13,18291
2023-05-29,9231.49,9238.27,9136.02,9191.29,17771
2023-05-30,9191.29,9240.98,9038.33,9087.23,26453
2023-05-31,9050.65,9074.31,8878.09,8889.3,36957
2023-06-01,8834.53,9120.89,8834.53,8924.57,28645
2023-06-02,8970.2,9111.65,8925.53,9098.83,25058
2023-06-05,9076.52,9160.54,9060.64,9070.69,16201
2023-06-06,9095.82,9166.17,9003.11,9080.69,19914
2023-06-07,9110.84,9140.04,8995.32,8999.84,17890
2023-06-08,9024.62,9120.94,8995.37,9085.77,14703
2023-06-09,9105.82,9135.87,9075.72,9075.72,17580
2023-06-12,9075.82,9286.76,9053.21,9226.46,27029
2023-06-13,9215.81,9269.73,9171.19,9241.54,14663
2023-06-14,9342.03,9418.61,9277.77,9381.63,31506
2023-06-15,9399.01,9526.19,9362.13,9522.93,25223
2023-06-16,9532.97,9749.04,9498.3,9737.43,37918
2023-06-19,9698.79,9738.74,9437.5,9467.65,31700
2023-06-20,9447.55,9573.17,9422.43,9464.94,20947
2023-06-21,9447.55,9530.96,9422.43,9426.6,17721
2023-06-26,9347.61,9397.31,9221.44,9291.78,23993
2023-06-27,9296.76,9345.55,9247.01,9302.09,15174
2023-06-28,9312.79,9417.4,9301.83,9389.17,18574
2023-06-29,9402.33,9422.38,9311.93,9315.45,14231
2023-06-30,9376.76,9421.93,9308.82,9331.54,20459
2023-07-03,9371.73,9503.79,9336.56,9497.86,19139
2023-07-04,9498.36,9549.81,9467.61,9530.52,12472
2023-07-05,9527.5,9537.4,9376.76,9454.04,14745
2023-07-06,9422.79,9542.58,9376.76,9391.73,15141
2023-07-07,9381.78,9421.93,9326.51,9326.66,15167
2023-07-10,9401.88,9451.93,9376.76,9381.28,13477
2023-07-11,9427.01,9452.99,9387.31,9427.01,12583
2023-07-12,9442.28,9492.33,9433.69,9446.1,13285
2023-07-13,9487.25,9604.93,9472.28,9569.71,25807
2023-07-14,9658.15,9670.71,9583.78,9643.07,18550
2023-07-17,9633.02,9633.02,9510.42,9527.35,14336
2023-07-18,9545.49,9550.16,9482.28,9491.32,14738
2023-07-19,9452.18,9517.45,9446.1,9492.33,12483
2023-07-20,9517.4,9622.87,9487.3,9497.35,16693
2023-07-21,9536.95,9741.06,9507.4,9735.03,39377
2023-07-24,9630.61,9734.27,9630.61,9734.27,19713
2023-07-25,9879.24,10024.35,9879.19,10022.7,43086
2023-07-26,10022.7,10060.08,9955.01,10022.7,19611
2023-07-27,10060.13,10154.55,10023.45,10070.33,20340
2023-07-28,10040.03,10381.72,10019.98,10366.64,39018
2023-07-31,10421.92,10557.59,10251.07,10284.14,45379
2023-08-01,10271.22,10416.64,10270.62,10326.44,19231
2023-08-02,10298.31,10331.47,10214.89,10281.22,18509
2023-08-03,10230.97,10331.47,10132.99,10273.53,21543
2023-08-04,10320.52,10414.48,10291.27,10348.91,24574
2023-08-07,10286.0,10371.67,10236.15,10321.07,23892
2023-08-08,10281.37,10350.11,10201.23,10331.47,17736
2023-08-09,10331.47,10406.84,10296.1,10332.88,18523
2023-08-10,10291.27,10326.44,10192.28,10256.1,18436
2023-08-11,10306.35,10308.36,10049.48,10050.08,26786
2023-08-14,9929.49,10004.76,9859.14,9894.31,23731
2023-08-15,9924.46,9969.68,9884.31,9944.46,14818
2023-08-16,9917.33,9996.57,9909.39,9979.73,13184
2023-08-17,9909.79,10050.08,9887.03,10020.18,17290
2023-08-18,10039.98,10055.06,9892.25,9892.25,17023
2023-08-21,9844.06,9949.54,9829.34,9834.02,18912
2023-08-22,9884.21,9892.1,9733.62,9818.94,26650
2023-08-23,9864.16,9879.24,9728.9,9748.59,19912
2023-08-24,9776.83,10019.93,9753.62,9961.14,26055
2023-08-25,9923.41,10069.02,9909.44,10004.76,18831
2023-08-28,10374.58,10374.58,10039.43,10054.96,41052
2023-08-29,10019.93,10226.35,10019.93,10137.16,28950
2023-08-30,10220.42,10220.92,10098.62,10160.63,19812
2023-08-31,10180.73,10180.73,10085.31,10115.4,14820
2023-09-01,10144.7,10208.21,10110.53,10135.75,13145
2023-09-04,10193.79,10280.92,10148.22,10210.87,23871
2023-09-05,10220.92,10220.92,10164.65,10174.19,15659
2023-09-06,10170.68,10214.19,10125.5,10185.75,11121
2023-09-07,10143.54,10165.1,10035.96,10070.18,16982
2023-09-08,10054.8,10054.8,9954.36,9972.2,12212
2023-09-11,9919.44,10080.23,9919.44,9990.64,15926
2023-09-12,10012.9,10014.81,9959.74,9979.53,12168
2023-09-13,10029.58,10029.58,9879.49,9979.28,19501
2023-09-14,9992.45,10014.81,9909.39,9973.15,17505
2023-09-15,9974.71,9978.63,9785.27,9788.74,28431
2023-09-18,9760.2,10027.47,9743.57,10025.96,32559
2023-09-19,9990.79,10024.96,9919.44,10014.61,14990
2023-09-20,9989.78,10029.98,9969.94,9999.83,12502
2023-09-21,9969.73,9989.78,9871.15,9871.15,19489
2023-09-22,9907.53,10130.28,9841.1,10125.45,34390
2023-09-25,10117.92,10120.43,10012.85,10041.94,13979
2023-09-26,10019.93,10054.5,9945.06,9959.63,15762
2023-09-27,9954.61,10047.57,9893.31,9949.59,20880
2023-09-28,10004.76,10004.76,9868.18,9871.95,20538
2023-10-09,9863.86,9863.86,9702.87,9763.67,29763
2023-10-10,9793.26,9874.11,9718.44,9728.49,20284
2023-10-11,9802.11,9802.11,9718.44,9771.21,21945
2023-10-12,9868.69,9870.34,9764.67,9808.89,14865
2023-10-13,9732.92,9768.74,9568.66,9633.02,25028
2023-10-16,9632.92,9658.15,9489.57,9527.0,20790
2023-10-17,9572.73,9574.94,9457.16,9507.4,14945
2023-10-18,9471.23,9587.8,9463.09,9517.45,20318
2023-10-19,9376.76,9376.91,9005.08,9025.02,73492
2023-10-20,9025.02,9150.64,8955.93,9100.4,45376
2023-10-23,9024.87,9175.77,8982.82,9095.27,25234
2023-10-24,9115.47,9142.4,8980.86,9090.09,29861
2023-10-25,9226.57,9366.71,9211.04,9263.7,36179
2023-10-26,9210.94,9316.46,9185.87,9237.22,22386
2023-10-27,9195.87,9335.96,9178.78,9259.73,34262
2023-10-30,9220.99,9320.88,9220.99,9281.29,24086
2023-10-31,9276.26,9326.51,9215.21,9299.28,19859
2023-11-01,10130.48,10130.48,9747.54,9783.72,93143
2023-11-02,9854.11,9854.11,9758.94,9776.23,27908
2023-11-03,9778.74,9954.06,9748.59,9935.72,30176
2023-11-06,9979.73,9998.78,9884.87,9939.54,25524
2023-11-07,9904.36,9929.49,9799.24,9834.87,19582
2023-11-08,9799.09,9898.33,9793.16,9870.9,14546
2023-11-09,9829.54,9874.21,9793.82,9849.64,12800
2023-11-10,9781.51,9818.94,9744.07,9757.84,16466
2023-11-13,9739.95,9803.26,9663.07,9698.35,18370
2023-11-14,9698.35,9753.57,9678.3,9704.73,12817
2023-11-15,9773.72,9793.26,9713.42,9743.22,18435
2023-11-16,9748.59,9758.64,9678.5,9678.5,12558
2023-11-17,9638.05,9673.22,9567.2,9645.18,21714
2023-11-20,9653.12,9725.98,9560.97,9690.81,18608
2023-11-21,9795.93,9869.19,9729.0,9828.99,30098
2023-11-22,9795.32,9850.85,9781.46,9786.33,12665
2023-11-23,9770.2,9818.94,9733.52,9808.89,11550
2023-11-24,9823.97,9823.97,9753.62,9763.67,13085
2023-11-27,9745.08,9745.08,9653.12,9693.32,16261
2023-11-28,9683.27,9747.99,9668.2,9723.67,14520
2023-11-29,9718.44,9758.64,9668.2,9752.16,17149
2023-11-30,9762.26,9852.91,9733.92,9836.53,21353
2023-12-01,9825.52,9827.48,9617.95,9679.65,33051
2023-12-04,9679.65,9687.44,9604.28,9631.57,18440
2023-12-05,9621.87,9622.37,9417.06,9421.98,29903
2023-12-06,9389.97,9474.59,9382.44,9391.83,23851
2023-12-07,9396.86,9422.38,9312.94,9376.76,25042
2023-12-08,9376.76,9421.18,9337.67,9401.48,26288
2023-12-11,9326.51,9396.86,9160.69,9366.71,36831
2023-12-12,9314.45,9426.96,9296.36,9426.96,21011
2023-12-13,9402.99,9405.5,9161.1,9175.77,38789
2023-12-14,9205.72,9225.36,9050.25,9054.67,40672
2023-12-15,9116.63,9265.06,9095.42,9100.4,37093
2023-12-18,9075.27,9192.5,9050.15,9185.82,19897
2023-12-19,9200.89,9275.61,9100.85,9251.14,22207
2023-12-20,9261.72,9271.77,9186.35,9220.47,23092
2023-12-21,9171.33,9333.68,9171.33,9322.02,29012
2023-12-22,9320.51,9367.74,9261.77,9325.29,21667
2023-12-25,9327.04,9365.23,9311.97,9332.07,12471
2023-12-26,9334.58,9346.64,9259.21,9322.02,14771
2023-12-27,9311.97,9357.95,9276.8,9307.25,16056
2023-12-28,9326.99,9613.41,9307.25,9598.33,38338
2023-12-29,9573.26,9721.89,9573.26,9603.41,27539
2024-01-02,9548.13,9564.16,9362.72,9397.44,32156
2024-01-03,9377.84,9448.74,9353.83,9442.61,20229
2024-01-04,9437.59,9437.59,9286.49,9316.99,21551
2024-01-05,9278.45,9365.53,9232.13,9288.65,20243
2024-01-08,9276.8,9281.82,9171.33,9191.32,25586
2024-01-09,9176.35,9233.18,9146.5,9176.3,24412
2024-01-10,9176.8,9269.06,9161.23,9178.81,17351
2024-01-11,9171.78,9261.42,9161.53,9204.29,16441
2024-01-12,9171.12,9227.85,9168.26,9186.65,11603
2024-01-15,9146.15,9246.5,9143.39,9171.28,17854
2024-01-16,9163.74,9206.45,9095.6,9168.41,25903
2024-01-17,9121.03,9148.56,8854.71,8854.71,51633
2024-01-18,8839.64,9034.6,8746.93,9024.9,60440
2024-01-19,9014.85,9161.28,8974.71,9146.15,46378
2024-01-22,9116.0,9186.35,9065.15,9181.32,46946
2024-01-23,9131.13,9171.02,9015.51,9065.75,34835
2024-01-24,9116.0,9140.32,8988.17,9100.93,33216
2024-01-25,9105.05,9176.3,9080.83,9161.23,31206
2024-01-26,9122.84,9191.88,9085.85,9157.81,26955
2024-01-29,9172.78,9274.69,9172.73,9221.52,31421
2024-01-30,9221.42,9221.42,9020.53,9035.61,30866
2024-01-31,9035.61,9070.63,8960.89,8994.96,29649
2024-02-01,8997.92,9090.33,8975.31,9020.68,26485
2024-02-02,9045.66,9109.87,8874.81,8950.18,39382
2024-02-05,8950.18,9158.41,8946.42,9121.08,53130
2024-02-06,9121.08,9399.8,9101.43,9352.17,52472
2024-02-07,9377.44,9546.07,9279.86,9527.99,52601
2024-02-08,9573.31,9598.38,9397.39,9502.91,46757
2024-02-19,9663.05,9663.35,9412.47,9449.8,36977
2024-02-20,9459.5,9459.5,9254.49,9322.02,34470
2024-02-21,9302.02,9628.53,9281.82,9561.5,46154
2024-02-22,9510.45,9588.38,9475.43,9565.12,22794
2024-02-23,9528.59,9595.27,9472.86,9543.56,27306
2024-02-26,9512.96,9516.68,9397.49,9447.54,27318
2024-02-27,9387.34,9437.19,9362.22,9420.0,22080
2024-02-28,9417.09,9455.53,9342.17,9380.06,31867
2024-02-29,9380.06,9455.18,9368.25,9447.64,24758
2024-03-01,9422.51,9447.49,9355.58,9397.69,26868
2024-03-04,9367.24,9377.24,9322.27,9353.68,26485
2024-03-05,9326.09,9457.69,9305.34,9448.14,36238
2024-03-06,9427.54,9447.64,9362.32,9375.03,22142
2024-03-07,9372.27,9421.51,9362.22,9390.51,21599
2024-03-08,9375.08,9405.83,9322.27,9329.2,22156
2024-03-11,9347.14,9467.14,9338.0,9445.08,29895
2024-03-12,9442.31,9719.48,9425.03,9698.88,54227
2024-03-13,9673.6,9713.95,9573.76,9610.69,26500
2024-03-14,9568.23,9647.83,9530.55,9556.33,19405
2024-03-15,9535.57,9635.57,9533.06,9560.65,17834
2024-03-18,9548.13,9572.5,9467.74,9514.27,26055
2024-03-19,9487.84,9572.96,9438.14,9513.06,23948
2024-03-20,9489.65,9541.5,9473.92,9521.0,15249
2024-03-21,9513.46,9568.23,9495.37,9517.99,16596
2024-03-22,9498.04,9517.94,9412.47,9479.55,25456
2024-03-25,9465.43,9466.58,9375.18,9417.54,24473
2024-03-26,9409.75,9537.08,9409.75,9519.44,28069
2024-03-27,9497.89,9533.06,9467.74,9477.79,18113
2024-03-28,9447.64,9563.21,9438.59,9481.0,24642
2024-03-29,9481.0,9527.99,9463.22,9487.33,13457
2024-04-01,9522.96,9643.61,9516.48,9579.94,27131
2024-04-02,9583.31,9598.33,9498.14,9543.06,25449
2024-04-03,9643.61,9670.94,9523.11,9548.69,29046
2024-04-08,9447.64,9452.66,9284.84,9305.24,59167
2024-04-09,9275.14,9337.09,9263.98,9282.93,25590
2024-04-10,9283.18,9296.84,9196.4,9211.37,27631
2024-04-11,9171.83,9221.52,9144.59,9211.47,22766
2024-04-12,9226.55,9291.87,9141.28,9141.28,26744
2024-04-15,9146.2,9350.21,9146.05,9336.99,35818
2024-04-16,9299.36,9370.06,9266.75,9322.02,26266
2024-04-17,9311.97,9348.15,9261.72,9306.94,24819
2024-04-18,9266.8,9387.24,9262.63,9325.94,26568
2024-04-19,9275.69,9314.48,9177.71,9204.64,23500
2024-04-22,9241.62,9366.64,9196.4,9347.44,29951
2024-04-23,9347.14,9447.64,9347.14,9433.97,24980
2024-04-24,9457.59,9472.31,9389.0,9440.6,17086
2024-04-25,9424.17,9450.65,9383.57,9437.79,14476
2024-04-26,9442.61,9543.11,9442.51,9520.15,30996
2024-04-29,9457.44,9613.46,9441.71,9492.86,41332
2024-04-30,9497.94,9622.9,9497.89,9497.89,30760
2024-05-06,9643.45,9799.37,9608.43,9775.26,59909
2024-05-07,9803.34,9863.69,9757.57,9824.5,24925
2024-05-08,9822.94,9824.35,9752.49,9794.2,14769
2024-05-09,9764.2,9799.27,9724.0,9754.15,22387
2024-05-10,9779.78,9813.85,9643.56,9668.63,26207
2024-05-13,9633.66,9636.87,9478.89,9502.91,37662
2024-05-14,9502.86,9539.44,9472.81,9482.71,21274
2024-05-15,9485.73,9512.96,9465.68,9472.76,15739
2024-05-16,9497.89,9522.41,9422.51,9495.37,29680
2024-05-17,9472.81,9556.07,9472.76,9548.13,28924
2024-05-20,9563.16,9638.53,9513.51,9517.99,31426
2024-05-21,9512.96,9521.65,9463.52,9497.89,16293
2024-05-22,9487.84,9522.81,9427.54,9461.26,20286
2024-05-23,9472.76,9504.82,9422.92,9432.61,18885
2024-05-24,9437.59,9447.64,9357.19,9357.59,20217
2024-05-27,9362.22,9409.7,9312.02,9322.62,25098
2024-05-28,9324.03,9348.0,9286.85,9295.09,23521
2024-05-29,9301.92,9372.27,9296.9,9342.12,19651
2024-05-30,9347.14,9349.05,9216.5,9216.5,32208
2024-05-31,9224.04,9289.36,9213.73,9213.73,21857
2024-06-03,9221.52,9226.15,9146.7,9168.21,30261
2024-06-04,9173.79,9251.67,9153.94,9237.6,20841
2024-06-05,9231.57,9265.14,9186.5,9191.37,19056
2024-06-06,9189.67,9231.52,9150.72,9170.32,25610
2024-06-07,9202.08,9202.33,9065.8,9066.66,33525
2024-06-11,8985.31,8995.41,8804.47,8814.52,70247
2024-06-12,8819.54,8920.04,8819.54,8827.98,33171
2024-06-13,8853.56,8854.16,8734.87,8744.22,36186
2024-06-14,8744.17,8789.19,8570.61,8744.17,59514
2024-06-17,8630.05,8712.86,8523.13,8676.33,48318
2024-06-18,8623.02,8741.86,8551.62,8575.84,41258
2024-06-19,8612.85,8643.05,8533.01,8627.97,41262
2024-06-20,8622.95,8703.4,8612.9,8623.45,24711
2024-06-21,8625.46,8647.97,8473.31,8477.23,43320
2024-06-24,8236.04,8567.63,8190.87,8505.12,63840
2024-06-25,8507.38,8637.97,8507.38,8555.87,42098
2024-06-26,8522.45,8628.33,8511.4,8568.78,29570
2024-06-27,8582.75,8592.65,8462.16,8575.16,32822
2024-06-28,8522.45,8595.26,8442.06,8459.09,38582
2024-07-01,8466.58,8487.23,8261.16,8323.37,32161
2024-07-02,8286.29,8612.9,8286.29,8576.22,51853
2024-07-03,8617.93,8688.32,8562.75,8622.95,31573
2024-07-04,8648.07,8683.25,8528.13,8551.3,24380
2024-07-05,8517.43,8588.68,8371.71,8386.78,38829
2024-07-08,8336.54,8410.75,8216.65,8220.97,39527
2024-07-09,8220.97,8396.28,8171.22,8311.56,33621
2024-07-10,8317.69,8451.5,8296.34,8309.35,23763
2024-07-11,8371.56,8467.18,8322.52,8432.46,29020
2024-07-12,8487.33,8554.61,8449.34,8516.52,23386
2024-07-15,8472.21,8562.65,8472.21,8496.83,19176
2024-07-16,8502.35,8532.5,8447.33,8502.35,20316
2024-07-17,8502.86,8638.02,8472.31,8629.98,34311
2024-07-18,8620.44,8698.32,8585.41,8610.44,28870
2024-07-19,8576.77,8769.57,8542.6,8751.69,38943
2024-07-22,8748.72,8773.59,8580.99,8617.93,28543
2024-07-23,8617.93,8627.97,8396.83,8396.83,30944
2024-07-24,8372.72,8440.55,8296.34,8321.56,24123
2024-07-25,8321.56,8361.66,8221.02,8273.68,28347
2024-07-26,8273.68,8310.01,8175.24,8231.97,32354
2024-07-29,8195.84,8230.97,8110.42,8110.52,30869
2024-07-30,8050.02,8071.58,7926.01,8019.92,51779
2024-07-31,7985.3,8257.5,7985.3,8227.4,43272
2024-08-01,8210.92,8220.97,8043.59,8050.93,32038
2024-08-02,7987.82,8105.25,7987.82,8047.36,21928
2024-08-05,8064.6,8251.12,8047.71,8170.77,37736
2024-08-06,8231.02,8241.07,8090.37,8144.09,27444
2024-08-07,8148.11,8230.97,8111.93,8198.36,20622
2024-08-08,8175.74,8362.57,8165.69,8274.68,25131
2024-08-09,8422.11,8467.18,8305.38,8305.38,30138
2024-08-12,8271.21,8336.54,8254.03,8301.87,13632
2024-08-13,8286.29,8296.34,8180.82,8236.09,16308
2024-08-14,8236.09,8245.59,8180.87,8187.3,13414
2024-08-15,8145.75,8301.31,8140.32,8255.59,23039
2024-08-16,8255.08,8300.96,8205.94,8277.24,16455
2024-08-19,8281.26,8416.33,8246.09,8248.3,20433
2024-08-20,8270.71,8270.86,8190.82,8234.63,18591
2024-08-21,8220.97,8261.06,8199.31,8208.81,15092
2024-08-22,8200.87,8220.97,8120.52,8170.97,19527
2024-08-23,8160.67,8238.55,8151.22,8195.79,15320
2024-08-26,8205.89,8240.36,8136.3,8180.77,15628
2024-08-27,8180.77,8185.79,8126.05,8140.92,13657
2024-08-28,8140.92,8150.62,7994.85,8065.2,31664
2024-08-29,8019.97,8210.92,8019.97,8187.3,27472
2024-08-30,8185.79,8412.26,8145.59,8337.49,38739
2024-09-02,8271.21,8311.41,8095.35,8095.35,34135
2024-09-03,8110.42,8195.74,8085.4,8170.72,17888
2024-09-04,8130.52,8216.9,8119.16,8120.47,14211
2024-09-05,8122.98,8155.64,8105.4,8144.99,14503
2024-09-06,8145.59,8150.62,8110.42,8110.42,10321
2024-09-09,8020.03,8088.86,7970.13,7994.85,28638
2024-09-10,7969.83,8085.3,7969.83,8009.93,19803
2024-09-11,7997.87,8049.52,7944.6,8019.97,20996
2024-09-12,8019.97,8045.1,7793.41,7794.16,47948
2024-09-13,7773.76,7778.78,7604.42,7638.74,56005
2024-09-18,7617.99,7618.04,7450.47,7451.67,46185
2024-09-19,7427.05,7582.22,7345.8,7422.02,59988
2024-09-20,7424.54,7486.84,7366.9,7436.7,39982
2024-09-23,7457.2,7585.33,7420.32,7424.74,45550
2024-09-24,7543.07,7984.8,7442.58,7982.79,100413
2024-09-25,8120.72,8256.14,8103.94,8115.45,73954
2024-09-26,8120.27,8773.04,8100.37,8768.67,97278
2024-09-27,9125.43,9272.15,8951.37,9272.15,87922
2024-09-30,9587.71,9928.79,9386.72,9869.1,157293
2024-10-08,10683.11,10683.11,9528.32,9743.48,194709
2024-10-09,9627.91,9627.91,9075.18,9101.06,120197
2024-10-10,9237.28,9467.52,9080.21,9326.42,74603
2024-10-11,9202.81,9326.22,9075.18,9150.5,41915
2024-10-14,9190.75,9229.09,9030.81,9135.43,44812
2024-10-15,9120.4,9130.4,8889.31,8895.54,43571
2024-10-16,8828.36,8873.18,8673.2,8736.01,46664
2024-10-17,8808.87,8812.18,8589.84,8595.82,39460
2024-10-18,8587.78,8963.83,8517.23,8828.97,68619
2024-10-21,8830.02,8874.04,8729.53,8767.66,42008
2024-10-22,8756.41,8925.34,8744.55,8839.02,36269
2024-10-23,8844.59,9009.61,8783.74,8962.12,40088
2024-10-24,8929.46,8999.81,8849.12,8885.24,23923
2024-10-25,8859.12,8998.75,8854.14,8918.66,27745
2024-10-28,8924.44,8949.56,8734.65,8949.56,39121
2024-10-29,8924.44,9024.93,8773.69,8781.83,41166
2024-10-30,8748.57,8880.17,8740.58,8783.74,32006
2024-10-31,8784.5,8823.94,8723.45,8762.59,29957
2024-11-01,8728.47,8849.72,8727.47,8792.54,32284
2024-11-04,8848.71,8874.19,8763.95,8865.14,29093
2024-11-05,8823.94,9013.38,8803.89,9009.81,45640
2024-11-06,8999.81,9070.11,8930.57,8979.71,37631
2024-11-07,8936.8,9394.26,8935.99,9372.35,74739
2024-11-08,9431.39,9462.64,9130.5,9175.53,60771
2024-11-11,9075.18,9175.43,8960.57,9115.43,43854
2024-11-12,9070.16,9241.0,8994.53,9010.86,49223
2024-11-13,8964.64,9058.4,8930.87,9017.4,29125
2024-11-14,8974.69,9097.54,8952.83,8993.78,29248
2024-11-15,8969.66,9044.03,8889.26,8919.41,33761
2024-11-18,8934.49,9004.78,8899.31,8919.41,27092
2024-11-19,8949.56,8971.52,8748.57,8833.59,33266
2024-11-20,8839.02,8894.14,8780.23,8848.11,21345
2024-11-21,8843.39,8869.11,8783.74,8849.72,18262
2024-11-22,8829.72,8862.98,8662.24,8662.24,33436
2024-11-25,8678.22,8783.74,8606.22,8615.76,33186
2024-11-26,8615.76,8717.82,8567.07,8668.17,25745
2024-11-27,8668.17,8734.25,8648.07,8718.67,25934
2024-11-28,8733.5,8748.52,8633.0,8713.4,23952
2024-11-29,8708.37,8899.31,8689.33,8752.29,36088
2024-12-02,8753.59,8773.64,8698.82,8748.57,26820
2024-12-03,8743.54,8768.17,8703.75,8757.31,24807
2024-12-04,8723.8,8741.84,8673.2,8723.45,23924
2024-12-05,8677.52,8712.69,8673.2,8678.22,16141
2024-12-06,8688.27,8818.41,8663.5,8728.52,32040
2024-12-09,8733.6,8772.29,8689.28,8717.42,19800
2024-12-10,8974.69,9023.58,8849.97,8857.05,60312
2024-12-11,8823.94,8899.31,8778.62,8801.83,29671
2024-12-12,8783.84,8954.59,8768.67,8953.58,41937
2024-12-13,8874.24,8899.26,8717.82,8718.42,49512
2024-12-16,8728.47,8768.67,8676.77,8759.62,32537
2024-12-17,8753.54,8969.66,8728.52,8914.39,54172
2024-12-18,8914.24,9009.86,8859.62,8982.22,41162
2024-12-19,8950.26,8964.28,8875.85,8879.26,24809
2024-12-20,8899.37,8952.99,8843.55,8853.5,28158
2024-12-23,8858.52,8933.89,8828.37,8875.86,21603
2024-12-24,8868.57,8964.04,8851.44,8938.01,22105
2024-12-25,8937.91,8937.91,8874.1,8893.7,17123
2024-12-26,8913.79,8937.81,8858.52,8882.59,18287
2024-12-27,8888.17,8923.84,8840.94,8888.52,20759
2024-12-30,8913.64,8963.84,8868.57,8868.57,25130
2024-12-31,8870.58,8969.07,8853.55,8863.55,39354
2025-01-02,8863.55,8866.01,8642.46,8682.65,50029
2025-01-03,8715.32,8717.78,8577.18,8617.33,32628
2025-01-06,8506.79,8555.33,8405.29,8441.46,44255
2025-01-07,8464.88,8501.21,8436.44,8442.47,24221
2025-01-08,8441.46,8500.86,8374.43,8454.03,35258
2025-01-09,8486.64,8564.97,8406.19,8461.56,29706
2025-01-10,8477.14,8501.51,8421.37,8421.37,21872
2025-01-13,8366.09,8463.77,8351.07,8461.46,21083
2025-01-14,8466.34,8635.82,8451.51,8604.77,30957
2025-01-15,8577.13,8615.32,8542.01,8598.59,18399
2025-01-16,8612.31,8655.82,8451.51,8473.52,26342
2025-01-17,8473.57,8546.99,8473.52,8515.58,18309
2025-01-20,8546.99,8691.65,8541.96,8616.33,31410
2025-01-21,8647.48,8652.51,8567.08,8582.91,16856
2025-01-22,8558.39,8581.91,8431.41,8446.49,28294
2025-01-23,8491.56,8582.16,8431.41,8456.54,27125
2025-01-24,8451.51,8480.61,8392.77,8421.37,31360
2025-01-27,8426.39,8461.41,8376.24,8416.29,29356
2025-02-05,8441.46,8456.54,8251.58,8259.57,40757
2025-02-06,8240.52,8350.97,8240.52,8304.99,27356
2025-02-07,8309.21,8454.93,8257.61,8421.37,37242
2025-02-10,8431.41,8441.46,8376.59,8398.8,20840
2025-02-11,8416.09,8421.16,8320.37,8330.92,23573
2025-02-12,8330.92,8466.59,8325.29,8456.54,25476
2025-02-13,8456.64,8618.59,8413.88,8567.39,43385
2025-02-14,8567.39,8627.38,8533.02,8617.33,27100
2025-02-17,8647.48,8717.73,8577.64,8600.35,32471
2025-02-18,8592.21,8707.73,8552.41,8617.33,27800
2025-02-19,8617.58,8715.01,8566.58,8697.73,32393
2025-02-20,8657.53,8702.6,8609.24,8612.31,23750
2025-02-21,8642.46,8726.52,8607.33,8683.71,36418
2025-02-24,8682.65,8740.54,8612.31,8637.78,34744
2025-02-25,8592.26,8609.24,8501.76,8511.81,28387
2025-02-26,8519.1,8566.88,8466.59,8542.01,26366
2025-02-27,8542.06,8692.2,8511.81,8670.39,49762
2025-02-28,8670.09,8885.56,8652.51,8746.92,56129
2025-03-03,8756.02,8848.42,8649.99,8677.73,31596
2025-03-04,8667.58,8672.6,8568.14,8592.76,25211
2025-03-05,8602.26,8612.31,8542.46,8573.97,24605
2025-03-06,8612.31,8794.2,8602.66,8773.0,42168
2025-03-07,8758.03,8885.46,8758.03,8848.47,37991
2025-03-10,8842.49,8878.02,8773.8,8858.02,31369
2025-03-11,8828.37,8987.56,8803.25,8987.56,39776
2025-03-12,8978.92,8992.58,8875.36,8956.91,29604
2025-03-13,8964.04,9021.83,8898.12,8932.74,25724
2025-03-14,8982.43,9386.18,8948.97,9386.18,92913
2025-03-17,9531.84,9536.82,9380.5,9435.67,54689
2025-03-18,9471.75,9506.72,9354.47,9366.03,31613
2025-03-19,9367.48,9486.62,9361.0,9424.87,27390
2025-03-20,9424.87,9434.36,9220.66,9265.53,36737
2025-03-21,9240.41,9306.73,9088.81,9113.53,33614
2025-03-24,9094.69,9193.47,9056.4,9160.01,25566
2025-03-25,9185.13,9209.25,9077.9,9122.32,17674
2025-03-26,9108.61,9157.9,9099.71,9124.84,14324
2025-03-27,9124.84,9236.64,9111.67,9190.16,17956
2025-03-28,9199.86,9210.26,9124.84,9171.11,16228
2025-03-31,9149.86,9179.91,9044.74,9049.46,21085
2025-04-01,9064.54,9094.13,9005.3,9024.44,18556
2025-04-02,9034.39,9083.63,8971.58,8989.27,21674
2025-04-03,8893.7,9175.08,8888.72,9089.06,35481
2025-04-07,8843.5,8928.12,8552.01,8742.95,101953
2025-04-08,8808.27,8969.07,8717.83,8969.07,73876
2025-04-09,8868.67,9028.36,8846.21,8949.17,55630
2025-04-10,8999.17,9019.32,8883.65,8989.17,38620
2025-04-11,9144.78,9144.78,8969.07,9089.56,32634
2025-04-14,9049.31,9074.59,9001.88,9004.19,21711
2025-04-15,9004.24,9069.56,8969.07,9034.39,21489
2025-04-16,9004.24,9124.84,8928.87,9040.27,31156
2025-04-17,9014.29,9127.35,8994.14,9094.69,23846
2025-04-18,9074.59,9119.81,9024.34,9074.29,20298
2025-04-21,9072.08,9072.08,8999.22,8999.22,18057
2025-04-22,8994.19,9025.85,8960.07,8988.16,18432
2025-04-23,9039.41,9040.52,8969.07,9004.24,18669
2025-04-24,9004.24,9047.86,8989.07,9005.5,14872
2025-04-25,9029.87,9050.47,8994.19,8994.19,14765
2025-04-28,9004.24,9019.32,8977.11,8994.19,14660
2025-04-29,8994.19,9006.95,8903.85,8964.04,18922
2025-04-30,8994.14,9077.9,8975.6,8979.12,25754
2025-05-06,9039.41,9039.41,8965.7,8995.2,18300
2025-05-07,9094.69,9094.69,8995.2,9019.32,27462
2025-05-08,9009.27,9209.15,8993.34,9135.84,33481
2025-05-09,9139.86,9232.62,9120.06,9201.11,23672
2025-05-12,9235.38,9340.55,9228.4,9268.04,24735
2025-05-13,9290.25,9290.25,9170.61,9196.69,21258
2025-05-14,9195.18,9471.55,9186.04,9421.25,39460
2025-05-15,9420.29,9464.46,9366.68,9406.27,24733
2025-05-16,9416.22,9431.3,9316.43,9316.43,22935
2025-05-19,9225.33,9245.43,9114.18,9139.81,38063
2025-05-20,9144.94,9219.3,9120.31,9175.08,19522
2025-05-21,9170.06,9225.03,9149.81,9149.81,19795
2025-05-22,9149.91,9170.01,9095.19,9144.94,15090
2025-05-23,9120.82,9184.63,9103.03,9107.75,21537
2025-05-26,9094.69,9117.95,8969.07,8996.7,27087
2025-05-27,8999.22,9037.4,8961.58,8963.54,17752
2025-05-28,8963.99,8976.4,8908.77,8928.87,16266
2025-05-29,8943.94,9019.32,8903.75,8943.94,21860
2025-05-30,8944.7,8969.07,8819.53,8853.5,31239
2025-06-03,8783.2,8838.42,8768.18,8788.18,28979
2025-06-04,8795.71,8858.52,8789.28,8793.0,23008
2025-06-05,8813.3,8823.35,8754.01,8813.3,23214
2025-06-06,8812.29,8838.27,8758.03,8775.06,25023
2025-06-09,8768.18,8786.67,8671.0,8673.16,44959
2025-06-10,8672.6,8702.75,8616.33,8617.38,30492
2025-06-11,8626.38,8712.8,8622.86,8642.46,30893
2025-06-12,8642.46,8661.9,8512.31,8536.94,49904
2025-06-13,8463.62,8491.56,8366.39,8375.89,59113
2025-06-16,8246.5,8366.29,8246.4,8352.48,42888
2025-06-17,8340.97,8376.14,8301.67,8376.14,27232
2025-06-18,8441.46,8458.75,8346.04,8366.09,30761
2025-06-19,8371.12,8409.66,8326.8,8371.12,24501
2025-06-20,8358.96,8447.19,8341.97,8384.48,34816
2025-06-23,8340.97,8406.29,8266.5,8340.97,26723
2025-06-24,8357.8,8500.15,8357.8,8427.4,36312
2025-06-25,8436.99,8487.69,8343.53,8420.66,41050
2025-06-26,8454.53,8519.85,8429.81,8479.65,34860
2025-06-27,8479.7,8494.73,8394.68,8394.68,38250
2025-06-30,8396.74,8445.64,8389.21,8426.99,30457
2025-07-01,8424.38,8439.15,8395.79,8404.78,19878
2025-07-02,8426.89,8453.52,8379.16,8427.4,26218
2025-07-03,8439.45,8493.17,8419.36,8457.54,24413
2025-07-04,8458.05,8539.4,8429.46,8490.81,28767
2025-07-07,8491.11,8497.24,8429.46,8432.92,23855
2025-07-08,8432.97,8479.65,8432.92,8460.11,18674
2025-07-09,8454.53,8529.75,8450.36,8474.03,27745
2025-07-10,8474.48,8560.95,8431.41,8512.31,38725
2025-07-11,8495.53,8670.6,8495.53,8514.83,57243
2025-07-14,8529.9,8554.92,8487.69,8497.74,27781
2025-07-15,8484.58,8494.38,8420.96,8434.43,35406
2025-07-16,8429.46,8467.04,8429.15,8434.58,21286
2025-07-17,8449.4,8494.78,8443.88,8461.31,23106
2025-07-18,8479.65,8569.14,8461.46,8565.07,41823
2025-07-21,8565.02,8614.32,8555.02,8595.22,26203
2025-07-22,8600.25,8713.81,8583.57,8705.67,42119
2025-07-23,8725.87,8856.51,8725.62,8758.53,45045
2025-07-24,8761.04,8876.61,8756.02,8838.93,38804
2025-07-25,8838.42,8838.42,8645.47,8655.52,41911
2025-07-28,8645.47,8655.47,8561.56,8573.42,38586
2025-07-29,8578.14,8624.32,8555.08,8575.12,26304
2025-07-30,8600.25,8666.37,8565.07,8627.58,31868
2025-07-31,8595.22,8604.62,8469.6,8488.04,51798
2025-08-01,8489.05,8509.6,8449.5,8464.58,29636
2025-08-04,8454.53,8478.65,8449.5,8474.63,18688
2025-08-05,8484.68,8529.6,8465.13,8518.54,25342
2025-08-06,8524.88,8524.88,8476.14,8499.15,23699
2025-08-07,8499.15,8518.34,8479.95,8491.46,28001
2025-08-08,8494.98,8512.31,8469.6,8484.53,18655
2025-08-11,8497.24,8640.4,8494.73,8605.27,47159
2025-08-12,8625.37,8706.12,8560.05,8565.28,42019
2025-08-13,8504.78,8548.39,8479.65,8479.9,65528
2025-08-14,8484.38,8617.88,8484.38,8514.78,48129
2025-08-15,8509.85,8523.17,8480.76,8490.1,47582
2025-08-18,8514.78,8563.27,8495.23,8522.36,47378
2025-08-19,8547.49,8613.61,8539.95,8570.1,46372
2025-08-20,8570.1,8644.47,8530.0,8630.4,45805
2025-08-21,8647.73,8655.47,8598.49,8621.6,30891
2025-08-22,8624.77,8700.74,8604.12,8700.49,44971
2025-08-25,8730.94,8861.54,8710.79,8833.05,65325
2025-08-26,8833.0,8852.64,8781.19,8789.23,39602
2025-08-27,8790.59,8805.91,8620.35,8620.35,56006
2025-08-28,8620.2,8661.05,8573.97,8610.8,39282
2025-08-29,8645.47,8794.1,8640.45,8781.14,62256
2025-09-01,8792.19,8821.34,8709.29,8761.54,45123
2025-09-02,8774.41,8926.86,8771.09,8837.92,56688
2025-09-03,8836.41,8899.22,8710.79,8783.9,45045
2025-09-04,8740.94,8777.62,8683.01,8744.26,47747
2025-09-05,8735.92,8816.16,8700.74,8796.21,37388
2025-09-08,8796.21,8914.0,8768.58,8887.82,51383
2025-09-09,8906.76,8931.63,8848.57,8906.76,35743
2025-09-10,8915.1,9032.13,8861.54,8992.23,49663
2025-09-11,8992.23,9012.38,8924.35,8999.72,37239
2025-09-12,9012.28,9072.68,8934.55,8962.03,33722
2025-09-15,8961.38,8969.47,8889.17,8957.51,25827
2025-09-16,8957.51,8987.11,8862.59,8881.54,32718
2025-09-17,8881.59,8933.29,8831.44,8846.46,30331
2025-09-18,8841.44,8870.58,8698.23,8720.64,49721
2025-09-19,8720.79,8758.53,8665.62,8720.69,32637
2025-09-22,8706.22,8720.69,8630.45,8647.23,34947
2025-09-23,8632.91,8668.08,8580.15,8617.43,38663
2025-09-24,8550.35,8664.46,8550.35,8590.2,30744
2025-09-25,8594.37,8606.33,8560.05,8575.12,33870
2025-09-26,8586.08,8615.88,8519.9,8555.02,45121
2025-09-29,8577.03,8730.84,8555.02,8684.97,53684
2025-09-30,8680.64,8684.46,8580.15,8600.2,39364
2025-10-09,8560.05,8577.03,8479.65,8563.97,54918
2025-10-10,8568.09,8579.85,8517.34,8529.9,36001
2025-10-13,8458.05,8493.97,8455.13,8475.63,46069
2025-10-14,8529.85,8700.74,8529.85,8635.52,66672
2025-10-15,8635.32,8695.72,8605.67,8690.69,42785
2025-10-16,8690.29,8806.01,8675.02,8805.81,45730
2025-10-17,8796.72,8821.34,8650.65,8655.52,38086
2025-10-20,8655.52,8728.38,8654.92,8670.24,25950
2025-10-21,8675.62,8730.59,8658.03,8692.0,25443
2025-10-22,8691.1,8709.44,8660.55,8674.11,18195
2025-10-23,8655.52,8724.86,8616.33,8720.74,29322
2025-10-24,8720.59,8775.51,8627.08,8630.4,38226
2025-10-27,8580.15,8642.91,8560.0,8582.21,37102
2025-10-28,8590.2,8636.43,8585.68,8605.27,27124
2025-10-29,8580.25,8613.06,8530.1,8539.45,33937
2025-10-30,8488.75,8563.22,8488.75,8513.52,47456
2025-10-31,8489.7,8559.95,8480.21,8529.95,35694
2025-11-03,8534.93,8620.35,8480.16,8555.02,34548
2025-11-04,8555.53,8558.94,8498.65,8524.88,26566
2025-11-05,8509.25,8534.88,8479.7,8480.05,34475
2025-11-06,8529.9,8587.43,8529.85,8555.68,38348
2025-11-07,8555.58,8579.04,8535.48,8546.63,18861
2025-11-10,8555.02,8699.19,8554.92,8692.2,49452
2025-11-11,8690.69,8691.6,8615.32,8675.57,26692
2025-11-12,8680.54,8772.9,8676.68,8706.52,32992
2025-11-13,8691.3,8748.88,8670.6,8732.8,31179
2025-11-14,8730.89,8775.86,8662.05,8663.56,27473
2025-11-17,8650.5,8745.97,8609.24,8735.92,34462
2025-11-18,8734.41,8811.64,8725.87,8761.04,34205
2025-11-19,8750.99,8778.78,8730.69,8735.97,22045
2025-11-20,8740.94,8780.64,8705.92,8716.37,24002
2025-11-21,8733.4,8781.14,8660.55,8713.81,42607
2025-11-24,8715.82,8735.92,8636.07,8640.45,33607
2025-11-25,8670.6,8670.6,8602.76,8603.51,28441
2025-11-26,8624.77,8647.93,8598.14,8626.13,20306
2025-11-27,8627.88,8630.4,8575.32,8616.83,22287
2025-11-28,8612.81,8658.03,8595.22,8632.91,23211
2025-12-01,8635.42,8692.05,8590.2,8620.35,27333
2025-12-02,8620.35,8640.04,8555.13,8560.2,25047
2025-12-03,8559.09,8559.9,8519.85,8525.38,23573
2025-12-04,8525.38,8542.46,8471.51,8499.65,29075
2025-12-05,8499.65,8545.43,8477.14,8529.95,25402
2025-12-08,8525.88,8563.42,8469.6,8470.71,33603
2025-12-09,8470.76,8484.68,8379.41,8384.23,42634
2025-12-10,8379.16,8393.23,8294.64,8393.23,33133
2025-12-11,8412.62,8439.4,8386.95,8439.4,22385
2025-12-12,8469.6,8504.78,8447.34,8482.92,37159
2025-12-15,8578.09,8580.1,8507.64,8509.8,33359
2025-12-16,8510.81,8523.77,8454.53,8489.7,23964
2025-12-17,8504.78,8579.85,8468.0,8545.48,31382
2025-12-18,8547.49,8574.52,8510.35,8534.93,17830
2025-12-19,8549.78,8562.09,8504.61,8549.78,26509
2025-12-22,8549.78,8570.59,8532.6,8541.04,20426
2025-12-23,8541.04,8564.51,8485.42,8539.03,24507
2025-12-24,8524.61,8531.49,8499.54,8504.06,25187
2025-12-25,8524.66,8597.42,8506.47,8570.74,23386
2025-12-26,8570.74,8595.71,8549.78,8570.54,17803
2025-12-29,8570.54,8570.54,8504.56,8509.59,26308
2025-12-30,8504.56,8509.08,8429.19,8447.88,33792
2025-12-31,8449.29,8469.39,8384.82,8384.87,34766
